card_id,attack_name,description,damage
base1-1,Confuse Ray,"Flip a coin. If heads, the Defending Pokémon is now Confused.",30
base1-2,Hydro Pump,Does 40 damage plus 10 more damage for each Water Energy attached to Blastoise but not used to pay for this attack's Energy cost. Extra Water Energy after the 2nd doesn't count.,40+
base1-3,Scrunch,"Flip a coin. If heads, prevent all damage done to Chansey during your opponent's next turn. (Any other effects of attacks still happen.)",
base1-3,Double-edge,Chansey does 80 damage to itself.,80
base1-4,Fire Spin,Discard 2 Energy cards attached to Charizard in order to use this attack.,100
base1-5,Sing,"Flip a coin. If heads, the Defending Pokémon is now Asleep.",
base1-5,Metronome,"Choose 1 of the Defending Pokémon's attacks. Metronome copies that attack except for its Energy costs and anything else required in order to use that attack, such as discarding Energy cards. (No matter what type the Defending Pokémon is, Clefairy's type is still Colorless.)",
base1-6,Dragon Rage,,50
base1-6,Bubblebeam,"Flip a coin. If heads, the Defending Pokémon is now Paralyzed.",40
base1-7,Jab,,20
base1-7,Special Punch,,40
base1-8,Seismic Toss,,60
base1-9,Thunder Wave,"Flip a coin. If heads, the Defending Pokémon is now Paralyzed.",30
base1-9,Selfdestruct,Does 20 damage to each Pokémon on each player's Bench. (Don't apply Weakness and Resistance for Benched Pokémon.) Magneton does 80 damage to itself.,80
base1-10,Psychic,Does 10 damage plus 10 more damage for each Energy card attached to the Defending Pokémon.,10+
base1-10,Barrier,"Discard 1 Psychic Energy card attached to Mewtwo in order to prevent all effects of attacks, including damage, done to Mewtwo during your opponent's next turn.",
base1-11,Thrash,"Flip a coin. If heads, this attack does 30 damage plus 10 more damage; if tails, this attack does 30 damage and Nidoking does 10 damage to itself.",30+
base1-11,Toxic,The Defending Pokémon is now Poisoned. It now takes 20 Poison damage instead of 10 after each player's turn (even if it was already Poisoned).,20
base1-12,Lure,"If your opponent has any Benched Pokémon, choose 1 of them and switch it with his or her Active Pokémon.",
base1-12,Fire Blast,Discard 1 Fire Energy card attached to Ninetales in order to use this attack.,80
base1-13,Water Gun,Does 30 damage plus 10 more damage for each Water Energy attached to Poliwrath but not used to pay for this attack's Energy cost. Extra Water Energy after the 2nd doesn't count.,30+
base1-13,Whirlpool,"If the Defending Pokémon has any Energy cards attached to it, choose 1 of them and discard it.",40
base1-14,Agility,"Flip a coin. If heads, during your opponent's next turn, prevent all effects of attacks, including damage, done to Raichu.",20
base1-14,Thunder,"Flip a coin. If tails, Raichu does 30 damage to itself.",60
base1-15,Solarbeam,,60
base1-16,Thunder,"Flip a coin. If tails, Zapdos does 30 damage to itself.",60
base1-16,Thunderbolt,Discard all Energy cards attached to Zapdos in order to use this attack.,100
base1-17,Twineedle,Flip 2 coins. This attack does 30 damage times the number of heads.,30×
base1-17,Poison Sting,"Flip a coin. If heads, the Defending Pokémon is now Poisoned.",40
base1-18,Slam,Flip 2 coins. This attack does 30 damage times the number of heads.,30×
base1-18,Hyper Beam,"If the Defending Pokémon has any Energy cards attached to it, choose 1 of them and discard it.",20
base1-19,Slash,,40
base1-19,Earthquake,Does 10 damage to each of your own Benched Pokémon. (Don't apply Weakness and Resistance for Benched Pokémon.),70
base1-20,Thundershock,"Flip a coin. If heads, the Defending Pokémon is now Paralyzed.",10
base1-20,Thunderpunch,"Flip a coin. If heads, this attack does 30 damage plus 10 more damage; if tails, this attack does 30 damage plus Electabuzz does 10 damage to itself.",30+
base1-21,Electric Shock,"Flip a coin. If tails, Electrode does 10 damage to itself.",50
base1-22,Whirlwind,"If your opponent has any Benched Pokémon, he or she chooses 1 of them and switches it with the Defending Pokémon. (Do the damage before switching the Pokémon.)",20
base1-22,Mirror Move,"If Pidgeotto was attacked last turn, do the final result of that attack on Pidgeotto to the Defending Pokémon.",
base1-23,Flamethrower,Discard 1 Fire Energy card attached to Arcanine in order to use this attack.,50
base1-23,Take Down,Arcanine does 30 damage to itself.,80
base1-24,Slash,,30
base1-24,Flamethrower,Discard 1 Fire Energy card attached to Charmeleon in order to use this attack.,50
base1-25,Aurora Beam,,50
base1-25,Ice Beam,"Flip a coin. If heads, the Defending Pokémon is now Paralyzed.",30
base1-26,Pound,,10
base1-27,Leek Slap,"Flip a coin. If tails, this attack does nothing. Either way, you can't use this attack again as long as Farfetch'd stays in play (even putting Farfetch'd on the Bench won't let you use it again).",30
base1-27,Pot Smash,,30
base1-28,Flare,,20
base1-29,Hypnosis,The Defending Pokémon is now Asleep.,
base1-29,Dream Eater,You can't use this attack unless the Defending Pokémon is Asleep.,50
base1-30,Vine Whip,,30
base1-30,Poisonpowder,The Defending Pokémon is now Poisoned.,20
base1-31,Doubleslap,Flip 2 coins. This attack does 10 damage times the number of heads.,10×
base1-31,Meditate,Does 20 damage plus 10 more damage for each damage counter on the Defending Pokémon.,20+
base1-32,Recover,Discard 1 Psychic Energy card attached to Kadabra in order to use this attack. Remove all damage counters from Kadabra.,
base1-32,Super Psy,,50
base1-33,Stiffen,"Flip a coin. If heads, prevent all damage done to Kakuna during your opponent's next turn. (Any other effects of attacks still happen.)",
base1-33,Poisonpowder,"Flip a coin. If heads, the Defending Pokémon is now Poisoned.",20
base1-34,Karate Chop,Does 50 damage minus 10 damage for each damage counter on Machoke.,50-
base1-34,Submission,Machoke does 20 damage to itself.,60
base1-35,Tackle,,10
base1-35,Flail,Does 10 damage times the number of damage counters on Magikarp.,10×
base1-36,Fire Punch,,30
base1-36,Flamethrower,Discard 1 Fire Energy card attached to Magmar in order to use this attack.,50
base1-37,Double Kick,Flip 2 coins. This attack does 30 damage times the number of heads.,30×
base1-37,Horn Drill,,50
base1-38,Amnesia,Choose 1 of the Defending Pokémon's attacks. That Pokémon can't use that attack during your opponent's next turn.,
base1-38,Doubleslap,Flip 2 coins. This attack does 30 damage times the number of heads.,30×
base1-39,Conversion 1,"If the Defending Pokémon has a Weakness, you may change it to a type of your choice other than Colorless.",
base1-39,Conversion 2,Change Porygon's Resistance to a type of your choice other than Colorless.,
base1-40,Bite,,20
base1-40,Super Fang,Does damage to the Defending Pokémon equal to half the Defending Pokémon's remaining HP (rounded up to the nearest 10).,
base1-41,Headbutt,,10
base1-42,Withdraw,"Flip a coin. If heads, prevent all damage done to Wartortle during your opponent's next turn. (Any other effects of attacks still happen.)",
base1-42,Bite,,40
base1-43,Psyshock,"Flip a coin. If heads, the Defending Pokémon is now Paralyzed.",10
base1-44,Leech Seed,"Unless all damage from this attack is prevented, you may remove 1 damage counter from Bulbasaur.",20
base1-45,String Shot,"Flip a coin. If heads, the Defending Pokémon is now Paralyzed.",10
base1-46,Scratch,,10
base1-46,Ember,Discard 1 Fire Energy card attached to Charmander in order to use this attack.,30
base1-47,Dig,,10
base1-47,Mud Slap,,30
base1-48,Fury Attack,Flip 2 coins. This attack does 10 damage times the number of heads.,10×
base1-49,Pound,,10
base1-49,Confuse Ray,"Flip a coin. If heads, the Defending Pokémon is now Confused.",10
base1-50,Sleeping Gas,"Flip a coin. If heads, the Defending Pokémon is now Asleep.",
base1-50,Destiny Bond,"Discard 1 Psychic Energy card attached to Gastly in order to use this attack. If a Pokémon Knocks Out Gastly during your opponent's next turn, Knock Out that Pokémon.",
base1-51,Foul Gas,"Flip a coin. If heads, the Defending Pokémon is now Poisoned; if tails, it is now Confused.",10
base1-52,Low Kick,,20
base1-53,Thunder Wave,"Flip a coin. If heads, the Defending Pokémon is now Paralyzed.",10
base1-53,Selfdestruct,Does 10 damage to each Pokémon on each player's Bench. (Don't apply Weakness and Resistance for Benched Pokémon.) Magnemite does 40 damage to itself.,40
base1-54,Stiffen,"Flip a coin. If heads, prevent all damage done to Metapod during your opponent's next turn. (Any other effects of attacks still happen.)",
base1-54,Stun Spore,"Flip a coin. If heads, the Defending Pokémon is now Paralyzed.",20
base1-55,Horn Hazard,"Flip a coin. If tails, this attack does nothing.",30
base1-56,Rock Throw,,10
base1-56,Harden,"During your opponent's next turn, whenever 30 or less damage is done to Onix (after applying Weakness and Resistance), prevent that damage. (Any other effects of attacks still happen.)",
base1-57,Whirlwind,"If your opponent has any Benched Pokémon, he or she chooses 1 of them and switches it with the Defending Pokémon. (Do the damage before switching the Pokémon.)",10
base1-58,Gnaw,,10
base1-58,Thunder Jolt,"Flip a coin. If tails, Pikachu does 10 damage to itself.",30
base1-59,Water Gun,Does 10 damage plus 10 more damage for each Water Energy attached to Poliwag but not used to pay for this attack's Energy cost. Extra Water Energy after the 2nd don't count.,10+
base1-60,Smash Kick,,20
base1-60,Flame Tail,,30
base1-61,Bite,,20
base1-62,Sand-attack,"If the Defending Pokémon tries to attack during your opponent's next turn, your opponent flips a coin. If tails, that attack does nothing.",10
base1-63,Bubble,"Flip a coin. If heads, the Defending Pokémon is now Paralyzed.",10
base1-63,Withdraw,"Flip a coin. If heads, prevent all damage done to Squirtle during your opponent's next turn. (Any other effects of attacks still happen.)",
base1-64,Recover,Discard 1 Water Energy card attached to Starmie in order to use this attack. Remove all damage counters from Starmie.,
base1-64,Star Freeze,"Flip a coin. If heads, the Defending Pokémon is now Paralyzed.",20
base1-65,Slap,,20
base1-66,Bind,"Flip a coin. If heads, the Defending Pokémon is now Paralyzed.",20
base1-66,Poisonpowder,The Defending Pokémon is now Poisoned.,20
base1-67,Tackle,,10
base1-68,Confuse Ray,"Flip a coin. If heads, the Defending Pokémon is now Confused.",10
base1-69,Poison Sting,"Flip a coin. If heads, the Defending Pokémon is now Poisoned.",10
base2-1,Metronome,"Choose 1 of the Defending Pokémon's attacks. Metronome copies that attack except for its Energy costs and anything else required in order to use that attack, such as discarding Energy cards. (No matter what type the Defending Pokémon is, Clefable's type is still Colorless.)",
base2-1,Minimize,All damage done by attacks to Clefable during your opponent's next turn is reduced by 20 (after applying Weakness and Resistance).,
base2-2,Tackle,,20
base2-2,Chain Lightning,"If the Defending Pokémon isn't Colorless, this attack does 10 damage to each Benched Pokémon of the same type as the Defending Pokémon (including your own).",20
base2-3,Quick Attack,"Flip a coin. If heads, this attack does 10 damage plus 20 more damage; if tails, this attack does 10 damage.",10+
base2-3,Flamethrower,Discard 1 Fire Energy card attached to Flareon in order to use this attack.,60
base2-4,Quick Attack,"Flip a coin. If heads, this attack does 10 damage plus 20 more damage; if tails, this attack does 10 damage.",10+
base2-4,Pin Missile,Flip 4 coins. This attack does 20 damage times the number of heads.,20×
base2-5,Fetch,Draw a card.,
base2-5,Comet Punch,Flip 4 coins. This attack does 20 damage times the number of heads.,20×
base2-6,Meditate,Does 10 damage plus 10 more damage for each damage counter on the Defending Pokémon.,10+
base2-7,Boyfriends,Does 20 damage plus 20 more damage for each Nidoking you have in play.,20+
base2-7,Mega Punch,,50
base2-8,Wing Attack,,20
base2-8,Hurricane,"Unless this attack Knocks Out the Defending Pokémon, return the Defending Pokémon and all cards attached to it to your opponent's hand.",30
base2-9,Irongrip,"Flip a coin. If heads, the Defending Pokémon is now Paralyzed.",20
base2-9,Guillotine,,50
base2-10,Swords Dance,"During your next turn, Scyther's Slash attack's base damage is 60 instead of 30.",
base2-10,Slash,,30
base2-11,Body Slam,"Flip a coin. If heads, the Defending Pokémon is now Paralyzed.",30
base2-12,Quick Attack,"Flip a coin. If heads, this attack does 10 damage plus 20 more damage; if tails, this attack does 10 damage.",10+
base2-12,Water Gun,Does 30 damage plus 10 more damage for each Water Energy attached to Vaporeon but not used to pay for this attack's Energy cost. Extra Water Energy after the 2nd doesn't count.,30+
base2-13,Venom Powder,"Flip a coin. If heads, the Defending Pokémon is now Confused and Poisoned.",10
base2-14,Lure,"If your opponent has any Benched Pokémon, choose 1 of them and switch it with his or her Active Pokémon.",
base2-14,Acid,"Flip a coin. If heads, the Defending Pokémon can't retreat during your next turn.",20
base2-15,Petal Dance,Flip 3 coins. This attack does 40 damage times the number of heads. Vileplume is now Confused (after doing damage).,40×
base2-16,Lullaby,The Defending Pokémon is now Asleep.,
base2-16,Do the Wave,Does 10 damage plus 10 more damage for each of your Benched Pokémon.,10+
base2-17,Metronome,"Choose 1 of the Defending Pokémon's attacks. Metronome copies that attack except for its Energy costs and anything else required in order to use that attack, such as discarding Energy cards. (No matter what type the Defending Pokémon is, Clefable's type is still Colorless.)",
base2-17,Minimize,All damage done by attacks to Clefable during your opponent's next turn is reduced by 20 (after applying Weakness and Resistance).,
base2-18,Tackle,,20
base2-18,Chain Lightning,"If the Defending Pokémon isn't Colorless, this attack does 10 damage to each Benched Pokémon of the same type as the Defending Pokémon (including your own).",20
base2-19,Quick Attack,"Flip a coin. If heads, this attack does 10 damage plus 20 more damage; if tails, this attack does 10 damage.",10+
base2-19,Flamethrower,Discard 1 Fire Energy card attached to Flareon in order to use this attack.,60
base2-20,Quick Attack,"Flip a coin. If heads, this attack does 10 damage plus 20 more damage; if tails, this attack does 10 damage.",10+
base2-20,Pin Missile,Flip 4 coins. This attack does 20 damage times the number of heads.,20×
base2-21,Fetch,Draw a card.,
base2-21,Comet Punch,Flip 4 coins. This attack does 20 damage times the number of heads.,20×
base2-22,Meditate,Does 10 damage plus 10 more damage for each damage counter on the Defending Pokémon.,10+
base2-23,Boyfriends,Does 20 damage plus 20 more damage for each Nidoking you have in play.,20+
base2-23,Mega Punch,,50
base2-24,Wing Attack,,20
base2-24,Hurricane,"Unless this attack Knocks Out the Defending Pokémon, return the Defending Pokémon and all cards attached to it to your opponent's hand.",30
base2-25,Irongrip,"Flip a coin. If heads, the Defending Pokémon is now Paralyzed.",20
base2-25,Guillotine,,50
base2-26,Swords Dance,"During your next turn, Scyther's Slash attack's base damage is 60 instead of 30.",
base2-26,Slash,,30
base2-27,Body Slam,"Flip a coin. If heads, the Defending Pokémon is now Paralyzed.",30
base2-28,Quick Attack,"Flip a coin. If heads, this attack does 10 damage plus 20 more damage; if tails, this attack does 10 damage.",10+
base2-28,Water Gun,Does 30 damage plus 10 more damage for each Water Energy attached to Vaporeon but not used to pay for this attack's Energy cost. Extra Water Energy after the 2nd doesn't count.,30+
base2-29,Venom Powder,"Flip a coin. If heads, the Defending Pokémon is now Confused and Poisoned.",10
base2-30,Lure,"If your opponent has any Benched Pokémon, choose 1 of them and switch it with his or her Active Pokémon.",
base2-30,Acid,"Flip a coin. If heads, the Defending Pokémon can't retreat during your next turn.",20
base2-31,Petal Dance,Flip 3 coins. This attack does 40 damage times the number of heads. Vileplume is now Confused (after doing damage).,40×
base2-32,Lullaby,The Defending Pokémon is now Asleep.,
base2-32,Do the Wave,Does 10 damage plus 10 more damage for each of your Benched Pokémon.,10+
base2-33,Whirlwind,"If your opponent has any Benched Pokémon, he or she chooses 1 of them and switches it with the Defending Pokémon. (Do the damage before switching the Pokémon.)",20
base2-33,Mega Drain,Remove a number of damage counters from Butterfree equal to half the damage done to the Defending Pokémon (after applying Weakness and Resistance) (rounded up to the nearest 10).,40
base2-34,Rage,Does 10 damage plus 10 more damage for each damage counter on Dodrio.,10+
base2-35,Teleport,Switch Exeggutor with 1 of your Benched Pokémon.,
base2-35,Big Eggsplosion,Flip a number of coins equal to the number of Energy attached to Exeggutor. This attack does 20 damage times the number of heads.,20×
base2-36,Agility,"Flip a coin. If heads, during your opponent's next turn, prevent all effects of attacks, including damage, done to Fearow.",20
base2-36,Drill Peck,,40
base2-37,Poisonpowder,The Defending Pokémon is now Poisoned.,
base2-37,Foul Odor,Both the Defending Pokémon and Gloom are now Confused (after doing damage).,20
base2-38,Tongue Wrap,"Flip a coin. If heads, the Defending Pokémon is now Paralyzed.",10
base2-38,Supersonic,"Flip a coin. If heads, the Defending Pokémon is now Confused.",
base2-39,Bonemerang,Flip 2 coins. This attack does 30 damage times the number of heads.,30×
base2-39,Call for Friend,Search your deck for a Fighting Basic Pokémon card and put it onto your Bench. Shuffle your deck afterward. (You can't use this attack if your Bench is full.),
base2-40,Supersonic,"Flip a coin. If heads, the Defending Pokémon is now Confused.",
base2-40,Double Kick,Flip 2 coins. This attack does 30 damage times the number of heads.,30×
base2-41,Spore,The Defending Pokémon is now Asleep.,
base2-41,Slash,,30
base2-42,Scratch,,20
base2-42,Pounce,"If the Defending Pokémon attacks Persian during your next turn, any damage done by the attack is reduced by 10 (after applying Weakness and Resistance). (Benching either Pokémon ends this effect.)",30
base2-43,Fury Swipes,Flip 3 coins. This attack does 20 damage times the number of heads.,20×
base2-43,Tantrum,"Flip a coin. If tails, Primeape is now Confused (after doing damage).",50
base2-44,Stomp,"Flip a coin. If heads, this attack does 20 damage plus 10 more damage; if tails, this attack does 20 damage.",20+
base2-44,Agility,"Flip a coin. If heads, during your opponent's next turn, prevent all effects of attacks, including damage, done to Rapidash.",30
base2-45,Horn Attack,,30
base2-45,Ram,"Rhydon does 20 damage to itself. If your opponent has any Benched Pokémon, he or she chooses 1 of them and switches it with the Defending Pokémon. (Do the damage before switching the Pokémon. Switch the Pokémon even if Rhydon is knocked out.)",50
base2-46,Horn Attack,,10
base2-46,Waterfall,,30
base2-47,Stomp,"Flip a coin. If heads, this attack does 20 damage plus 10 more damage; if tails, this attack does 20 damage.",20+
base2-47,Rampage,"Does 20 damage plus 10 more damage for each damage counter on Tauros. Flip a coin. If tails, Tauros is now Confused (after doing damage).",20+
base2-48,Poisonpowder,"Flip a coin. If heads, the Defending Pokémon is now Poisoned.",10
base2-48,Razor Leaf,,30
base2-49,Vine Whip,,10
base2-49,Call for Family,Search your deck for a Basic Pokémon named Bellsprout and put it onto your Bench. Shuffle your deck afterward. (You can't use this attack if your Bench is full.),
base2-50,Snivel,"If the Defending Pokémon attacks Cubone during your opponent's next turn, any damage done by the attack is reduced by 20 (after applying Weakness and Resistance). (Benching either Pokémon ends this effect.)",
base2-50,Rage,Does 10 damage plus 10 more damage for each damage counter on Cubone.,10+
base2-51,Tail Wag,"Flip a coin. If heads, the Defending Pokémon can't attack Eevee during your opponent's next turn. (Benching either Pokémon ends this effect.)",
base2-51,Quick Attack,"Flip a coin. If heads, this attack does 10 damage plus 20 more damage; if tails, this attack does 10 damage.",10+
base2-52,Hypnosis,The Defending Pokémon is now Asleep.,
base2-52,Leech Seed,"Unless all damage from this attack is prevented, you may remove 1 damage counter from Exeggcute.",20
base2-53,Horn Attack,,10
base2-54,Lullaby,The Defending Pokémon is now Asleep.,
base2-54,Pound,,20
base2-55,Scratch,,10
base2-56,Pay Day,"Flip a coin. If heads, draw a card.",10
base2-57,Fury Swipes,Flip 3 coins. This attack does 10 damage times the number of heads.,10×
base2-57,Call for Family,Search your deck for a Basic Pokémon named Nidoran ♂ or Nidoran ♀ and put it onto your Bench. Shuffle your deck afterward. (You can't use this attack if your Bench is full.),
base2-58,Stun Spore,"Flip a coin. If heads, the Defending Pokémon is now Paralyzed.",10
base2-58,Sprout,Search your deck for a Basic Pokémon named Oddish and put it onto your Bench. Shuffle your deck afterward. (You can't use this attack if your Bench is full.),
base2-59,Scratch,,20
base2-59,Spore,The Defending Pokémon is now Asleep.,
base2-60,Spark,"If your opponent has any Benched Pokémon, choose 1 of them and this attack does 10 damage to it. (Don't apply Weakness and Resistance for Benched Pokémon.)",20
base2-61,Leer,"Flip a coin. If heads, the Defending Pokémon can't attack Rhyhorn during your opponent's next turn. (Benching either Pokémon ends this effect.)",
base2-61,Horn Attack,,30
base2-62,Peck,,10
base2-62,Mirror Move,"If Spearow was attacked last turn, do the final result of that attack on Spearow to the Defending Pokémon.",
base2-63,Stun Spore,"Flip a coin. If heads, the Defending Pokémon is now Paralyzed.",10
base2-63,Leech Life,Remove a number of damage counters from Venonat equal to the damage done to the Defending Pokémon (after applying Weakness and Resistance).,10
basep-1,Growl,"If the Defending Pokémon attacks Pikachu during your opponent's next turn, any damage done by the attack is reduced by 10 (after applying Weakness and Resistance). (Benching either Pokémon ends this effect.)",
basep-1,Thundershock,"Flip a coin. If heads, the Defending Pokémon is now Paralyzed.",20
basep-2,Light Screen,"Whenever an attack does damage to Electabuzz (after applying Weakness and Resistance) during your opponent's next turn, that attack only does half the damage to Electabuzz (rounded down to the nearest 10). (Any other effects of attacks still happen.)",
basep-2,Quick Attack,"Flip a coin. If heads, this attack does 10 damage plus 20 more damage; if tails, this attack does 10 damage.",10+
basep-3,Energy Absorption,Choose up to 2 Energy cards from your discard pile and attach them to Mewtwo.,
basep-3,Psyburn,,40
basep-4,Recharge,Search your deck for a Lightning Energy card and attach it to Pikachu. Shuffle your deck afterward.,
basep-4,Thunderbolt,Discard all Energy cards attached to Pikachu in order to use this attack.,50
basep-5,Supersonic Flight,"Flip a coin. If tails, this attack does nothing.",60
basep-6,Quick Attack,"Flip a coin. If heads, this attack does 10 damage plus 20 more damage; if tails, this attack does 10 damage.",10+
basep-6,Flames of Rage,Discard 2 Fire Energy cards attached to Arcanine in order to use this attack. This attack does 40 damage plus 10 more damage for each damage counter on Arcanine.,40+
basep-7,First Aid,Remove 1 damage counter from Jigglypuff.,
basep-7,Double-edge,Jigglypuff does 20 damage to itself.,40
basep-8,Psywave,Does 10 damage times the number of Energy cards attached to the Defending Pokémon.,10×
basep-8,Devolution Beam,"Choose an evolved Pokémon (your own or your opponent's). Return the highest Stage Evolution card on that Pokémon to its player's hand. That Pokémon is no longer Asleep, Confused, Paralyzed, or Poisoned, or anything else that might be the result of an attack (just as if you had evolved it).",
basep-9,Psywave,Does 10 damage times the number of Energy cards attached to the Defending Pokémon.,10×
basep-9,Devolution Beam,"Choose an evolved Pokémon (your own or your opponent's). Return the highest Stage Evolution card on that Pokémon to its player's hand. That Pokémon is no longer Asleep, Confused, Paralyzed, or Poisoned, or anything else that might be the result of an attack (just as if you had evolved it).",
basep-10,Cat Punch,"Flip a coin. If heads, this attack does 20 damage. If tails and if your opponent has any Benched Pokémon, he or she chooses 1 of them and this attack does 20 damage to it. (Don't apply Weakness and Resistance for Benched Pokémon.)",
basep-11,Bite,,20
basep-12,Energy Control,"Flip a coin. If heads, choose a basic Energy card attached to 1 of your opponent's Pokémon and attach it to another of your opponent's Pokémon of your choice.",
basep-12,Telekinesis,Choose 1 of your opponent's Pokémon. This attack does 30 damage to that Pokémon. Don't apply Weakness and Resistance for this attack. (Any other effects that would happen after applying Weakness and Resistance still happen.),
basep-13,Mega Drain,"Remove a number of damage counters from Venusaur equal to half the damage done to the Defending Pokémon (after applying Weakness and Resistance) (rounded up to the nearest 10). If Venusaur has fewer damage counters than that, remove all of them.",40
basep-14,Energy Absorption,Choose up to 2 Energy cards from your discard pile and attach them to Mewtwo.,
basep-14,Psyburn,,40
basep-15,Texture Magic,"You may change Cool Porygon's Resistance to a type of your choice other than Colorless. If the Defending Pokémon has a Weakness, you may change it to a type of your choice other than Colorless. (Benching either Pokémon ends the effect on that Pokémon.)",
basep-15,3-D Attack,Flip 3 coins. This attack does 20 damage times the number of heads.,20×
basep-17,Tempt,"If your opponent has any Benched Pokémon, flip a coin. If heads, choose 1 of your opponent's Benched Pokémon and switch it with the Defending Pokémon.",
basep-17,Poison Claws,"Flip a coin. if heads, the Defending Pokémon is now Poisoned.",10
basep-18,Miraculous Comeback,Flip a number of coins equal to the number of Pokémon in play. This attack does 10 damage times the number of heads. Then Team Rocket's Meowth does 10 damage times the number of tails to itself.,
basep-20,Headache,Your opponent can't play Trainer cards during his or her next turn.,
basep-20,Fury Swipes,Flip 3 coins. This attack does 10 damage times the number of heads.,10×
basep-21,Hyper Flame,"Flip a coin. If heads, discard 1 Fire Energy card attached to Moltres. If tails, discard all Energy cards attached to Moltres. If you can't discard Energy cards, this attack does nothing.",60
basep-22,Diamond Dust,"Flip a coin. If heads, the Defending Pokémon is now Paralyzed and this attack does 10 damage to each of your opponent's Benched Pokémon. (Don't apply Weakness and Resistance for Benched Pokémon.)",20
basep-23,Lightning Burn,"Flip a coin. If heads, and if your opponent has any Benched Pokémon, choose 1 of them. This attack does 30 damage to that Pokémon. (Don't apply Weakness and Resistance for Benched Pokémon.) If tails, Zapdos does 30 damage to itself.",30
basep-24,Birthday Surprise,"If it's not your birthday, this attack does 30 damage. If it is your birthday, flip a coin. If heads, this attack does 30 damage plus 50 more damage; if tails, this attack does 30 damage.",30+
basep-25,Thundershock,"Flip a coin. If heads, the Defending Pokémon is now Paralyzed.",10
basep-25,Fly,"Flip a coin. If heads, during your opponent's next turn, prevent all effects of attacks, including damage, done to Flying Pikachu; if tails, this attack does nothing (not even damage).",30
basep-26,Scratch,,10
basep-26,Thunderbolt,Discard all Energy cards attached to Pikachu.,40
basep-27,Thundershock,"Flip a coin. If heads, the Defending Pokémon is now Paralyzed.",10
basep-27,Agility,"Flip a coin. If heads, during your opponent's next turn, prevent all effects of attacks, including damage, done to Pikachu.",20
basep-28,Surf,,30
basep-29,Water Gun,Does 20 damage plus 10 more damage for each Energy attached to Marill but not used to pay for this attack's Energy cost. You can't add more than 20 damage in this way.,20+
basep-30,Snivel,"If the Defending Pokémon attacks Togepi during your opponent's next turn, any damage done to Togepi is reduced by 20 (before applying Weakness and Resistance). (Benching either Pokémon ends this effect.)",
basep-30,Mini-Metronome,"Flip a coin. If heads, choose 1 of the Defending Pokémon's attacks. Mini-Metronome copies that attack except for its Energy cost. (You must still do anything else in order to use that attack.) (No matter what type the Defending Pokémon is, Togepi's type is still Colorless.) Togepi performs that attack.",
basep-31,Eek,Draw 2 cards.,
basep-32,Paint,"Flip a coin. If heads, choose a type (other than Colorless) and put a Coloring counter on the Defending Pokémon. That Pokémon is now the type you chose. If it already had a Coloring counter, remove the old one. If tails, this attack does nothing.",
basep-33,Leer,"Flip a coin. If heads, the Defending Pokémon can't attack Scizor during your opponent's next turn. (Benching either Pokémon ends this effect.)",
basep-33,Metal Pincer,Flip a coin until you get tails. This attack does 30 damage plus 10 more damage for each heads.,30+
basep-34,Protective Flame,"During your opponent's next turn, prevent all effects of attacks, including damage, done to your Benched Pokémon.",50
basep-35,Let's Play!,Search your deck for a Baby Pokémon card and put it onto your Bench. Shuffle your deck afterward. (You can't use this attack if your Bench is full.),
basep-36,Good Night Song,The Defending Pokémon is now Asleep.,
basep-37,Repeating Kick,Flip a coin until you get tails. This attack does 20 damage times the number of heads.,20×
basep-37,Rapid Spin,"If your opponent has any Benched Pokémon, he or she chooses 1 of them and switches it with his or her Active Pokémon, then, if you have any Benched Pokémon, you switch 1 of them with your Active Pokémon. (Do the damage before switching the Pokémon.)",30
basep-38,Hidden Power,,10
basep-39,Pain Split,Put 1 damage counter on the Defending Pokémon for each damage counter on Misdreavus.,
basep-39,Confuse Ray,"Flip a coin. If heads, the Defending Pokémon is now Confused.",10
basep-43,Seething Anger,Flip a number of coins equal to the number of damage counters on Machamp. This attack does 20 damage plus 10 more damage for each heads.,20+
basep-43,Fling,"If your opponent has any Benched Pokémon, he or she chooses 1 of them and switches it with the Defending Pokémon. (Do the damage before switching the Pokémon.)",50
basep-44,Burning Fire,"When you use this attack, you may discard any number of Fire Energy cards attached to your Pokémon in play. This attack does 10 damage plus 10 more damage for each Fire Energy card you discarded in this way.",10+
basep-44,Magma Punch,,40
basep-45,Slashing Strike,Scyther can't use this attack during your next turn. (Benching or evolving Scyther ends this effect.),40
basep-46,Lightning Rod,Choose 1 of your opponent's Pokémon and put a Lightning Rod marker on it. (A Pokémon can have only 1 Lightning Rod marker on it at a time.),
basep-46,Lightning Bolt,This attack does 20 damage to any Pokémon with a Lightning Rod marker on it. Apply Weakness and Resistance.,10
basep-47,Psyshock,"Flip a coin. If heads, the Defending Pokémon is now Confused.",10
basep-48,Ice Beam,"Flip a coin. If heads, the Defending Pokémon is now Paralyzed.",30
basep-49,Roll Over,"Snorlax is now Asleep. Flip a coin. If heads, the Defending Pokémon is now Asleep.",30
base3-1,Wing Attack,,30
base3-2,Freeze Dry,"Flip a coin. If heads, the Defending Pokémon is now Paralyzed.",30
base3-2,Blizzard,"Flip a coin. If heads, this attack does 10 damage to each of your opponent's Benched Pokémon. If tails, this attack does 10 damage to each of your own Benched Pokémon. (Don't apply Weakness and Resistance for Benched Pokémon.)",50
base3-4,Slam,Flip 2 coins. This attack does 40 damage times the number of heads.,40×
base3-5,Dark Mind,"If your opponent has any Benched Pokémon, choose 1 of them and this attack does 10 damage to it. (Don't apply Weakness and Resistance for Benched Pokémon.)",30
base3-6,Nightmare,The Defending Pokémon is now Asleep.,10
base3-7,Stretch Kick,"If your opponent has any Benched Pokémon, choose 1 of them and this attack does 20 damage to it. (Don't apply Weakness and Resistance for Benched Pokémon.)",
base3-7,High Jump Kick,,50
base3-8,Prophecy,Look at up to 3 cards from the top of either player's deck and rearrange them as you like.,
base3-8,Dark Mind,"If your opponent has any Benched Pokémon, choose 1 of them and this attack does 10 damage to it. (Don't apply Weakness and Resistance for Benched Pokémon.)",30
base3-9,Sharp Sickle,,30
base3-9,Absorb,"Remove a number of damage counters from Kabutops equal to half the damage done to the Defending Pokémon (after applying Weakness and Resistance) (rounded up to the nearest 10). If Kabutops has fewer damage counters than that, remove all of them.",40
base3-10,Water Gun,Does 10 damage plus 10 more damage for each Water Energy attached to Lapras but not used to pay for this attack's Energy cost. You can't add more than 20 damage in this way.,10+
base3-10,Confuse Ray,"Flip a coin. If heads, the Defending Pokémon is now Confused.",10
base3-11,Sonicboom,Don't apply Weakness and Resistance for this attack. (Any other effects that would happen after applying Weakness and Resistance still happen.),20
base3-11,Selfdestruct,Does 20 damage to each Pokémon on each player's Bench. (Don't apply Weakness and Resistance for Benched Pokémon.) Magneton does 100 damage to itself.,100
base3-12,Wildfire,"You may discard any number of Fire Energy cards attached to Moltres when you use this attack. If you do, discard that many cards from the top of your opponent's deck.",
base3-12,Dive Bomb,"Flip a coin. If tails, this attack does nothing.",80
base3-13,Sludge,"Flip a coin. If heads, the Defending Pokémon is now Poisoned.",30
base3-14,Gigashock,"Choose 3 of your opponent's Benched Pokémon and this attack does 10 damage to each of them. (Don't apply Weakness and Resistance for Benched Pokémon.) If your opponent has fewer than 3 Benched Pokémon, do the damage to each of them.",30
base3-15,Thunderstorm,"For each of your opponent's Benched Pokémon, flip a coin. If heads, this attack does 20 damage to that Pokémon. (Don't apply Weakness and Resistance for Benched Pokémon.) Then, Zapdos does 10 damage times the number of tails to itself.",40
base3-16,Wing Attack,,30
base3-17,Freeze Dry,"Flip a coin. If heads, the Defending Pokémon is now Paralyzed.",30
base3-17,Blizzard,"Flip a coin. If heads, this attack does 10 damage to each of your opponent's Benched Pokémon. If tails, this attack does 10 damage to each of your own Benched Pokémon. (Don't apply Weakness and Resistance for Benched Pokémon.)",50
base3-19,Slam,Flip 2 coins. This attack does 40 damage times the number of heads.,40×
base3-20,Dark Mind,"If your opponent has any Benched Pokémon, choose 1 of them and this attack does 10 damage to it. (Don't apply Weakness and Resistance for Benched Pokémon.)",30
base3-21,Nightmare,The Defending Pokémon is now Asleep.,10
base3-22,Stretch Kick,"If your opponent has any Benched Pokémon, choose 1 of them and this attack does 20 damage to it. (Don't apply Weakness and Resistance for Benched Pokémon.)",
base3-22,High Jump Kick,,50
base3-23,Prophecy,Look at up to 3 cards from the top of either player's deck and rearrange them as you like.,
base3-23,Dark Mind,"If your opponent has any Benched Pokémon, choose 1 of them and this attack does 10 damage to it. (Don't apply Weakness and Resistance for Benched Pokémon.)",30
base3-24,Sharp Sickle,,30
base3-24,Absorb,"Remove a number of damage counters from Kabutops equal to half the damage done to the Defending Pokémon (after applying Weakness and Resistance) (rounded up to the nearest 10). If Kabutops has fewer damage counters than that, remove all of them.",40
base3-25,Water Gun,Does 10 damage plus 10 more damage for each Water Energy attached to Lapras but not used to pay for this attack's Energy cost. You can't add more than 20 damage in this way.,10+
base3-25,Confuse Ray,"Flip a coin. If heads, the Defending Pokémon is now Confused.",10
base3-26,Sonicboom,Don't apply Weakness and Resistance for this attack. (Any other effects that would happen after applying Weakness and Resistance still happen.),20
base3-26,Selfdestruct,Does 20 damage to each Pokémon on each player's Bench. (Don't apply Weakness and Resistance for Benched Pokémon.) Magneton does 100 damage to itself.,100
base3-27,Wildfire,"You may discard any number of Fire Energy cards attached to Moltres when you use this attack. If you do, discard that many cards from the top of your opponent's deck.",
base3-27,Dive Bomb,"Flip a coin. If tails, this attack does nothing.",80
base3-28,Sludge,"Flip a coin. If heads, the Defending Pokémon is now Poisoned.",30
base3-29,Gigashock,"Choose 3 of your opponent's Benched Pokémon and this attack does 10 damage to each of them. (Don't apply Weakness and Resistance for Benched Pokémon.) If your opponent has fewer than 3 Benched Pokémon, do that damage to each of them.",30
base3-30,Thunderstorm,"For each of your opponent's Benched Pokémon, flip a coin. If heads, this attack does 20 damage to that Pokémon. (Don't apply Weakness and Resistance for Benched Pokémon.) Then, Zapdos does 10 damage times the number of tails to itself.",40
base3-31,Terror Strike,"Flip a coin. If heads and if your opponent has any Benched Pokémon, he or she chooses 1 of them and switches it with the Defending Pokémon. (Do the damage before switching the Pokémon.)",10
base3-31,Poison Fang,The Defending Pokémon is now Poisoned.,20
base3-32,Clamp,"Flip a coin. If heads, the Defending Pokémon is now Paralyzed. If tails, this attack does nothing (not even damage).",30
base3-32,Spike Cannon,Flip 2 coins. This attack does 30 damage times the number of heads.,30×
base3-33,Lick,"Flip a coin. If heads, the Defending Pokémon is now Paralyzed.",10
base3-33,Energy Conversion,Put up to 2 Energy cards from your discard pile into your hand. Gastly does 10 damage to itself.,
base3-34,Wing Attack,,30
base3-34,Leech Life,"Remove a number of damage counters from Golbat equal to the damage done to the Defending Pokémon (after applying Weakness and Resistance). If Golbat has fewer damage counters than that, remove all of them.",20
base3-35,Psyshock,"Flip a coin. If heads, the Defending Pokémon is now Paralyzed.",10
base3-35,Hyper Beam,"If the Defending Pokémon has any Energy cards attached to it, choose 1 of them and discard it.",20
base3-36,Avalanche,,60
base3-36,Selfdestruct,Does 20 damage to each Pokémon on each player's Bench. (Don't apply Weakness and Resistance for Benched Pokémon.) Golem does 100 damage to itself.,100
base3-37,Harden,"During your opponent's next turn, whenever 30 or less damage is done to Graveler (after applying Weakness and Resistance), prevent that damage. (Any other effects of attacks still happen.)",
base3-37,Rock Throw,,40
base3-38,Flail,Does 10 damage times the number of damage counters on Kingler.,10×
base3-38,Crabhammer,,40
base3-39,Smokescreen,"If the Defending Pokémon tries to attack during your opponent's next turn, your opponent flips a coin. If tails, that attack does nothing.",10
base3-39,Smog,"Flip a coin. If heads, the Defending Pokémon is now Poisoned.",20
base3-40,Water Gun,Does 20 damage plus 10 more damage for each Water Energy attached to Omastar but not used to pay for this attack's Energy cost. You can't add more than 20 damage in this way.,20+
base3-40,Spike Cannon,Flip 2 coins. This attack does 30 damage times the number of heads.,30×
base3-41,Slash,,20
base3-41,Fury Swipes,Flip 3 coins. This attack does 20 damage times the number of heads.,20×
base3-42,Water Gun,Does 20 damage plus 10 more damage for each Water Energy attached to Seadra but not used to pay for this attack's Energy cost. You can't add more than 20 damage in this way.,20+
base3-42,Agility,"Flip a coin. If heads, during your opponent's next turn, prevent all effects of attacks, including damage, done to Seadra.",20
base3-43,Psyshock,"Flip a coin. If heads, the Defending Pokémon is now Paralyzed.",20
base3-44,Supersonic,"Flip a coin. If heads, the Defending Pokémon is now Confused.",
base3-44,Jellyfish Sting,The Defending Pokémon is now Poisoned.,10
base3-45,Smog,"Flip a coin. If heads, the Defending Pokémon is now Poisoned.",20
base3-45,Selfdestruct,Does 10 damage to each Pokémon on each player's Bench. (Don't apply Weakness and Resistance for Benched Pokémon.) Weezing does 60 damage to itself.,60
base3-46,Spit Poison,"Flip a coin. If heads, the Defending Pokémon is now Poisoned.",
base3-46,Wrap,"Flip a coin. If heads, the Defending Pokémon is now Paralyzed.",20
base3-47,Stone Barrage,Flip a coin until you get tails. This attack does 10 damage times the number of heads.,10×
base3-48,Nasty Goo,"Flip a coin. If heads, the Defending Pokémon is now Paralyzed.",10
base3-48,Minimize,All damage done by attacks to Grimer during your opponent's next turn is reduced by 20 (after applying Weakness and Resistance).,
base3-49,Smokescreen,"If the Defending Pokémon tries to attack during your opponent's next turn, your opponent flips a coin. If tails, that attack does nothing.",10
base3-50,Scratch,,10
base3-51,Call for Family,Search your deck for a Basic Pokémon named Krabby and put it onto your Bench. Shuffle your deck afterward. (You can't use this attack if your Bench if full.),
base3-51,Irongrip,,20
base3-52,Water Gun,Does 10 damage plus 10 more damage for each Water Energy attached to Omanyte but not used to pay for this attack's Energy cost. You can't add more than 20 damage in this way.,10+
base3-53,Headache,Your opponent can't play Trainer cards during his or her next turn.,
base3-53,Fury Swipes,Flip 3 coins. This attack does 10 damage times the number of heads.,10×
base3-54,Supersonic,"Flip a coin. If heads, the Defending Pokémon is now Confused.",
base3-54,Hide in Shell,"Flip a coin. If heads, prevent all damage done to Shellder during your opponent's next turn. (Any other effects of attacks still happen.)",
base3-55,Spacing Out,"Flip a coin. If heads, remove a damage counter from Slowpoke. This attack can't be used if Slowpoke has no damage counters on it.",
base3-55,Scavenge,Discard 1 Psychic Energy card attached to Slowpoke in order to use this attack. Put a Trainer card from your discard pile into your hand.,
base3-56,Acid,,10
base3-57,Supersonic,"Flip a coin. If heads, the Defending Pokémon is now Confused.",
base3-57,Leech Life,"Remove a number of damage counters from Zubat equal to the damage done to the Defending Pokémon (after applying Weakness and Resistance). If Zubat has fewer damage counters than that, remove all of them.",10
base4-1,Confuse Ray,"Flip a coin. If heads, the Defending Pokémon is now Confused.",30
base4-2,Hydro Pump,Does 40 damage plus 10 more damage for each Water Energy attached to Blastoise but not used to pay for this attack's Energy cost. You can't add more than 20 damage in this way.,40+
base4-3,Scrunch,"Flip a coin. If heads, prevent all damage done to Chansey during your opponent's next turn. (Any other effects of attacks still happen.)",
base4-3,Double-edge,Chansey does 80 damage to itself.,80
base4-4,Fire Spin,Discard 2 Energy cards attached to Charizard in order to use this attack.,100
base4-5,Metronome,"Choose 1 of the Defending Pokémon's attacks. Metronome copies that attack except for its Energy costs and anything else required in order to use that attack, such as discarding Energy cards. (No matter what type the Defending Pokémon is, Clefable's type is still Colorless.)",
base4-5,Minimize,All damage done by attacks to Clefable during your opponent's next turn is reduced by 20 (after applying Weakness and Resistance).,
base4-6,Sing,"Flip a coin. If heads, the Defending Pokémon is now Asleep.",
base4-6,Metronome,"Choose 1 of the Defending Pokémon's attacks. Metronome copies that attack except for its Energy costs and anything else required in order to use that attack, such as discarding Energy cards. (No matter what type the Defending Pokémon is, Clefairy's type is still Colorless.)",
base4-7,Dragon Rage,,50
base4-7,Bubblebeam,"Flip a coin. If heads, the Defending Pokémon is now Paralyzed.",40
base4-8,Jab,,20
base4-8,Special Punch,,40
base4-9,Thunder Wave,"Flip a coin. If heads, the Defending Pokémon is now Paralyzed.",30
base4-9,Selfdestruct,Does 20 damage to each player's Bench. (Don't apply Weakness and Resistance for Benched Pokémon.) Magneton does 80 damage to itself.,80
base4-10,Psychic,Does 10 damage plus 10 more damage for each Energy card attached to the Defending Pokémon.,10+
base4-10,Barrier,"Discard 1 Psychic Energy card attached to Mewtwo in order to use this attack. During your opponent's next turn, prevent all effects of attacks, including damage, done to Mewtwo.",
base4-11,Thrash,"Flip a coin. If heads, this attack does 30 damage plus 10 more damage; if tails, this attack does 30 damage and Nidoking does 10 damage to itself.",30+
base4-11,Toxic,The Defending Pokémon is now Poisoned. It now takes 20 Poison damage instead of 10 after each player's turn (even if it was already Poisoned).,20
base4-12,Boyfriends,Does 20 damage plus 20 more damage for each Nidoking you have in play.,20+
base4-12,Mega Punch,,50
base4-13,Lure,"If your opponent has any Benched Pokémon, choose 1 of them and switch it with the Defending Pokémon.",
base4-13,Fire Blast,Discard 1 Fire Energy card attached to Ninetales in order to use this attack.,80
base4-14,Wing Attack,,20
base4-14,Hurricane,"Unless this attack Knocks Out the Defending Pokémon, return the Defending Pokémon and all cards attached to it to your opponent's hand.",30
base4-15,Water Gun,Does 30 damage plus 10 more damage for each Water Energy attached to Poliwrath but not used to pay for this attack's Energy cost. You can't add more than 20 damage in this way.,30+
base4-15,Whirlpool,"If the Defending Pokémon has any Energy cards attached to it, choose 1 of them and discard it.",40
base4-16,Agility,"Flip a coin. If heads, during your opponent's next turn, prevent all effects of attacks, including damage, done to Raichu.",20
base4-16,Thunder,"Flip a coin. If tails, Raichu does 30 damage to itself.",60
base4-17,Swords Dance,"During your next turn, Scyther's Slash attack's base damage is 60 instead of 30.",
base4-17,Slash,,30
base4-18,Solarbeam,,60
base4-19,Lullaby,The Defending Pokémon is now Asleep.,
base4-19,Do the Wave,Does 10 damage plus 10 more damage for each of your Benched Pokémon.,10+
base4-20,Thunder,"Flip a coin. If tails, Zapdos does 30 damage to itself.",60
base4-20,Thunderbolt,Discard all Energy cards attached to Zapdos in order to use this attack.,100
base4-21,Twineedle,Flip 2 coins. This attack does 30 damage times the number of heads.,30×
base4-21,Poison Sting,"Flip a coin. If heads, the Defending Pokémon is now Poisoned.",40
base4-22,Slam,Flip 2 coins. This attack does 30 damage times the number of heads.,30×
base4-22,Hyper Beam,"If the Defending Pokémon has any Energy cards attached to it, choose 1 of them and discard it.",20
base4-23,Slash,,40
base4-23,Earthquake,Does 10 damage to each of your own Benched Pokémon. (Don't apply Weakness and Resistance for Benched Pokémon.),70
base4-24,Thundershock,"Flip a coin. If heads, the Defending Pokémon is now Paralyzed.",10
base4-24,Thunderpunch,"Flip a coin. If heads, this attack does 30 damage plus 10 more damage; if tails, this attack does 30 damage and Electabuzz does 10 damage to itself.",30+
base4-25,Electric Shock,"Flip a coin. If tails, Electrode does 10 damage to itself.",50
base4-26,Fetch,Draw a card.,
base4-26,Comet Punch,Flip 4 coins. This attack does 20 damage times the number of heads.,20×
base4-27,Meditate,Does 10 damage plus 10 more damage for each damage counter on the Defending Pokémon.,10+
base4-28,Whirlwind,"If your opponent has any Benched Pokémon, he or she chooses 1 of them and switches it with the Defending Pokémon. (Do the damage before switching the Pokémon.)",20
base4-28,Mirror Move,"If Pidgeotto was attacked last turn, do the final result of that attack on Pidgeotto to the Defending Pokémon.",
base4-29,Irongrip,"Flip a coin. If heads, the Defending Pokémon is now Paralyzed.",20
base4-29,Guillotine,,50
base4-30,Body Slam,"Flip a coin. If heads, the Defending Pokémon is now Paralyzed.",30
base4-31,Venom Powder,"Flip a coin. If heads, the Defending Pokémon is now Confused and Poisoned.",10
base4-32,Lure,"If your opponent has any Benched Pokémon, choose 1 of them and switch it with his or her Active Pokémon.",
base4-32,Acid,"Flip a coin. If heads, the Defending Pokémon can't retreat during your next turn.",20
base4-33,Flamethrower,Discard 1 Fire Energy card attached to Arcanine in order to use this attack.,50
base4-33,Take Down,Arcanine does 30 damage to itself.,80
base4-34,Whirlwind,"If your opponent has any Benched Pokémon, he or she chooses 1 of them and switches it with the Defending Pokémon. (Do the damage before switching the Pokémon.)",20
base4-34,Mega Drain,"Remove a number of damage counters from Butterfree equal to half the damage done to the Defending Pokémon (after applying Weakness and Resistance) (rounded up to the nearest 10). If Butterfree has fewer damage counters than that, remove all of them.",40
base4-35,Slash,,30
base4-35,Flamethrower,Discard 1 Fire Energy card attached to Charmeleon in order to use this attack.,50
base4-36,Aurora Beam,,50
base4-36,Ice Beam,"Flip a coin. If heads, the Defending Pokémon is now Paralyzed.",30
base4-37,Rage,Does 10 damage plus 10 more damage for each damage counter on Dodrio.,10+
base4-38,Pound,,10
base4-39,Teleport,Switch Exeggutor with 1 of your Benched Pokémon.,
base4-39,Big Eggsplosion,Flip a number of coins equal to the number of Energy attached to Exeggutor. This attack does 20 damage times the number of heads.,20×
base4-40,Leek Slap,"Flip a coin. If tails, this attack does nothing. Either way, you can't use this attack again as long as Farfetch'd stays in play (even putting Farfetch'd on the Bench won't let you use it again).",30
base4-40,Pot Smash,,30
base4-41,Agility,"Flip a coin. If heads, during your opponent's next turn, prevent all effects of attacks, including damage, done to Fearow.",20
base4-41,Drill Peck,,40
base4-42,Flare,,20
base4-43,Hypnosis,The Defending Pokémon is now Asleep.,
base4-43,Dream Eater,You can't use this attack unless the Defending Pokémon is Asleep.,50
base4-44,Vine Whip,,30
base4-44,Poisonpowder,The Defending Pokémon is now Poisoned.,20
base4-45,Doubleslap,Flip 2 coins. This attack does 10 damage times the number of heads.,10×
base4-45,Meditate,Does 20 damage plus 10 more damage for each damage counter on the Defending Pokémon.,20+
base4-46,Recover,Discard 1 Psychic Energy card attached to Kadabra in order to use this attack. Remove all damage counters from Kadabra.,
base4-46,Super Psy,,50
base4-47,Stiffen,"Flip a coin. If heads, prevent all damage done to Kakuna during your opponent's next turn. (Any other effects of attacks still happen.)",
base4-47,Poisonpowder,"Flip a coin. If heads, the Defending Pokémon is now Poisoned.",20
base4-48,Tongue Wrap,"Flip a coin. If heads, the Defending Pokémon is now Paralyzed.",10
base4-48,Supersonic,"Flip a coin. If heads, the Defending Pokémon is now Confused.",
base4-49,Karate Chop,Does 50 damage minus 10 damage for each damage counter on Machoke.,50-
base4-49,Submission,Machoke does 20 damage to itself.,60
base4-50,Tackle,,10
base4-50,Flail,Does 10 damage times the number of damage counters on Magikarp.,10×
base4-51,Fire Punch,,30
base4-51,Flamethrower,Discard 1 Fire Energy card attached to Magmar in order to use this attack.,50
base4-52,Bonemerang,Flip 2 coins. This attack does 30 damage times the number of heads.,30×
base4-52,Call for Friend,Search your deck for a Fighting Basic Pokémon card and put it onto your Bench. Shuffle your deck afterward. (You can't use this attack if your Bench is full.),
base4-53,Supersonic,"Flip a coin. If heads, the Defending Pokémon is now Confused.",
base4-53,Double Kick,Flip 2 coins. This attack does 30 damage times the number of heads.,30×
base4-54,Double Kick,Flip 2 coins. This attack does 30 damage times the number of heads.,30×
base4-54,Horn Drill,,50
base4-55,Spore,The Defending Pokémon is now Asleep.,
base4-55,Slash,,30
base4-56,Scratch,,20
base4-56,Pounce,"If the Defending Pokémon attacks Persian during your next turn, any damage done by the attack is reduced by 10 (after applying Weakness and Resistance). (Benching either Pokémon ends this effect.)",30
base4-57,Amnesia,Choose 1 of the Defending Pokémon's attacks. That Pokémon can't use that attack during your opponent's next turn.,
base4-57,Doubleslap,Flip 2 coins. This attack does 30 damage times the number of heads.,30×
base4-58,Bite,,20
base4-58,Super Fang,Does damage to the Defending Pokémon equal to half the Defending Pokémon's remaining HP (rounded up to the nearest 10).,
base4-59,Horn Attack,,30
base4-59,Ram,"Rhydon does 20 damage to itself. If your opponent has any Benched Pokémon, he or she chooses 1 of them and switches it with the Defending Pokémon. (Do the damage before switching the Pokémon. Switch the Pokémon even if Rhydon is knocked out.)",50
base4-60,Horn Attack,,10
base4-60,Waterfall,,30
base4-61,Headbutt,,10
base4-62,Stomp,"Flip a coin. If heads, this attack does 20 damage plus 10 more damage; if tails, this attack does 20 damage.",20+
base4-62,Rampage,"Does 20 damage plus 10 more damage for each damage counter on Tauros. Flip a coin. If tails, Tauros is now Confused (after doing damage).",20+
base4-63,Withdraw,"Flip a coin. If heads, prevent all damage done to Wartortle during your opponent's next turn. (Any other effects of attacks still happen.)",
base4-63,Bite,,40
base4-64,Poisonpowder,"Flip a coin. If heads, the Defending Pokémon is now Poisoned.",10
base4-64,Razor Leaf,,30
base4-65,Psyshock,"Flip a coin. If heads, the Defending Pokémon is now Paralyzed.",10
base4-66,Vine Whip,,10
base4-66,Call for Family,Search your deck for a Basic Pokémon named Bellsprout and put it onto your Bench. Shuffle your deck afterward. (You can't use this attack if your Bench is full.),
base4-67,Leech Seed,"Unless all damage from this attack is prevented, you may remove 1 damage counter from Bulbasaur.",20
base4-68,String Shot,"Flip a coin. If heads, the Defending Pokémon is now Paralyzed.",10
base4-69,Scratch,,10
base4-69,Ember,Discard 1 Fire Energy card attached to Charmander in order to use this attack.,30
base4-70,Snivel,"If the Defending Pokémon attacks Cubone during your opponent's next turn, any damage done by the attack is reduced by 20 (after applying Weakness and Resistance). (Benching either Pokémon ends this effect.)",
base4-70,Rage,Does 10 damage plus 10 more damage for each damage counter on Cubone.,10+
base4-71,Dig,,10
base4-71,Mud Slap,,30
base4-72,Fury Attack,Flip 2 coins. This attack does 10 damage times the number of heads.,10×
base4-73,Pound,,10
base4-73,Confuse Ray,"Flip a coin. If heads, the Defending Pokémon is now Confused.",10
base4-74,Hypnosis,The Defending Pokémon is now Asleep.,
base4-74,Leech Seed,"Unless all damage from this attack is prevented, you may remove 1 damage counter from Exeggcute.",20
base4-75,Sleeping Gas,"Flip a coin. If heads, the Defending Pokémon is now Asleep.",
base4-75,Destiny Bond,"Discard 1 Psychic Energy card attached to Gastly in order to use this attack. If a Pokémon Knocks Out Gastly during your opponent's next turn, Knock Out that Pokémon.",
base4-76,Horn Attack,,10
base4-77,Lullaby,The Defending Pokémon is now Asleep.,
base4-77,Pound,,20
base4-78,Low Kick,,20
base4-79,Thunder Wave,"Flip a coin. If heads, the Defending Pokémon is now Paralyzed.",10
base4-79,Selfdestruct,Does 10 damage to each Pokémon on each player's Bench. (Don't apply Weakness and Resistance for Benched Pokémon.) Magnemite does 40 damage to itself.,40
base4-80,Pay Day,"Flip a coin. If heads, draw a card.",10
base4-81,Stiffen,"Flip a coin. If heads, prevent all damage done to Metapod during your opponent's next turn. (Any other effects of attacks still happen.)",
base4-81,Stun Spore,"Flip a coin. If heads, the Defending Pokémon is now Paralyzed.",20
base4-82,Fury Swipes,Flip 3 coins. This attack does 10 damage times the number of heads.,10×
base4-82,Call for Family,Search your deck for a Basic Pokémon named Nidoran ♂ or Nidoran ♀ and put it onto your Bench. Shuffle your deck afterward. (You can't use this attack if your Bench is full.),
base4-83,Horn Hazard,"Flip a coin. If tails, this attack does nothing.",30
base4-84,Rock Throw,,10
base4-84,Harden,"During your opponent's next turn, whenever 30 or less damage is done to Onix (after applying Weakness and Resistance), prevent that damage. (Any other effects of attacks still happen.)",
base4-85,Scratch,,20
base4-85,Spore,The Defending Pokémon is now Asleep.,
base4-86,Whirlwind,"If your opponent has any Benched Pokémon, he or she chooses 1 of them and switches it with the Defending Pokémon. (Do the damage before switching the Pokémon.)",10
base4-87,Gnaw,,10
base4-87,Thunder Jolt,"Flip a coin. If tails, Pikachu does 10 damage to itself.",30
base4-88,Water Gun,Does 10 damage plus 10 more damage for each Water Energy attached to Poliwag but not used to pay for this attack's Energy cost. You can't add more than 20 damage in this way.,10+
base4-89,Bite,,20
base4-90,Leer,"Flip a coin. If heads, the Defending Pokémon can't attack Rhyhorn during your opponent's next turn. (Benching either Pokémon ends this effect.)",
base4-90,Horn Attack,,30
base4-91,Sand-attack,"If the Defending Pokémon tries to attack during your opponent's next turn, your opponent flips a coin. If tails, that attack does nothing.",10
base4-92,Peck,,10
base4-92,Mirror Move,"If Spearow was attacked last turn, do the final result of that attack on Spearow to the Defending Pokémon.",
base4-93,Bubble,"Flip a coin. If heads, the Defending Pokémon is now Paralyzed.",10
base4-93,Withdraw,"Flip a coin. If heads, prevent all damage done to Squirtle during your opponent's next turn. (Any other effects of opponent's attacks still happen.)",
base4-94,Recover,Discard 1 Water Energy card attached to Starmie in order to use this attack. Remove all damage counters from Starmie.,
base4-94,Star Freeze,"Flip a coin. If heads, the Defending Pokémon is now Paralyzed.",20
base4-95,Slap,,20
base4-96,Bind,"Flip a coin. If heads, the Defending Pokémon is now Paralyzed.",20
base4-96,Poisonpowder,The Defending Pokémon is now Poisoned.,20
base4-97,Stun Spore,"Flip a coin. If heads, the Defending Pokémon is now Paralyzed.",10
base4-97,Leech Life,"Remove a number of damage counters from Venonat equal to the damage done to the Defending Pokémon (after applying Weakness and Resistance). If Venonat has fewer damage counters than that, remove all of them.",10
base4-98,Tackle,,10
base4-99,Confuse Ray,"Flip a coin. If heads, the Defending Pokémon is now Confused.",10
base4-100,Poison Sting,"Flip a coin. If heads, the Defending Pokémon is now Poisoned.",10
base5-1,Teleport Blast,You may switch Dark Alakazam with 1 of your Benched Pokémon. (Do the damage before switching the Pokémon.),30
base5-1,Mind Shock,Don't apply Weakness and Resistance for this attack. (Any other effects that would happen after applying Weakness and Resistance still happen.),40
base5-2,Stare,"Choose 1 of your opponent's Pokémon. This attack does 10 damage to that Pokémon. Don't apply Weakness and Resistance for this attack. (Any other effects that would happen after applying Weakness and Resistance still happen.) If that Pokémon has a Pokémon Power, that power stops working until the end of your opponent's next turn.",
base5-2,Poison Vapor,The Defending Pokémon is now Poisoned. This attack does 10 damage to each of your opponent's Benched Pokémon. (Don't apply Weakness and Resistance for Benched Pokémon.),10
base5-3,Hydrocannon,Does 30 damage plus 20 more damage for each Water Energy attached to Dark Blastoise but not used to pay for this attack. You can't add more than 40 damage in this way.,30+
base5-3,Rocket Tackle,"Dark Blastoise does 10 damage to itself. Flip a coin. If heads, prevent all damage done to Dark Blastoise during your opponent's next turn. (Any other effects of attacks still happen.)",40
base5-4,Nail Flick,,10
base5-4,Continuous Fireball,Flip a number of coins equal to the number of Fire Energy cards attached to Dark Charizard. This attack does 50 damage times the number of heads. Discard a number of Fire Energy cards attached to Dark Charizard equal to the number of heads.,50×
base5-5,Giant Tail,"Flip a coin. If tails, this attack does nothing.",70
base5-6,Knock Down,"Your opponent flips a coin. If tails, this attack does 20 damage plus 20 more damage; if heads, this attack does 20 damage.",20+
base5-7,Flitter,Choose 1 of your opponent's Pokémon. This attack does 20 damage to that Pokémon. Don't apply Weakness and Resistance for this attack. (Any other effects that would happen after applying Weakness and Resistance still happen.),
base5-8,Ice Beam,"Flip a coin. If heads, the Defending Pokémon is now Paralyzed.",30
base5-9,Psypunch,,20
base5-9,Bench Manipulation,Your opponent flips a number of coins equal to the number of Pokémon on his or her Bench. This attack does 20 damage times the number of tails. Don't apply Weakness and Resistance for this attack. (Any other effects that would happen after applying Weakness and Resistance still happen.),20×
base5-10,Mega Punch,,30
base5-10,Fling,Your opponent shuffles his or her Active Pokémon and all cards attached to it into his or her deck. This attack can't be used if your opponent has no Benched Pokémon.,
base5-11,Sonicboom,Don't apply Weakness and Resistance for this attack. (Any other effects that would happen after applying Weakness and Resistance still happen.),20
base5-11,Magnetic Lines,"If the Defending Pokémon has any basic Energy cards attached to it, choose 1 of them. If your opponent has any Benched Pokémon, choose 1 of them and attach that Energy card to it.",30
base5-12,Fickle Attack,"Flip a coin. If tails, this attack does nothing.",40
base5-13,Petal Whirlwind,"Flip a coins. This attack does 30 damage times the number of heads. If you get 2 or more heads, Dark Vileplume is now Confused (after doing damage).",30×
base5-14,Mass Explosion,"Does 20 damage times the total number of Koffings, Weezings, and Dark Weezings in play (Apply Weakness and Resistance.). Then, this attack does 20 damage to each Koffing, Weezing, and Dark Weezing (even your own). Don't apply Weakness and Resistance.",20×
base5-14,Stun Gas,"Flip a coin. If heads, the Defending Pokémon is now Poisoned; if tails, the Defending Pokémon is now Paralyzed.",20
base5-18,Teleport Blast,You may switch Dark Alakazam with 1 of your Benched Pokémon. (Do the damage before switching the Pokémon.),30
base5-18,Mind Shock,Don't apply Weakness and Resistance for this attack. (Any other effects that would happen after applying Weakness and Resistance still happen.),40
base5-19,Stare,"Choose 1 of your opponent's Pokémon. This attack does 10 damage to that Pokémon. Don't apply Weakness and Resistance for this attack. (Any other effects that would happen after applying Weakness and Resistance still happen.) If that Pokémon has a Pokémon Power, that power stops working until the end of your opponent's next turn.",
base5-19,Poison Vapor,The Defending Pokémon is now Poisoned. This attack does 10 damage to each of your opponent's Benched Pokémon. (Don't apply Weakness and Resistance for Benched Pokémon.),10
base5-20,Hydrocannon,Does 30 damage plus 20 more damage for each Water Energy attached to Dark Blastoise but not used to pay for this attack. You can't add more than 40 damage in this way.,30+
base5-20,Rocket Tackle,"Dark Blastoise does 10 damage to itself. Flip a coin. If heads, prevent all damage done to Dark Blastoise during your opponent's next turn. (Any other effects of attacks still happen.)",40
base5-21,Nail Flick,,10
base5-21,Continuous Fireball,Flip a number of coins equal to the number of Fire Energy cards attached to Dark Charizard. This attack does 50 damage times the number of heads. Discard a number of Fire Energy cards attached to Dark Charizard equal to the number of heads.,50×
base5-22,Giant Tail,"Flip a coin. If tails, this attack does nothing.",70
base5-23,Knock Down,"Your opponent flips a coin. If tails, this attack does 20 damage plus 20 more damage; if heads, this attack does 20 damage.",20+
base5-24,Flitter,Choose 1 of your opponent's Pokémon. This attack does 20 damage to that Pokémon. Don't apply Weakness and Resistance for this attack. (Any other effects that would happen after applying Weakness and Resistance still happen.),
base5-25,Ice Beam,"Flip a coin. If heads, the Defending Pokémon is now Paralyzed.",30
base5-26,Psypunch,,20
base5-26,Bench Manipulation,Your opponent flips a number of coins equal to the number of Pokémon on his or her Bench. This attack does 20 damage times the number of tails. Don't apply Weakness and Resistance for this attack. (Any other effects that would happen after applying Weakness and Resistance still happen.),20×
base5-27,Mega Punch,,30
base5-27,Fling,Your opponent shuffles his or her Active Pokémon and all cards attached to it into his or her deck. This attack can't be used if your opponent has no Benched Pokémon.,
base5-28,Sonicboom,Don't apply Weakness and Resistance for this attack. (Any other effects that would happen after applying Weakness and Resistance still happen.),20
base5-28,Magnetic Lines,"If the Defending Pokémon has any basic Energy cards attached to it, choose 1 of them. If your opponent has any Benched Pokémon, choose 1 of them and attach that Energy card to it.",30
base5-29,Fickle Attack,"Flip a coin. If tails, this attack does nothing.",40
base5-30,Petal Whirlwind,"Flip a coins. This attack does 30 damage times the number of heads. If you get 2 or more heads, Dark Vileplume is now Confused (after doing damage).",30×
base5-31,Mass Explosion,"Does 20 damage times the total number of Koffings, Weezings, and Dark Weezings in play (Apply Weakness and Resistance.). Then, this attack does 20 damage to each Koffing, Weezing, and Dark Weezing (even your own). Don't apply Weakness and Resistance.",20×
base5-31,Stun Gas,"Flip a coin. If heads, the Defending Pokémon is now Poisoned; if tails, the Defending Pokémon is now Paralyzed.",20
base5-32,Tail Slap,,20
base5-32,Fireball,"Use this attack only if there are any Fire Energy cards attached to Dark Charmeleon. Flip a coin. If heads, discard 1 of those Energy cards. If tails, this attack does nothing (not even damage).",70
base5-33,Tail Strike,"Flip a coin. If heads, this attack does 20 damage plus 20 more damage; if tails, this attack does 20 damage.",20+
base5-34,Rolling Tackle,,10
base5-34,Energy Bomb,"Take all Energy cards attached to Dark Electrode and attach them to your Benched Pokémon (in any way you choose). If you have no Benched Pokémon, discard all Energy cards attached to Dark Electrode.",30
base5-35,Rage,Does 10 damage plus 10 more damage for each damage counter on Dark Flareon.,10+
base5-35,Playing with Fire,"Use this attack only if there are any Fire Energy cards attached to Dark Flareon. Flip a coin. If heads, discard 1 of those Energy cards and this attack does 30 damage plus 20 more damage; if tails, this attack does 30 damage.",30+
base5-36,Poisonpowder,The Defending Pokémon is now Poisoned.,10
base5-37,Third Eye,Discard 1 Energy card attached to Dark Golduck in order to draw up to 3 cards.,
base5-37,Super Psy,,50
base5-38,Lightning Flash,"If the Defending Pokémon tries to attack during your opponent's next turn, your opponent flips a coin. If tails, that attack does nothing.",20
base5-38,Thunder Attack,"Flip a coin. If heads, the Defending Pokémon is now Paralyzed. If tails, Dark Jolteon does 10 damage to itself.",30
base5-39,Mind Shock,Don't apply Weakness and Resistance for this attack. (Any other effects that would happen after applying Weakness and Resistance still happen.),30
base5-40,Drag Off,"Before doing damage, choose 1 of your opponent's Benched Pokémon and switch it with the Defending Pokémon. Do the damage to the new Defending Pokémon. This attack can't be used if your opponent has no Benched Pokémon.",20
base5-40,Knock Back,"If your opponent has any Benched Pokémon, he or she chooses 1 of them and switches it with the Defending Pokémon. (Do the damage before switching the Pokémon.)",30
base5-41,Sludge Punch,The Defending Pokémon is now Poisoned.,20
base5-42,Fascinate,"Flip a coin. If heads, choose 1 of your opponent's Benched Pokémon and switch it with the Defending Pokémon. This attack can't be used if your opponent has no Benched Pokémon.",
base5-42,Poison Claws,"Flip a coin. If heads, the Defending Pokémon is now Poisoned.",10
base5-43,Frenzied Attack,Dark Primeape is now Confused (after doing damage).,40
base5-44,Rear Kick,,20
base5-44,Flame Pillar,"You may discard 1 Fire Energy card attached to Dark Rapidash when you use this attack. If you do and if your opponent has any Benched Pokémon, choose 1 of them and this attack does 10 damage to it. (Don't apply Weakness and Resistance for Benched Pokémon.)",30
base5-45,Bite,,30
base5-45,Whirlpool,"If the Defending Pokémon has any Energy cards attached to it, choose 1 of them and discard it.",20
base5-46,Doubleslap,Flip 2 coins. This attack does 10 damage times the number of heads.,10×
base5-46,Mirror Shell,"If an attack does damage to Dark Wartortle during your opponent's next turn (even if Dark Wartortle is Knocked Out), Dark Wartortle attacks the Defending Pokémon for an equal amount of damage.",
base5-47,Flop,,10
base5-47,Rapid Evolution,Search your deck for an Evolution card named Gyarados or Dark Gyarados and put it on Magikarp. (This counts as evolving Magikarp.) Shuffle your deck afterward.,
base5-48,Conversion 1,"If the Defending Pokémon has a Weakness, you may change it to a type of your choice other than Colorless.",
base5-48,Psybeam,"Flip a coin. If heads, the Defending Pokémon is now Confused.",20
base5-49,Vanish,Shuffle Abra into your deck. (Discard all cards attached to Abra.),
base5-49,Psyshock,"Flip a coin. If heads, the Defending Pokémon is now Paralyzed.",10
base5-50,Fire Tail,,20
base5-51,Gnaw,,20
base5-51,Hyper Fang,"Flip a coin. If tails, this attack does nothing.",50
base5-52,Dig Under,Choose 1 of your opponent's Pokémon. This attack does 10 damage to that Pokémon. Don't apply Weakness and Resistance for this attack. (Any other effects that would happen after applying Weakness and Resistance still happen.),
base5-52,Scratch,,20
base5-53,Wrap,"Flip a coin. If heads, the Defending Pokémon is now Paralyzed.",10
base5-54,Nightmare,The Defending Pokémon is now Asleep.,10
base5-55,Tackle,,10
base5-55,Sand-attack,"If the Defending Pokémon tries to attack during your opponent's next turn, your opponent flips a coin. If tails, that attack does nothing.",10
base5-56,Bite,,10
base5-56,Poison Sting,"Flip a coin. If heads, the Defending Pokémon is now Poisoned.",20
base5-57,Poison Gas,The Defending Pokémon is now Asleep.,
base5-57,Sticky Hands,"Flip a coin. If heads, this attack does 10 damage plus 20 more damage and the Defending Pokémon is now Paralyzed; if tails, this attack does 10 damage.",10+
base5-58,Tackle,,10
base5-58,Poison Gas,"Flip a coin. If heads, the Defending Pokémon is now Poisoned.",20
base5-59,Punch,,20
base5-59,Kick,,30
base5-60,Tackle,,20
base5-60,Magnetism,"Does 10 damage plus 10 more damage for each Magnemite, Magneton, and Dark Magneton on your Bench.",10+
base5-61,Mischief,Shuffle your opponent's deck.,
base5-61,Anger,"Flip a coin. If heads, this attack does 20 damage plus 20 more damage; if tails, this attack does 20 damage.",20+
base5-62,Coin Hurl,"Choose 1 of your opponent's Pokémon and flip a coin. If heads, this attack does 20 damage to that Pokémon. Don't apply Weakness and Resistance for this attack. (Any other effects that would happen after applying Weakness and Resistance still happen.)",
base5-63,Sleep Powder,The Defending Pokémon is now Asleep.,
base5-63,Poisonpowder,The Defending Pokémon is now Poisoned.,
base5-64,Ember,Discard 1 Fire Energy card attached to Ponyta in order to use this attack.,30
base5-65,Dizziness,Draw a card.,
base5-65,Water Gun,Does 20 damage plus 10 more damage for each Water Energy attached to Psyduck but not used to pay for this attack. You can't add more than 20 damage in this way.,20+
base5-66,Quick Attack,"Flip a coin. If heads, this attack does 10 damage plus 10 more damage; if tails, this attack does 10 damage.",10+
base5-67,Afternoon Nap,Search your deck for a Psychic Energy card and attach it to Slowpoke. Shuffle your deck afterward.,
base5-67,Headbutt,,10
base5-68,Shell Attack,,20
base5-69,Speed Ball,,20
base5-70,Ram,,10
base5-70,Bite,,20
base5-83,Surprise Thunder,"Flip a coin. If heads, flip another coin. If the second coin is heads, this attack does 20 damage to each of your opponent's Benched Pokémon. If the second coin is tails, this attack does 10 damage to each of your opponent's Benched Pokémon. (Don't apply Weakness and Resistance for Benched Pokémon.)",30
neo1-1,Gigaspark,"Flip a coin. If heads, the Defending Pokémon is now Paralyzed and this attack does 10 damage to each of your opponent's Benched Pokémon. (Don't apply Weakness and Resistance for Benched Pokémon.)",40
neo1-2,Tackle,,20
neo1-2,Bubble Shower,"Flip a coin. If heads, the Defending Pokémon is now Paralyzed and this attack does 10 damage to each of your opponent's Benched Pokémon. (Don't apply Weakness and Resistance for Benched Pokémon.)",30
neo1-3,Sweet Nectar,"Flip a coin. If heads, remove all damage counters from 1 of your Pokémon.",
neo1-3,Flower Dance,Does 30 damage times the number of cards with Bellossom in their names that you have in play (including this one).,30×
neo1-4,Chomp,Flip a number of coins equal to the number of damage counters on Feraligatr. This attack does 50 damage plus 10 more damage for each heads.,50+
neo1-5,Riptide,"Does 10 damage plus 10 damage times the number of Water Energy cards in your discard pile. Then, shuffle all Water Energy cards from your discard pile into your deck.",10+
neo1-6,Megahorn,"Flip a coin. If tails, this attack does nothing.",60
neo1-7,Sleep Powder,The Defending Pokémon is now Asleep.,20
neo1-7,Leech Seed,"If this attack damages the Defending Pokémon (after applying Weakness and Resistance), remove 1 damage counter from Jumpluff, if it has any.",20
neo1-8,Agility,"Flip a coin. If heads, during your opponent's next turn, prevent all effects of attacks, including damage, done to Kingdra.",30
neo1-8,Dragon Tornado,"If this attack doesn't Knock Out the Defending Pokémon, and if there are any Pokémon on your opponent's Bench, choose 1 of them and switch it with the Defending Pokémon.",50
neo1-9,Elemental Blast,"Discard a Fire Energy card, a Water Energy card, and a Lightning Energy card attached to Lugia in order to use this attack.",90
neo1-10,Body Slam,"Flip a coin. If heads, the Defending Pokémon is now Paralyzed.",40
neo1-11,Soothing Scent,The Defending Pokémon is now Asleep.,40
neo1-12,Zzzap,Does 20 damage to each Pokémon in play that has a Pokémon Power. Don't apply Weakness and Resistance.,
neo1-13,Claw,"Flip a coin. If tails, this attack does nothing.",20
neo1-13,Steel Wing,"Flip a coin. If heads, all damage done by attacks to Skarmory during your opponent's next turn is reduced by 20 (after applying Weakness and Resistance).",30
neo1-14,Mind Blast,"Flip a coin. If heads, this attack does 20 damage plus 10 more damage and the Defending Pokémon is now Confused. If tails, this attack does 20 damage.",20+
neo1-15,Tackle,,20
neo1-15,Tail Crush,"Flip a coin. If heads, this attack does 30 damage plus 20 more damage; if tails, this attack does 30 damage.",30+
neo1-16,Super Metronome,"Flip a coin. If heads, choose an attack on 1 of your opponent's Pokémon. Super Metronome copies that attack except for its Energy cost. (You must still do anything else in order to use that attack.) (No matter what type the Defending Pokémon is, Togetic's type is still Colorless.) Togetic performs that attack. (Togetic can make that attack even if it does not have the appropriate number or type of Energy attached to it necessary to make the attack.)",
neo1-16,Fly,"Flip a coin. If heads, during your opponent's next turn, prevent all effects of attacks, including damage, done to Togetic; if tails, this attack does nothing (not even damage).",30
neo1-17,Flame Burst,"Flip a coin. If heads, this attack does 60 damage plus 20 more damage and does 20 damage to Typhlosion. If tails, this attack does 60 damage.",60+
neo1-18,Flame Wheel,Discard 3 Fire Energy cards attached to Typhlosion in order to use this attack. Do 20 damage to each Benched Pokémon (yours and your opponent's). (Don't apply Weakness and Resistance for Benched Pokémon.),80
neo1-20,Eeeeeeek,"Shuffle your hand into your deck, then draw 7 cards.",
neo1-21,Flail,Does 10 damage times the number of damage counters on Donphan.,10×
neo1-21,Rapid Spin,"If your opponent has any Benched Pokémon, he or she chooses 1 of them and switches it with his or her Active Pokémon, then, if you have any Benched Pokémon, you switch 1 of them with your Active Pokémon. (Do the damage before switching the Pokémon.)",50
neo1-23,Sputter,All Pokémon Powers stop working until the end of your next turn.,10
neo1-24,Mean Look,The Defending Pokémon can't retreat as long as Murkrow remains your Active Pokémon. (Benching or evolving either Pokémon ends this effect.),
neo1-24,Feint Attack,"Choose 1 of your opponent's Pokémon. This attack does 20 damage to that Pokémon. This attack's damage isn't affected by Weakness, Resistance, Pokémon Powers, or any other effects on the Defending Pokémon.",
neo1-25,Fury Swipes,Flip 3 coins. This attack does 10 damage times the number of heads.,10×
neo1-25,Beat Up,Flip a coin for each of your Pokémon in play (including this one). This attack does 20 damage times the number of heads.,20×
neo1-26,Pilfer,"Shuffle Aipom and all cards attached to it into your deck. Flip a coin. If heads, shuffle a card from your discard pile into your deck.",
neo1-26,Tail Rap,Flip 2 coins. This attack does 10 damage times the number of heads.,10×
neo1-27,Spider Web,"Flip a coin. If heads, the Defending Pokémon can't retreat. (Benching or evolving that Pokémon ends this effect.)",
neo1-27,Poison Bite,"If this attack damages the Defending Pokémon, the Defending Pokémon is now Poisoned and you remove a number of damage counters from Ariados equal to half that damage (rounded up to the nearest 10). If Ariados has fewer damage counters than that, remove all of them.",20
neo1-28,Poisonpowder,"Flip a coin. If heads, the Defending Pokémon is now Poisoned.",20
neo1-28,Pollen Shield,"During your opponent's next turn, Bayleef can't become Asleep, Confused, Paralyzed, or Poisoned. (All other effects of attacks, Pokémon Powers and Trainer cards still happen.)",30
neo1-29,Sweet Scent,"Flip a coin. If heads and if any of your Pokémon have any damage counters on them, then remove 2 damage counters from 1 of them (or 1 if it only has 1). If tails and if any of your opponent's Pokémon have any damage counters on them, choose 1 of them and remove 2 damage counters from it (or 1 if it only has 1).",
neo1-29,Double Razor Leaf,Flip 2 coins. This attack does 40 damage times the number of heads.,40×
neo1-30,Doubleslap,Flip 2 coins. This attack does 10 damage times the number of heads.,10×
neo1-30,Squaredance,"Flip a number of coins equal to the total number of Pokémon in play. For each heads, you may search your deck for a basic Energy card, show it to your opponent, and put it into your hand. Shuffle your deck afterward.",
neo1-31,Screech,"Until the end of your next turn, if an attack damages the Defending Pokémon (after applying Weakness and Resistance), that attack does 20 more damage to the Defending Pokémon",
neo1-31,Jaw Clamp,"Until the end of your opponent's next turn, as long as Croconaw is your Active Pokémon, the Defending Pokémon can't retreat, and if the effect of an attack, Pokémon Power, or Trainer card would change that player's Active Pokémon, that part of the effect does nothing.",30
neo1-32,Tackle,,20
neo1-32,Sweep Away,Discard the top 3 cards from your deck.,50
neo1-33,Punch,,20
neo1-33,Swift,"This attack's damage isn't affected by Weakness, Resistance, Pokémon Powers, or any other effects on the Defending Pokémon.",30
neo1-34,Discharge,Discard all Lightning Energy cards attached to Flaaffy in order to use this attack. Flip a number of coins equal to the number of Lightning Energy cards you discarded. This attack does 30 damage times then number of heads.,30×
neo1-34,Electric Current,"Take 1 Lightning Energy cards attached to Flaaffy and attach it to 1 of your Benched Pokémon. If you have no Benched Pokémon, discard that Energy card.",20
neo1-35,Quick Attack,"Flip a coin. If heads, this attack does 20 damage plus 10 more damage; if tails, this attack does 20 damage.",20+
neo1-35,Slam,Flip 2 coins. This attack does 30 damage times the number of heads.,30×
neo1-36,Strange Powder,"Flip a coin. If heads, the Defending Pokémon is now Confused. If tails, the Defending Pokémon is now Asleep.",20
neo1-36,Sticky Nectar,"Flip a coin. If heads, this attack does 20 damage plus 10 more damage and, until the end of your next turn, as long as Gloom is your Active Pokémon, the Defending Pokémon can't retreat, and if the effect of an attack, Pokémon Power, or Trainer card would change that player's Active Pokémon, that part of the effect does nothing. If tails, this attack does 20 damage.",20+
neo1-37,Tackle,,20
neo1-37,Raging Charge,"This attack does 10 damage plus 10 more damage for each damage counter on Granbull. Then, Granbull does 20 damage to itself.",10+
neo1-38,Floodlight,"Flip a coin. If heads, the Defending Pokémon is now Paralyzed.",20
neo1-39,Baton Pass,"If you have any Grass Pokémon on your Bench, remove all Grass Energy cards from Ledian and attach them to 1 of those Pokémon, then switch Ledian with that Pokémon.",30
neo1-40,Tail Slap,,20
neo1-40,Magma Punch,,40
neo1-41,Milk Drink,"Flip 2 coins. Remove 2 damage counters times the number of heads from Miltank. If it has fewer damage counters than that, remove all of them.",
neo1-41,Body Slam,"Flip a coin. If heads, the Defending Pokémon is now Paralyzed.",20
neo1-42,Wing Attack,,30
neo1-43,Tackle,,10
neo1-43,Endure,"Flip a coin. If heads, then if, during your opponent's next turn, Phanpy would be Knocked Out by an attack, Phanpy isn't Knocked Out and its remaining HP become 10 instead.",
neo1-44,Freeze,"Flip a coin. If heads, the Defending Pokémon can't attack. (Benching or evolving the Defending Pokémon ends this effect.)",10
neo1-44,Blizzard,"Flip a coin. If heads, this attack does 10 damage to each of your opponent's Benched Pokémon; if tails, this attack does 10 damage to each of your own Benched Pokémon. (Don't apply Weakness and Resistance for Benched Pokémon.)",30
neo1-45,Surf,,30
neo1-45,Earthquake,Does 10 damage to each of your own Benched Pokémon. (Don't apply Weakness and Resistance for Benched Pokémon.),60
neo1-46,Ember,Discard 1 Fire Energy card attached to Quilava in order to use this attack.,30
neo1-46,Fire Wind,"If your opponent has any Benched Pokémon, choose 1 of them. Flip 2 coins. For each heads, this attack does 10 damage to that Pokémon. (Don't apply Weakness and Resistance.)",20
neo1-47,Smokescreen,"If the Defending Pokémon tries to attack during your opponent's next turn, your opponent flips a coin. If tails, that attack does nothing.",20
neo1-47,Char,"If the Defending Pokémon doesn't have a Char counter on it, flip a coin. If heads, put a Char counter on it. A Char counter requires your opponent to flip a coin after every turn. If tails, put 2 damage counters on the Pokémon with that Char counter. (Char counters stay on the Pokémon as long as it's in play.)",30
neo1-48,Bubble,"Flip a coin. If heads, the Defending Pokémon is now Paralyzed.",10
neo1-48,Mud Splash,"If your opponent has any Benched Pokémon, choose 1 of them and flip a coin. If heads, this attack does 10 damage to that Pokémon. (Don't apply Weakness and Resistance for Benched Pokémon.)",30
neo1-49,Poisonpowder,The Defending Pokémon is now Poisoned.,10
neo1-49,Stun Spore,"Flip a coin. If heads, the Defending Pokémon is now Paralyzed.",10
neo1-50,Petal Dance,Flip 3 coins. This attack does 30 damage times the number of heads. Sunflora is now Confused (after doing damage).,30×
neo1-51,Poison Barb,The Defending Pokémon is now Poisoned.,10
neo1-52,Prophecy,Look at the top 3 cards of either player's deck and rearrange them as you like.,
neo1-52,Confuse Ray,"Flip a coin. If heads, the Defending Pokémon is now Confused.",30
neo1-53,Tackle,,10
neo1-53,Deflector,"During your opponent's next turn, whenever Chikorita takes damage, divide that damage in half (rounded down to the nearest 10). (Any other effects still happen.)",
neo1-54,Growl,"If the Defending Pokémon attacks Chikorita during your opponent's next turn, any damage done to Chikorita is reduced by 10 (before applying Weakness and Resistance). (Benching or evolving either Pokémon ends this effect.)",
neo1-54,Razor Leaf,,20
neo1-55,Supersonic,"Flip a coin. If heads, the Defending Pokémon is now Confused.",
neo1-55,Flail,Does 10 damage times the number of damage counters on Chinchou.,10×
neo1-56,Leer,"Flip a coin. If heads, the Defending Pokémon can't attack Cyndaquil during your opponent's next turn. (Benching or evolving either Pokémon ends this effect.)",
neo1-56,Swift,"This attack's damage isn't affected by Weakness, Resistance, Pokémon Powers, or any other effects on the Defending Pokémon.",20
neo1-57,Fireworks,"Flip a coin. If tails, discard 1 Energy card attached to Cyndaquil.",20
neo1-57,Quick Attack,"Flip a coin. If heads, this attack does 10 damage plus 20 more damage; if tails, this attack does 10 damage.",10+
neo1-58,Agility,"Flip a coin. If heads, during your opponent's next turn, prevent all effects of attacks, including damage, done to Girafarig.",10
neo1-58,Psybeam,"Flip a coin. If heads, the Defending Pokémon is now Confused.",20
neo1-59,Poison Sting,"Flip a coin. If heads, the Defending Pokémon is now Poisoned.",10
neo1-59,Slash,,20
neo1-60,Hypnosis,The Defending Pokémon is now Asleep.,
neo1-60,Peck,,20
neo1-61,Hop,,10
neo1-61,Sprout,Search your deck for a Basic Pokémon named Hoppip and put it onto your Bench. Shuffle your deck afterward. (You can't use this attack if your Bench is full.),
neo1-62,Fin Slap,"If an attack damaged Horsea during your opponent's last turn, this attack does 20 damage plus 10 more damage. If not, this attack does 20 damage.",20+
neo1-63,Supersonic,"Flip a coin. If heads, the Defending Pokémon is now Confused.",
neo1-63,Comet Punch,Flip 4 coins. This attack does 10 damage times the number of heads.,
neo1-64,Undulate,"Flip a coin. If heads, during your opponent's next turn, prevent all effects of attacks, including damage, done to Mantine.",20
neo1-65,Static Electricity,"For each Mareep in play, you may search your deck for a Lightning Energy card and attach it to Mareep. Shuffle your deck afterward.",
neo1-65,Thundershock,"Flip a coin. If heads, the Defending Pokémon is now Paralyzed.",20
neo1-66,Defense Curl,"Flip a coin. If heads, prevent all damage done to Marill during your opponent's next turn. (Any other effects of attacks still happen.)",
neo1-66,Bubble Bomb,"Flip a coin. If heads, the Defending Pokémon is now Paralyzed. If tails, Marill does 10 damage to itself.",30
neo1-67,Peck,,10
neo1-67,Telekinesis,Choose 1 of your opponent's Pokémon. This attack does 20 damage to that Pokémon. Don't apply Weakness and Resistance for this attack. (Any other effects that would happen after applying Weakness and Resistance still happen.),
neo1-68,Hide,"Flip a coin. If heads, during your opponent's next turn, prevent all effects of attacks, including damage, done to Oddish.",
neo1-68,Absorb,"Remove a number of damage counters from Oddish equal to half the damage done to the Defending Pokémon (after applying Weakness and Resistance) (rounded up to the nearest 10). If Oddish has fewer damage counters than that, remove all of them.",20
neo1-69,Screech,"Until the end of your next turn, if an attack damages the Defending Pokémon (after applying Weakness and Resistance), that attack does 20 more damage to the Defending Pokémon.",
neo1-69,Rage,Does 10 damage plus 10 more damage for each damage counter on Onix.,10+
neo1-70,Quick Attack,"Flip a coin. If heads, this attack does 10 damage plus 20 more damage; if tails, this attack does 10 damage.",10+
neo1-70,Agility,"Flip a coin. If heads, during your opponent's next turn, prevent all effects of attacks, including damage, done to Pikachu.",20
neo1-71,Fury Swipes,Flip 3 coins. This attack does 10 damage times the number of heads.,10×
neo1-72,Withdraw,"Flip a coin. If heads, prevent all damage done to Shuckle during your opponent's next turn. (Any other effects of attacks still happen.)",
neo1-72,Wrap,"Flip a coin. If heads, the Defending Pokémon is now Paralyzed.",20
neo1-73,Psyshock,"Flip a coin. If heads, the Defending Pokémon is now Paralyzed.",10
neo1-73,Water Gun,Does 10 damage plus 10 more damage for each Water Energy attached to Slowpoke but not used to pay for this attack's Energy cost. You can't add more than 20 damage in this way.,10+
neo1-74,Roar,"Flip a coin. If heads and if your opponent has any Benched Pokémon, he of she chooses 1 of them and switches it with the Defending Pokémon. (Do the damage before switching the Pokémon.)",
neo1-74,Lick,"Flip a coin. If heads, the Defending Pokémon is now Paralyzed.",10
neo1-75,Scary Face,"Flip a coin. If heads, until the end of your opponent's next turn, the Defending Pokémon can't attack or retreat.",
neo1-75,String Shot,"Flip a coin. If heads, the Defending Pokémon is now Paralyzed.",10
neo1-76,Stomp,"Flip a coin. If heads, this attack does 20 damage plus 10 more damage; if tails, this attack does 20 damage.",20+
neo1-76,Mystifying Horns,"Flip a coin. If heads, the Defending Pokémon is now Confused.",20
neo1-77,Flail,Does 10 damage times the number of damage counters on Sudowoodo.,10×
neo1-77,Rock Throw,,30
neo1-78,Growth,"Flip a coin. If heads, you may attach up to 2 Grass Energy cards from your hand to Sunkern.",
neo1-78,Mega Drain,"Remove a number of damage counters from Sunkern equal to half the damage done to the Defending Pokémon (after applying Weakness and Resistance) (rounded up to the nearest 10). If Sunkern has fewer damage counters than that, remove all of them.",30
neo1-79,Powder Snow,The Defending Pokémon is now Asleep.,10
neo1-80,Bite,,10
neo1-80,Rage,Does 10 damage plus 10 more damage for each damage counter on Totodile.,10+
neo1-81,Leer,"Flip a coin. If heads, the Defending Pokémon can't attack Totodile during your opponent's next turn. (Benching or evolving either Pokémon ends this effect.)",
neo1-81,Fury Swipes,Flip 3 coins. This attack does 10 damage times the number of heads.,10×
neo1-82,Amnesia,Choose 1 of the Defending Pokémon's attacks. That Pokémon can't use that attack during your opponent's next turn.,
neo1-82,Slam,Flip 2 coins. This attack does 20 damage times the number of heads.,20×
neo2-1,Bite,,20
neo2-1,Psychic,Does 30 damage plus 10 more damage for each Energy card attached to the Defending Pokémon.,30+
neo2-2,Rapid Spin,"If your opponent has any Benched Pokémon, he or she chooses 1 of them and switches it with his or her Active Pokémon, then, if you have any Benched Pokémon, you switch 1 of them with your Active Pokémon. (Do the damage before switching the Pokémon.)",30
neo2-3,Detect,"Flip a coin. If heads, during your opponent's next turn, prevent all effects of attacks, including damage, done to Hitmontop.",
neo2-3,Triple Kick,Flip 3 coins. This attack does 30 damage times the number of heads.,30×
neo2-4,Crunch,"Until the end of your next turn, if an attack damages the Defending Pokémon (after applying Weakness and Resistance), that attack does 20 more damage to the Defending Pokémon.",30
neo2-4,Flamethrower,Discard 1 Fire Energy card attached to Houndoom or this attack does nothing.,50
neo2-5,Smog,"Flip a coin. If heads, the Defending Pokémon is now Poisoned.",10
neo2-5,Collect Fire,"If there are any Fire Energy cards in your discard pile, choose 1 of them and attach it to Houndour.",20
neo2-6,Slash,,20
neo2-6,Hydrocutter,Flip a number of coins equal to the number of Energy cards attached to Kabutops. This attack does 40 damage times the number of heads. You can't flip more than 3 coins in this way.,40×
neo2-7,Lock-on,"During your next turn, treat any tails flipped when using Magnemite's Electric Bolt attack as if they were heads. (Benching or evolving either Pokémon ends this effect.)",
neo2-7,Electric Bolt,"Flip 2 coins. If both are heads, the Defending Pokémon is now Paralyzed. If either of them is tails, this attack does nothing (not even damage).",50
neo2-8,Doubleslap,Flip 2 coins. This attack does 40 damage times the number of heads.,40×
neo2-9,Corkscrew Punch,,30
neo2-9,Submission,Poliwrath does 20 damage to itself.,70
neo2-10,False Swipe,Does damage equal to half the Defending Pokémon's remaining HP (rounded down to the nearest 10).,
neo2-10,Double Claw,Flip 2 coins. This attack does 20 damage times the number of heads.,20+
neo2-11,Sketch,"If the Defending Pokémon attacked last turn, and Smeargle was in play during that attack, Smeargle copies that attack except for its Energy costs and anything else required in order to use that attack.",
neo2-12,Slam,Flip 2 coins. This attack does 30 damage times the number of heads.,30×
neo2-12,Trample,"For each Benched Pokémon in play (yours and your opponent's), flip a coin. If heads, this attack does 30 damage to that Pokémon. (Don't apply Weakness and Resistance for Benched Pokémon.)",50
neo2-13,Bite,,20
neo2-13,Feint Attack,,
neo2-14,Hidden Power,,10
neo2-15,Headpress,"Flip a coin. If heads, the Defending Pokémon is now Paralyzed. If tails, this attack does nothing (not even damage).",20
neo2-15,Double Lariat,Flip 2 coins. This attack does 40 damage times the number of heads.,40×
neo2-16,Counter,"If an attack damages Wobbuffet during your opponent's next turn (even if Wobbuffet is Knocked Out), flip a coin. If heads, Wobbuffet attacks the Defending Pokémon for an equal amount of damage.",
neo2-17,Shockwave,"Flip a coin. If heads, this attack does 10 damage to each of your opponent's Pokémon. Don't apply Weakness and Resistance. Then, if your opponent has any Benched Pokémon, he or she chooses 1 of them and switches it with the Defending Pokémon.",
neo2-17,Swift,"This attack's damage isn't affected by Weakness, Resistance, Pokémon Powers, or any other effects on the Defending Pokémon.",30
neo2-18,Triple Poison,"Flip a coin. If heads, the Defending Pokémon is now Poisoned. Your opponent now puts 3 damage counters on it instead of 1 after each player's turn (even if it was already Poisoned).",10
neo2-18,Pin Missile,Flip 4 coins. This attack does 20 damage times the number of heads.,20×
neo2-19,Magic Dust,"Flip a coin. If heads, the Defending Pokémon is now either Asleep, Confused, Paralyzed, or Poisoned (your choice).",20
neo2-19,Hyper Reverse,"Does 10 damage times the number of Energy attached to the Defending Pokémon. After doing damage, remove a number of damage counters from Butterfree equal to the amount of damage done to the Defending Pokémon (after applying Weakness and Resistance).",
neo2-20,Quick Attack,"Flip a coin. If heads, this attack does 10 damage plus 20 more damage; if tails, this attack does 10 damage.",10+
neo2-20,Psybeam,"Flip a coin. If heads, the Defending Pokémon is now Confused.",30
neo2-21,Rapid Spin,"If your opponent has any Benched Pokémon, he or she chooses 1 of them and switches it with his or her Active Pokémon, then, if you have any Benched Pokémon, you switch 1 of them with your Active Pokémon. (Do the damage before switching the Pokémon.)",30
neo2-22,Detect,"Flip a coin. If heads, during your opponent's next turn, prevent all effects of attacks, including damage, done to Hitmontop.",
neo2-22,Triple Kick,Flip 3 coins. This attack does 30 damage times the number of heads.,30×
neo2-23,Crunch,"Until the end of your next turn, if an attack damages the Defending Pokémon (after applying Weakness and Resistance), that attack does 20 more damage to the Defending Pokémon.",30
neo2-23,Flamethrower,Discard 1 Fire Energy card attached to Houndoom or this attack does nothing.,50
neo2-24,Smog,"Flip a coin. If heads, the Defending Pokémon is now Poisoned.",10
neo2-24,Collect Fire,"If there are any Fire Energy cards in your discard pile, choose 1 of them and attach it to Houndour.",20
neo2-25,Slash,,20
neo2-25,Hydrocutter,Flip a number of coins equal to the number of Energy cards attached to Kabutops. This attack does 40 damage times the number of heads. You can't flip more than 3 coins in this way.,40×
neo2-26,Lock-on,"During your next turn, treat any tails flipped when using Magnemite's Electric Bolt attack as if they were heads. (Benching or evolving either Pokémon ends this effect.)",
neo2-26,Electric Bolt,"Flip 2 coins. If both are heads, the Defending Pokémon is now Paralyzed. If either of them is tails, this attack does nothing (not even damage).",50
neo2-27,Doubleslap,Flip 2 coins. This attack does 40 damage times the number of heads.,40×
neo2-28,Corkscrew Punch,,30
neo2-28,Submission,Poliwrath does 20 damage to itself.,70
neo2-29,False Swipe,Does damage equal to half the Defending Pokémon's remaining HP (rounded down to the nearest 10).,
neo2-29,Double Claw,Flip 2 coins. This attack does 20 damage times the number of heads.,20+
neo2-30,Sketch,"If the Defending Pokémon attacked last turn, and Smeargle was in play during that attack, Smeargle copies that attack except for its Energy costs and anything else required in order to use that attack.",
neo2-31,Slam,Flip 2 coins. This attack does 30 damage times the number of heads.,30×
neo2-31,Trample,"For each Benched Pokémon in play (yours and your opponent's), flip a coin. If heads, this attack does 30 damage to that Pokémon. (Don't apply Weakness and Resistance for Benched Pokémon.)",50
neo2-32,Quick Attack,"Flip a coin. If heads, this attack does 10 damage plus 20 more damage; if tails, this attack does 10 damage.",10+
neo2-32,Pursuit,"During your opponent's next turn, if the Defending Pokémon tries to retreat, do 10 damage to it. (Don't apply Weakness and Resistance.)",30
neo2-33,Hidden Power,,10
neo2-34,Headpress,"Flip a coin. If heads, the Defending Pokémon is now Paralyzed. If tails, this attack does nothing (not even damage).",20
neo2-34,Double Lariat,Flip 2 coins. This attack does 40 damage times the number of heads.,40×
neo2-35,Counter,"If an attack damages Wobbuffet during your opponent's next turn (even if Wobbuffet is Knocked Out), flip a coin. If heads, Wobbuffet attacks the Defending Pokémon for an equal amount of damage.",
neo2-36,Shockwave,"Flip a coin. If heads, this attack does 10 damage to each of your opponent's Pokémon. Don't apply Weakness and Resistance. Then, if your opponent has any Benched Pokémon, he or she chooses 1 of them and switches it with the Defending Pokémon.",
neo2-36,Swift,"This attack's damage isn't affected by Weakness, Resistance, Pokémon Powers, or any other effects on the Defending Pokémon.",30
neo2-37,Recover,Discard 1 Water Energy card attached to Corsola or this attack does nothing. Remove all damage counters from Corsola.,
neo2-37,Spike Cannon,Flip 2 coins. This attack does 30 damage times the number of heads.,30×
neo2-38,Smash Kick,,10
neo2-39,Bite,,10
neo2-39,Plunder,"Before doing damage, discard all Trainer cards attached to the Defending Pokémon (before they affect the damage).",20
neo2-41,Secrete Poison,"During your opponent's next turn, whenever your opponent's attack damages Kakuna (even if Kakuna is Knocked Out), your opponent's Active Pokémon is now Poisoned and Kakuna does 10 damage to each of your opponent's Benched Pokémon. (Don't apply Weakness and Resistance for Benched Pokémon.)",
neo2-42,Harden,"During your opponent's next turn, whenever 20 or less damage is done to Metapod (after applying Weakness and Resistance), prevent that damage. (Any other effects of attacks still happen).",
neo2-42,Hatch,"Flip a coin. If heads, remove all damage counters from Metapod. Then, search your deck for a card that evolves from Metapod and attach that card to Metapod. This counts as evolving Metapod. Shuffle your deck afterward.",
neo2-43,Squeeze,"Flip a coin. If heads, this attack does 10 damage plus 20 more damage and the Defending Pokémon is now Paralyzed. If tails, this attack does 10 damage.",10+
neo2-43,Spike Barrage,Flip a number of coins equal to the number of Water Energy attached to Omastar. This attack does 20 damage plus 20 more damage for each heads.,20+
neo2-44,Belly Drum,"Put 3 damage counters on Poliwhirl. If this doesn't Knock Out Poliwhirl, search your deck for 2 Basic Energy cards and attach them to Poliwhirl. Shuffle your deck afterward.",
neo2-44,Water Gun,Does 30 damage plus 10 more damage for each Water Energy attached to Poliwhirl but not used to pay for this attack's Energy cost. You can't add more than 20 damage in this way.,30+
neo2-45,Skull Bash,,20
neo2-45,Dust Devil,Does 10 damage to each non-Fighting Pokémon in play. Don't apply Weakness and Resistance.,
neo2-46,Fury Cutter,"Flip 4 coins. This attack does 10 damage plus 10 more damage if exactly 1 is heads, or 20 more damage if exactly 2 are heads, or 40 more damage if exactly 3 are heads, or 80 more damage if all 4 are heads.",10+
neo2-47,Hidden Power,,10
neo2-48,Hidden Power,,10
neo2-49,Hidden Power,,10
neo2-50,Hidden Power,,10
neo2-51,Hidden Power,,10
neo2-52,Energy Cycle,"Flip a coin. If heads, choose 1 Energy card attached to the Defending Pokémon and 1 of your opponent's Benched Pokémon. Attach that Energy card to that Pokémon.",
neo2-52,Super Psy,,50
neo2-53,Spin Tackle,Caterpie does 10 damage to itself.,20
neo2-54,Glare,"Flip a coin. If heads, the Defending Pokémon is now Paralyzed.",10
neo2-55,Rolling Tackle,,20
neo2-56,Work Together,"Flip a coin. If heads, this attack does 10 damage plus 10 more damage for each Omanyte, Omastar, Kabuto, and Kabutops on your Bench.",10+
neo2-57,Bite,,10
neo2-58,Thunder Jolt,"Flip a coin. If tails, Mareep does 10 damage to itself.",30
neo2-59,Confuse Ray,"Flip a coin. If heads, the Defending Pokémon is now Confused",10
neo2-60,Bind,"Flip a coin. If heads, the Defending Pokémon is now Paralyzed.",10
neo2-61,Burst,"Flip a coin. If heads, Pineco does 40 damage to itself and 10 damage to each Pokémon on each player's Bench. (Don't apply Weakness and Resistance for Benched Pokémon.) Flip a coin. If tails, this attack does nothing (not even damage).",40
neo2-62,Rollout,,10
neo2-62,Hypnosis,The Defending Pokémon is now Asleep.,
neo2-63,Scout,Look at your opponent's hand.,
neo2-63,Tackle,,20
neo2-64,Poison Sting,"Flip a coin. If heads, the Defending Pokémon is now Poisoned.",20
neo2-65,Scratch,,10
neo2-65,Nap Time,Remove all damage counters from Teddiursa. Teddiursa is now Asleep.,
neo2-66,Smash Punch,"Flip a coin. If tails, this attack does nothing.",30
neo2-67,Hidden Power,,10
neo2-68,Hidden Power,,10
neo2-69,Hidden Power,,10
neo2-70,Spike Stab,"Flip a coin. If heads, the Defending Pokémon is now Poisoned. If tails, this attack does nothing (not even damage).",20
neo2-71,Slime,"If an attack would do damage to Wooper during your opponent's next turn, your opponent flips a coin. If tails, prevent all damage to Wooper from that attack. (Any other effects of that attack happen.)",
neo2-71,Tail Slap,,20
neo3-1,Attract Current,"Flip 3 coins. For each heads, you may search your deck for a Lightning Energy card and attach it to 1 of your Lightning Pokémon. Shuffle your deck afterward.",20
neo3-1,Gigavolt,"Flip a coin. If heads, this attack does 40 damage plus 20 more damage. If tails, this attack does 40 damage and the Defending Pokémon is now Paralyzed.",40+
neo3-2,Body Slam,"Flip a coin. If heads, the Defending Pokémon is now Paralyzed.",30
neo3-3,Psychic Damage,"Flip 3 coins. For each heads, put 1 damage counter on the Defending Pokémon.",
neo3-4,Triggered Poison,"If your opponent attaches an Energy card to the Defending Pokémon during his or her next turn, that Pokémon becomes Poisoned.",20
neo3-4,Cross Attack,"Flip 4 coins. This attack does 20 damage times the number of heads. If you get 2 or more heads, the Defending Pokémon is now Confused.",20×
neo3-5,Present,"Flip 3 coins. If exactly 1 is heads, this attack does 40 damage. If exactly 2 are heads, remove 3 damage counters from the Defending Pokémon. If the Defending Pokémon has fewer damage counters than that, remove all of them. If all 3 are heads, this attack does 60 damage. If all 3 are tails, remove all damage counters from the Defending Pokémon.",
neo3-6,Searing Flames,Discard 2 Fire Energy cards attached to Entei or this attack does nothing.,60
neo3-7,Stoke,You may search your deck for a Fire Energy card and attach it to Ho-Oh. Shuffle your deck afterward.,
neo3-7,Sacred Fire,"Flip a coin. If heads, choose 1 of your opponent's Pokémon. This attack does 40 damage to that Pokémon. Don't apply Weakness and Resistance.",
neo3-7,Dive Bomb,"Flip a coin. If tails, this attack does nothing.",90
neo3-8,Dark Flame,"Discard 1 Fire Energy card attached to Houndoom or this attack does nothing. If there are any Darkness Energy cards in your discard pile, attach 1 of them to Houndoom.",20
neo3-8,Black Fang,Flip a number of coins equal to the number of Darkness Energy attached to Houndoom. This attack does 30 damage plus 10 more damage for each heads.,30+
neo3-9,Evolutionary Spore,"Choose any number of your Hoppips and Skiplooms. Then, for each Pokémon you chose in this way, you may search your deck for a card that evolves from that Pokémon and attach it to that Pokémon. (This counts as evolving those Pokémon.) Shuffle your deck afterward.",
neo3-9,Solarbeam,,30
neo3-10,Plasma,"If there are any Lightning Energy cards in your discard pile, attach 1 of them to Magneton.",30
neo3-11,Night Eyes,The Defending Pokémon is now Asleep.,
neo3-11,Perish Song,"If the Defending Pokémon is Asleep and was attacked with Night Eyes during your last turn, it is Knocked Out.",
neo3-12,Delta Beam,"Flip a coin. If heads, choose whether the Defending Pokémon becomes Asleep, Confused, or Paralyzed.",20
neo3-13,Lightning Tackle,"Flip a coin. If tails, Raikou does 20 damage to itself.",50
neo3-14,Aurora Wave,"Flip 2 coins. If both are heads, the Defending Pokémon is now Paralyzed. If only 1 is heads, the Defending Pokémon is now Asleep.",30
neo3-15,Fly,"Flip a coin. If heads, during your opponent's next turn, prevent all effects of attacks, including damage, done to Aerodactyl. If tails, this attack does nothing (not even damage).",30
neo3-16,Psychic Leaf,"Flip a coin for each Energy attached to the Defending Pokémon. This attack does 10 damage plus 10 more damage for each heads. Remove a number of damage counters from Celebi equal to the damage done to the Defending Pokémon (after applying Weakness and Resistance). If Celebi has fewer damage counters than that, remove all of them.",10+
neo3-17,Mega Flame,"Flip 2 coins. For each tails, discard 1 Fire Energy card from Entei, if it has any.",50
neo3-18,Rainbow Burn,"This attack does 30 damage plus 10 more damage for each type of Basic Energy card, if any, attached to Ho-Oh.",30+
neo3-19,Genetic Memory,Use any attack from Kingdra's Basic Pokémon card or Evolution card. (Kingdra doesn't have to pay for that attack's Energy cost.),
neo3-19,Twister,"Flip 2 coins. For each heads, choose 1 Energy card attached to the Defending Pokémon, if any, and discard it. If both are tails, this attack does nothing (not even damage).",50
neo3-20,Aerowing,"You may flip a coin. If heads, this attack does 80 damage. If tails, this attack does nothing.",40
neo3-21,Thundershock,"Flip a coin. If heads, the Defending Pokémon is now Paralyzed.",20
neo3-21,Lightning Strike,"You may discard all Lightning Energy cards attached to Raichu. If you do, this attack does 80 damage.",40
neo3-22,Lightning Spark,"If your opponent has any Benched Pokémon, flip a coin. If heads, choose 1 of them and this attack does 20 damage to it. (Don't apply Weakness and Resistance for Benched Pokémon.)",30
neo3-23,Fury Attack,Flip 2 coins. This attack does 10 damage times the number of heads.,10×
neo3-23,Agility,"Flip a coin. If heads, during your opponent's next turn, prevent all effects of attacks, including damage, done to Skarmory.",20
neo3-24,Swipe,"Flip a coin. If heads, discard all Trainer cards attached to your opponent's Pokémon.",
neo3-24,Quick Attack,"Flip a coin. If heads, this attack does 10 damage plus 20 more damage.",10+
neo3-25,Confuse Ray,"Flip a coin. If heads, the Defending Pokémon is now Confused.",10
neo3-25,Core Stream,Choose an Energy type other than Colorless. This attack does 20 damage to each of your opponent's Pokémon with any Energy cards of that type attached to it. Don't apply Weakness and Resistance.,
neo3-26,Slam,Flip 2 coins. This attack does 20 damage times the number of heads.,20×
neo3-27,Crystal Wave,"Flip a coin. If heads, this attack does 30 damage plus 10 more damage. If tails, this attack does 30 damage and, if your opponent has any Benched Pokémon, he or she chooses 1 of them and switches it with the Defending Pokémon. (Do the damage before switching the Pokémon.)",30+
neo3-28,Electric Punch,,20
neo3-28,Tail Shock,"Flip a coin. If heads, this attack does 10 damage to each of your opponent's Benched Pokémon. (Don't apply Weakness and Resistance for Benched Pokémon.)",30
neo3-29,Screech,"Until the end of your next turn, if an attack damages the Defending Pokémon (after applying Weakness and Resistance), that attack does 20 more damage to the Defending Pokémon.",
neo3-29,Poison Bite,"If this attack damages the Defending Pokémon, the Defending Pokémon is now Poisoned and you remove a number of damage counters from Golbat equal to half that damage (rounded up to the nearest 10). If Golbat has fewer damage counters than that, remove all of them. Either way, the Defending Pokémon is now Poisoned.",10
neo3-30,Earthquake,Does 10 damage to each of your own Benched Pokémon. (Don't apply Weakness and Resistance for Benched Pokémon.),40
neo3-30,Rock Tumble,Don't apply Resistance.,50
neo3-31,Freezing Kiss Goodnight,The Defending Pokémon is now Asleep.,
neo3-31,Strange Dance,"Flip a coin. If heads, this attack does 20 damage plus 20 more damage and the Defending Pokémon is now Confused. If tails, this attack does 20 damage.",20+
neo3-32,Blinding Light,"Flip a coin. If heads, the Defending Pokémon is now Confused.",30
neo3-33,Lava Flow,"You may discard any number of Fire Energy cards attached to Magcargo when you use this attack. If you do, this attack does 40 damage plus 20 more damage for each Fire Energy card you discarded in this way.",40+
neo3-34,Constrict,"Flip a coin. If heads, the Defending Pokémon is now Paralyzed.",10
neo3-34,Octazooka,"Flip a coin. If heads, whenever the Defending Pokémon attacks, your opponent flips a coin. If tails, that attack does nothing. (Benching or evolving that Pokémon ends this effect.)",40
neo3-35,Sleep Pinchers,"Flip a coin. If heads, the Defending Pokémon is now Asleep.",30
neo3-36,Nap,"Remove 3 damage counters from Piloswine. If it has fewer damage counters than that, remove all of them.",
neo3-36,High-Speed Charge,Piloswine does 30 damage to itself. Piloswine can't use this attack during your next turn.,80
neo3-37,Rising Lunge,"Flip a coin. If heads, this attack does 10 damage plus 10 more damage. If tails, this attack does 10 damage.",10+
neo3-37,Horn Swipe,"Flip 2 coins. If both are heads, this attack does 20 damage plus 40 more damage. If 1 or both of them are tails, this attack does 20 damage.",20+
neo3-38,Terrorize,"If the Defending Pokémon is a Basic Pokémon, choose 1 of its attacks. That Pokémon can't use that attack during your opponent's next turn.",
neo3-38,Overhead Toss,"If you have any Benched Pokémon, flip a coin. If tails, this attack does 10 damage to 1 of them. (Don't apply Weakness and Resistance for Benched Pokémon.)",30
neo3-39,Hidden Power,,10
neo3-40,Hidden Power,,10
neo3-41,Grab,Choose a Trainer card attached to 1 of your opponent's Pokémon. Your opponent shuffles that card into his or her deck.,
neo3-41,Tail Punch,,20
neo3-42,Positive Ion,"Flip a coin. If heads, this attack does 10 damage plus 10 more damage. If tails, this attack does 10 damage.",10+
neo3-42,Negative Ion,"If the Defending Pokémon attacks Chinchou during your opponent's next turn, any damage done to Chinchou is reduced by 10 (before applying Weakness and Resistance). (Benching or evolving either Pokémon ends this effect.)",10
neo3-43,Gust,,10
neo3-43,Leek Jab,This attack can't be used during your next turn. (Benching Farfetch'd ends this effect.),40
neo3-44,Knuckle Punch,,20
neo3-45,Fin Smack,Flip 2 coins. This attack does 10 damage times the number of heads.,10×
neo3-46,Call for Family,Search your deck for a Basic Pokémon card named Murkrow and put it onto your Bench. Shuffle your deck afterward. (You can't use this attack if your Bench is full.),
neo3-46,Flock Attack,Flip a number of coins equal to the number of Murkrows on your Bench. This attack does 10 damage plus 10 more damage for each heads.,10+
neo3-47,Sleep Spore,"Flip a coin. If heads, the Defending Pokémon is now Asleep.",10
neo3-47,Scratch,,20
neo3-48,Mud Slap,,30
neo3-48,Whirlpool,"If the Defending Pokémon has any Energy cards attached to it, choose 1 of them and discard it.",40
neo3-49,Poison Sting,"Flip a coin. If heads, the Defending Pokémon is now Poisoned.",10
neo3-49,Needle Storm,Flip a coin until you get tails. This attack does 20 damage times the number of heads you get.,20×
neo3-50,Sharpshooting,"Flip a coin. If heads, choose 1 of your opponent's Pokémon. This attack does 20 damage to that Pokémon. Don't apply Weakness and Resistance.",
neo3-51,Toxic Saliva,"Flip a coin. If heads, the Defending Pokémon is now Poisoned. It now takes 20 Poison damage instead of 10 after each player's turn (even if it was already Poisoned).",
neo3-52,Hop,,20
neo3-52,Mysterious Powder,"Flip a coin. If heads, the Defending Pokémon is now Confused.",10
neo3-53,Flare,,10
neo3-53,Magma Ring,The Defending Pokémon can't retreat during your opponent's next turn.,20
neo3-54,Psykiss,"Flip a coin. If heads, choose a Special Energy card attached to 1 of your opponent's Pokémon. Your opponent shuffles that card into his or her deck.",
neo3-55,Bite,,10
neo3-55,Raging Headbutt,"Flip a coin. If heads, this attack does 10 damage plus 10 damage times the number of damage counters on Snubbull. If tails, this attack does 10 damage.",10+
neo3-56,Tackle,,10
neo3-56,Bubblebeam,"Flip a coin. If heads, the Defending Pokémon is now Paralyzed.",10
neo3-57,Tackle,,10
neo3-57,Take Down,Swinub does 10 damage to itself.,30
neo3-58,Hidden Power,,10
neo3-59,Bite,,10
neo3-59,Poison Spray,The Defending Pokémon is now Poisoned.,
neo3-65,Outrage,"Flip a coin. If heads, this attack does 30 damage plus 10 more damage for each damage counter on Shining Gyarados. If tails, this attack does nothing.",30+
neo3-65,Devastate,"Discard 2 Fire Energy cards attached to Shining Gyarados or this attack does nothing. This attack does 10 damage to each of your opponent's Benched Pokémon. (Don't apply Weakness and Resistance for Benched Pokémon.) Then, flip a coin. If heads, choose 1 Energy card attached to each of your opponent's Pokémon that has any Energy cards attached to it and discard those Energy cards.",50
neo3-66,Gold Scale,"Your opponent may draw 2 cards. Either way, you may draw 2 cards.",
neo3-66,Dragon Bond,"Search your deck for a card named Gyarados, Dark Gyarados, or Shining Gyarados. Show it to your opponent and put it into your hand. Shuffle your deck afterward.",
neo4-1,Shock Bolt,Discard all Lightning Energy cards attached to Dark Ampharos or this attack does nothing.,50
neo4-2,Dark Drain,"Flip a coin for each of your opponent's Pokémon. For each heads, this attack does 10 damage to that Pokémon. Don't apply Weakness and Resistance. Remove a number of damage counters from Dark Crobat equal to the damage dealt. If Dark Crobat has fewer damage counters than that, remove all of them.",
neo4-3,Tusk Toss,"If your opponent has any Benched Pokémon, flip a coin. If heads, return the Defending Pokémon and all cards attached to it to your opponent's hand. If tails, your opponent chooses 1 of his or her Benched Pokémon and switches it with the Defending Pokémon.",
neo4-3,Giant Tusk,,50
neo4-4,Gouge,"Flip a coin. If heads, this attack does 10 damage plus 10 more damage; if tails, this attack does 10 damage.",10+
neo4-4,Psysplash,Does 10 damage to each of your opponent's Pokémon for each Energy card attached to that Pokémon. Don't apply Weakness and Resistance.,
neo4-5,Crushing Blow,"If the Defending Pokémon has any Energy cards attached to it, flip a coin. If heads, choose 1 of those cards and discard it.",50
neo4-6,Pull In,"If your opponent has any Benched Pokémon, you may choose 1 of them and switch it with the Defending Pokémon (before doing damage or other effects of this attack). Either way, the Defending Pokémon is now Asleep.",30
neo4-7,Eerie Howl,"If your opponent's Bench isn't full, look at his or her hand. If your opponent has any Baby Pokémon or Basic Pokémon there, choose 1 of them and put it on his or her Bench. Then, switch it with the Defending Pokémon.",
neo4-7,Dark Fire,"If there are any Darkness Energy cards attached to Dark Houndoom, discard 1 of them and this attack does 30 damage plus 20 more damage (plus 10 more damage for the Darkness Energy you discarded). If there aren't any, this attack does 30 damage.",30+
neo4-8,Curve Attack,"Flip a coin. If heads, prevent all damage done by attacks to Dark Porygon2 during your opponent's next turn. (Any other effects of attacks still happen.)",20
neo4-9,Threaten,"Flip a coin. If heads, look at your opponent's hand. If he or she has any Trainer cards there, choose 1 of them. Your opponent shuffles that card into his or her deck.",
neo4-9,Slash,,30
neo4-10,Claw Swipe,,20
neo4-10,Rushing Flames,You may discard any number of Fire Energy cards attached to your Pokémon. Flip a coin for each Fire Energy card discarded in this way. This attack does 40 damage times the number of heads.,40×
neo4-11,Mountain Smasher,"Flip a number of coins equal to the number of Fighting Energy cards attached to Dark Tyranitar. This attack does 20 damage times the number of heads. Then, for each heads, discard the top card from your opponent's deck.",20×
neo4-11,Fling Away,"If your opponent has any Benched Pokémon, this attack does 30 damage instead of 50 and choose 1 of those Benched Pokémon. This attack does 30 damage to that Pokémon. (Don't apply Weakness and Resistance for Benched Pokémon.)",50
neo4-12,Gentle Flames,"If the Defending Pokémon is a Baby Pokémon, this attack does 10 damage instead of 50. If the Defending Pokémon is a Basic Pokémon, this attack does 30 damage instead of 50.",50
neo4-13,Bubble,"Flip a coin. If heads, the Defending Pokémon is now Paralyzed.",10
neo4-13,Bubble Jump,"If you have any Benched Pokémon, flip a coin. If heads, take 2 Energy cards attached to Light Azumarill and attach them to 1 of your Benched Pokémon. Then return Light Azumarill and all cards attached to it to your hand.",30
neo4-14,Light Wave,"Prevent all effects of attacks, other than damage, done to Light Dragonite during your opponent's next turn.",40
neo4-15,Sweet Kiss,Your opponent may draw a card.,30
neo4-17,Entangle,"If your opponent has any Benched Pokémon, choose 1 of them and switch it with the Defending Pokémon, then flip a coin. If heads, the new Defending Pokémon is now Paralyzed.",
neo4-17,Poison Bind,"The Defending Pokémon is now Poisoned. Flip a coin. If heads, the Defending Pokémon can't retreat until the end of your opponent's next turn and if the effect of an attack, Pokémon Power, or Trainer card would change that player's Active Pokémon, that part of the effect does nothing.",30
neo4-18,Ball of Flame,"You may discard a Fire Energy card attached to Dark Magcargo when you use this attack. If you do and if your opponent has any Benched Pokémon, choose 1 of them and this attack does 20 damage to it. (Don't apply Weakness and Resistance for Benched Pokémon.)",20
neo4-19,Prehistoric Water,"If your opponent has any evolved Pokémon in play, choose 1 of them and flip a coin. If heads, your opponent takes the highest Stage Evolution card on that Pokémon and shuffles it into his or her deck.",
neo4-19,Dark Tentacle,"During your opponent's next turn, the Defending Pokémon can't evolve except from effects of attacks or Pokémon Powers. (Benching that Pokémon ends this effect.)",30
neo4-20,Mind Shock,Don't apply Weakness or Resistance for this attack.,30
neo4-21,Provoke,"Look at your opponent's hand. If he or she has any Baby Pokémon and/or Basic Pokémon there, you may put any number of them onto your opponent's Bench (as long as there's room). Then, your opponent looks at your hand. If you have any Baby Pokémon and/or Basic Pokémon there, your opponent may put any number of them onto your Bench (as long as there's room).",
neo4-21,Battle Frenzy,"For each Pokémon in play (yours and your opponent's), flip a coin. For each heads, this attack does 20 damage to that Pokémon. Don't apply Weakness and Resistance for this attack.",
neo4-22,Healing Light,Remove 1 damage counter from each of your Pokémon that has any damage counters on it.,
neo4-22,Protective Wave,"Flip a coin. If heads, during your opponent's next turn, prevent all effects of attacks, including damage, done to Light Dragonair.",20
neo4-23,Searchlight,"Flip a coin. If heads, each player may choose a card from his or her discard pile and put it into his or her hand.",
neo4-23,Spark,"If your opponent has any Benched Pokémon, choose 1 of them and this attack does 10 damage to it. (Don't apply Weakness and Resistance for Benched Pokémon.)",30
neo4-24,Flash Touch,"If you have any Benched Pokémon, switch 1 of them with Light Ledian. As long as that Pokémon is your Active Pokémon, it can't become Asleep, Confused, Paralyzed, or Poisoned. (All other effects of attacks, Pokémon Powers, and Trainer cards still happen.)",
neo4-24,Comet Punch,Flip 4 coins. This attack does 20 damage times the number of heads.,20×
neo4-25,Beatdown,"If the Defending Pokémon has Dark in its name or is a Darkness Pokémon, flip a coin. If heads, this attack does 100 damage instead of 50.",50
neo4-26,Knock Over,"If there is a Stadium card in play, you may discard it.",30
neo4-27,Hidden Power,,10
neo4-28,Hidden Power,,10
neo4-29,Hidden Power,,10
neo4-30,Hidden Power,,10
neo4-31,Doubleslap,Flip 2 coins. This attack does 20 damage times the number of heads.,20×
neo4-31,Egg Toss,"Flip 2 coins. If either of them is tails, this attack does nothing.",80
neo4-32,Clamping Jaw,"The Defending Pokémon can't retreat during your opponent's next turn. If the Defending Pokémon tries to attack during your opponent's next turn, your opponent flips a coin. If tails, that attack does nothing. (Benching either Pokémon ends this effect.)",20
neo4-33,Triple Headbutt,Flip 3 coins. This attack does 10 damage times the number of heads.,10×
neo4-33,MAX Burst,Flip a number of coins equal to the number of Energy cards attached to your opponent's Pokémon. This attack does 20 damage times the number of heads.,20×
neo4-34,High Voltage,"Flip a coin. If heads, your opponent can't play Trainer cards during his or her next turn.",10
neo4-34,Stun Wave,"If the Defending Pokémon has a Pokémon Power, that power stops working until the end of your next turn.",30
neo4-35,Armor Up,"Until the end of your next turn, if Dark Forretress would be Knocked Out by damage from an attack, flip a coin. If heads, Dark Forretress is not Knocked Out and its remaining HP become 10 instead.",
neo4-35,Explosion,Dark Forretress does 60 damage to itself.,60
neo4-36,Call Back,Put a Baby Pokémon or Basic Pokémon card from your opponent's discard pile onto his or her Bench. Put 1 damage counter on that Pokémon. (You can't use this attack if your Bench is full.),
neo4-36,Surround,"Flip a coin. If heads, the Defending Pokémon is now Asleep. If tails, the Defending Pokémon can't retreat during your opponent's next turn.",20
neo4-37,Water Cannon,Choose 1 of your opponent's Pokémon. This attack does 10 damage for each Water Energy card attached to Dark Omanyte. Don't apply Weakness and Resistance. You can't do more than 30 damage in this way.,
neo4-38,Rock Tackle,Dark Pupitar does 10 damage to itself. Dark Pupitar can't use this attack during your next turn.,40
neo4-38,Explosive Evolution,"Flip a coin. If heads, this attack does 10 damage to each of your opponent's Pokémon. Don't apply Weakness and Resistance. Then, search your deck for an Evolution card named Dark Tyranitar and put it on Dark Pupitar. (This counts as evolving Dark Pupitar.) Shuffle your deck afterward.",
neo4-39,Incinerate,"Show the top card of your opponent's deck to all players. If it's a Trainer card, discard it.",
neo4-39,Rushing Magma,"Discard the top 5 cards of your deck. (If there are fewer than 5 cards in your deck, discard all of them.) This attack does 20 damage for each Fire Energy card you discarded in this way.",20×
neo4-40,Dark Song,"Flip a coin. If heads, the Defending Pokémon is now Asleep. If tails, the Defending Pokémon is now Confused.",
neo4-40,Slap Awake,"If the Defending Pokémon is Asleep or Confused, this attack does 20 damage plus 20 more damage. Then, the Defending Pokémon is no longer Asleep or Confused.",20+
neo4-41,Tackle,,20
neo4-41,Charging Horn,"Flip a coin. If heads, this attack does 30 damage plus 30 more damage. If tails, this attack does 30 damage.",30+
neo4-42,One-Two Kick,Flip 2 coins. This attack does 20 damage times the number of heads.,20×
neo4-42,Heel Drop,"Flip a coin. If tails, this attack does nothing.",60
neo4-43,Corner,The Defending Pokémon can't retreat during your opponent's next turn.,
neo4-43,Lunge,"Flip a coin. If tails, this attack does nothing.",30
neo4-44,Expand,All damage done to Jigglypuff during your opponent's next turn is reduced by 10 (after applying Weakness and Resistance).,10
neo4-45,Freezing Breath,"Flip a coin. If heads, the Defending Pokémon is now Paralyzed. If tails, the Defending Pokémon is now Asleep.",10
neo4-45,Ice Pillar,"Until the end of your opponent's next turn, as long as Light Dewgong is your Active Pokémon, prevent all damage done by attacks to your Benched Pokémon. (Any other effects of attacks still happen.)",40
neo4-46,Warm Up,"If you have any benched Pokémon, search your deck for a Fire Energy card and attach it to 1 of them. Then shuffle your deck.",
neo4-46,Burning Flame,"Flip 2 coins. For each heads, discard a Fire Energy card attached to Light Flareon or this attack does nothing. This attack does 30 damage plus 20 damage for each heads.",30+
neo4-47,Flipper Stroke,"Your opponent looks at the top 3 cards of his or her deck. If any of them are basic Energy cards, he or she may show any number of them to you and put them into his or her hand. You do the same. Either way, each player shuffles his or her deck.",
neo4-47,Core Blast,This attack does 30 damage plus 20 more damage for each Special Energy card attached to the Defending Pokémon.,30+
neo4-48,Pulse Guard,"During your opponent's next turn, whenever 30 or more damage is done to Light Jolteon (after applying Weakness and Resistance), prevent that damage. (Any other effects of attacks still happen.)",
neo4-48,Thunder Needle,"Flip 3 coins. This attack does 20 damage times the number of heads. If you get 2 or more heads, the Defending Pokémon is now Paralyzed.",20×
neo4-49,Return Home,"If you have any Benched Pokémon, shuffle 1 of them and all cards attached to it into your deck.",
neo4-49,Gentle Kick,"If the Defending Pokémon has no damage counters on it, this attack does 40 damage. If it has any, this attack does 20 damage.",40
neo4-50,Guiding Flame,Put a Baby Pokémon or a Basic Pokémon card from your discard pile onto your Bench. (You can't use this attack if your Bench is full.),
neo4-50,Fire Blast,Discard a Fire Energy card attached to Light Ninetales in order to use this attack.,50
neo4-51,Fish Out,"Your opponent may choose up to 3 Baby Pokémon, Basic Pokémon, and/or Evolution cards from his or her discard pile and shuffle them into his or her deck. Either way, you may do the same.",
neo4-51,Splash About,"If there are more Energy attached to the Defending Pokémon than to Light Slowbro, this attack does 20 damage plus 20 more damage. If not, this attack does 20 damage.",20+
neo4-52,Wash Away,"If you have any Benched Pokémon, flip a coin. If heads, remove all damage counters from 1 of your Benched Pokémon and discard all Energy cards attached to it.",
neo4-52,Hypnoshower,The Defending Pokémon is now Asleep. Remove 1 damage counter from each Benched Pokémon (yours and your opponent's) with any damage counters on it.,30
neo4-53,Mysterious Wing,"Your opponent may choose a Baby Pokémon, Basic Pokémon, or Evolution card from his or her discard pile and put it into his or her hand. Either way, you may do the same.",
neo4-53,Synchronize,"If Light Venomoth and the Defending Pokémon have a different number of Energy cards attached to them, this attack does nothing.",40
neo4-54,Evolution Song,"Your opponent may choose 1 of his or her Pokémon and search his or her deck for a card that evolves from that Pokémon. Your opponent attaches that card to that Pokémon. This counts as evolving that Pokémon. Either way, you may do the same, and then each player who searched shuffles his or her deck.",
neo4-54,Body Slam,"Flip a coin. If heads, the Defending Pokémon is now Paralyzed.",20
neo4-55,Agility,"Flip a coin. If heads, during your opponent's next turn, prevent all effects of attacks, including damage, done to Scyther.",10
neo4-55,Sharp Sickle,,40
neo4-56,Charm,"If the Defending Pokémon attacks during your opponent's next turn, any damage it does is reduced by 10 (before applying Weakness and Resistance).",
neo4-56,Spike Ball Tackle,Togepi does 10 damage to itself.,20
neo4-57,Hidden Power,,10
neo4-58,Hidden Power,,10
neo4-59,Hidden Power,,10
neo4-60,Hidden Power,,10
neo4-61,Smokescreen,"If the Defending Pokémon tries to attack during your opponent's next turn, your opponent flips a coin. If tails, that attack does nothing.",10
neo4-62,Ink Blast,This attack does 20 damage plus 10 more damage for each Energy attached to Dark Octillery but not used to pay for this attack's Energy cost. You can't add more than 20 damage in this way.,20+
neo4-62,Tentacle Wrap,"Flip a coin. If heads, the Defending Pokémon is now Paralyzed. If tails, during your opponent's next turn, your opponent pays Colorless more to retreat the Defending Pokémon.",20
neo4-63,Shed,Remove 1 damage counter from Dratini.,
neo4-63,Fury Attack,Flip 2 coins. This attack does 10 damage times the number of heads.,10×
neo4-64,Sleep Powder,The Defending Pokémon is now Asleep.,10
neo4-64,Psyshock,"Flip a coin. If heads, the Defending Pokémon is now Paralyzed.",10
neo4-65,Nightmare,The Defending Pokémon is now Asleep.,10
neo4-66,Tail Bite,"Flip a coin. If heads, this attack does 10 damage plus 20 more damage; if tails, this attack does 10 damage.",10+
neo4-66,Psychic,Does 10 damage plus 10 more damage for each Energy card attached to the Defending Pokémon.,10+
neo4-67,Stun Poison,"Flip a coin. If heads, the Defending Pokémon is now Paralyzed and Poisoned.",10
neo4-68,Bite,,20
neo4-69,Dodge,"If Hitmonchan would be damaged by an attack during your opponent's next turn, flip a coin. If heads, prevent that attack's damage done to Hitmonchan. (Any other effects of attacks still happen.)",
neo4-69,Supersonic Jab,,40
neo4-70,Leer,"Flip a coin. If heads, the Defending Pokémon can't attack during your opponent's next turn. (Benching or evolving either Pokémon ends this effect.)",
neo4-70,Rock Throw,,20
neo4-71,Swift,"This attack's damage isn't affected by Weakness, Resistance, Pokémon Powers, or any other effects on the Defending Pokémon.",20
neo4-72,Reflected Sunlight,Attach up to 2 Grass Energy cards from your hand to 1 of your Grass Pokémon.,
neo4-72,Solarbeam,,40
neo4-73,Chop,,10
neo4-73,Punch,,20
neo4-74,Giant Wave,Mantine can't attack during your next turn.,40
neo4-75,Headbutt,,10
neo4-76,Crushing Step,"Flip a coin. If heads, this attack does 10 damage plus 10 more damage; if tails, this attack does 10 damage.",10+
neo4-77,Tackle,,20
neo4-78,Sharpen,,20
neo4-79,Flipper Splash,,10
neo4-79,Migraine,"Flip a coin. If heads, the Defending Pokémon is now Confused. If tails, Psyduck is now Confused.",20
neo4-80,Fury Strikes,Flip 3 coins. This attack does 10 damage times the number of heads.,10×
neo4-81,Take Down,Seel does 10 damage to itself.,30
neo4-82,Combustion,,30
neo4-83,Rollout,,10
neo4-83,Sunbathe,"Flip a coin. If heads, remove all damage counters from Sunkern. Search your deck for a card that evolves from Sunkern and attach that card to Sunkern. This counts as evolving Sunkern. Shuffle your deck afterward.",
neo4-84,Generate Cold,"Flip a coin. If heads, the Defending Pokémon is now Paralyzed.",20
neo4-85,Water Gun,Does 10 damage plus 10 more damage for each Water Energy attached to Totodile but not used to pay for this attack's Energy cost. You can't add more than 20 damage in this way.,10+
neo4-86,Hidden Power,,10
neo4-87,Hidden Power,,20
neo4-88,Hidden Power,,20
neo4-89,Hidden Power,,10
neo4-90,Gnaw,,10
neo4-90,Poisonpowder,The Defending Pokémon is now Poisoned.,10
neo4-91,Ember,Discard 1 Fire Energy card attached to Vulpix in order to use this attack.,30
neo4-106,Healing Water,"Remove a number of damage counters from 1 of your Benched Pokémon equal to the number of Water Energy cards attached to Shining Celebi. If the Pokémon has fewer damage counters than that, remove all of them.",
neo4-106,Miracle Leaf,"Flip a number of coins equal to the number of Energy attached to the Defending Pokémon. If you get 1 or more heads, the Defending Pokémon is now Asleep, Confused, or Poisoned (your choice).",10
neo4-107,White-hot Flame,"Discard 1 Fire Energy card and 1 Lightning Energy card attached to Shining Charizard or this attack does nothing. Flip a coin. If tails, Shining Charizard does 30 damage to itself.",100
neo4-108,Lightning Cut,"Flip a coin. If heads, this attack does 30 damage plus 10 more damage and does 10 damage to each of your opponent's Benched Pokémon. (Don't apply Weakness and Resistance for Benched Pokémon.) If tails, this attack does 30 damage and Shining Kabutops does 10 damage to itself.",30+
neo4-108,Water Slash,Does 50 damage plus 10 more damage for each Water Energy attached to Shining Kabutops but not used to pay for this attack's Energy cost. Don't apply Resistance.,50+
neo4-109,Reflect Shield,"If an attack does damage to Shining Mewtwo during your opponent's next turn (even if Shining Mewtwo is Knocked Out), flip a coin. If heads, prevent all damage done to Shining Mewtwo from that attack (any other effects of attacks still happen) and do 20 damage to the attacking Pokémon.",
neo4-109,Psyburst,Discard a Fire Energy card attached to Shining Mewtwo or this attack does nothing. This attack does 40 damage plus 10 damage for each Energy attached to the Defending Pokémon.,40+
neo4-110,Flashing Eyes,"Flip 3 coins. If exactly 1 is heads, the Defending Pokémon is now Asleep. If exactly 2 are heads, the Defending Pokémon is now Confused. If all 3 are heads, the Defending Pokémon is now Paralyzed.",30
neo4-111,Thundersquall,"If your opponent has any Benched Pokémon, choose 1 of them and this attack does 10 damage to that Pokémon for each Water Energy attached to Shining Raichu. (Don't apply Weakness and Resistance for Benched Pokémon.)",40
neo4-112,Crushing Earth,"Flip a coin. If heads, this attack does 10 damage to each Benched Pokémon (yours and your opponent's). (Don't apply Weakness and Resistance for Benched Pokémon.) If tails, this attack does nothing. Either way, Shining Steelix can't attack during your next turn.",80
neo4-113,Mountain Crush,"Flip a coin until you get tails. For each heads, your opponent discards the top card from his or her deck.",30
neo4-113,Destructive Fire,"Flip a coin for each Fire Energy card attached to Shining Tyranitar. For each heads, discard a Fire Energy card attached to Shining Tyranitar or this attack does nothing. Then, for each heads, choose an Energy card attached to the Defending Pokémon and discard it. If it has fewer Energy cards than that, remove all of them.",50
base6-1,Confuse Ray,"Flip a coin. If heads, the Defending Pokémon is now Confused.",30
base6-2,Freeze Dry,"Flip a coin. If heads, the Defending Pokémon is now Paralyzed.",30
base6-2,Blizzard,"Flip a coin. If heads, this attack does 10 damage to each of your opponent's Benched Pokémon. If tails, this attack does 10 damage to each of your own Benched Pokémon. (Don't apply Weakness and Resistance for Benched Pokémon.)",50
base6-3,Fire Spin,Discard 2 Energy cards attached to Charizard or this attack does nothing.,100
base6-4,Hydrocannon,Does 30 damage plus 20 more damage for each Water Energy attached to Dark Blastoise but not used to pay for this attack's Energy cost. You can't add more than 40 damage in this way.,30+
base6-4,Rocket Tackle,"Dark Blastoise does 10 damage to itself. Flip a coin. If heads, prevent all damage done to Dark Blastoise during your opponent's next turn. (Any other effects of attacks still happen.)",40
base6-5,Giant Tail,"Flip a coin. If tails, this attack does nothing.",70
base6-6,Fascinate,"Flip a coin. If heads, choose 1 of your opponent's Benched Pokémon and switch it with the Defending Pokémon. This attack can't be used if your opponent has no Benched Pokémon.",
base6-6,Poison Claws,"Flip a coin. If heads, the Defending Pokémon is now Poisoned.",10
base6-7,Surprise Thunder,"Flip a coin. If heads, flip another coin. If the second coins is heads, this attack does 20 damage to each of your opponent's Benched Pokémon. If the second coin is tails, this attack does 10 damage to each of your opponent's Benched Pokémon. (Don't apply Weakness and Resistance for Benched Pokémon.)",30
base6-8,Fickle Attack,"Flip a coin. If tails, this attack does nothing.",40
base6-9,Bite,,30
base6-9,Whirlpool,"If the Defending Pokémon has any Energy cards attached to it, choose 1 of them and discard it.",20
base6-10,Quick Attack,"Flip a coin. If heads, this attack does 10 damage plus 20 more damage; if tails, this attack does 10 damage.",10+
base6-10,Flamethrower,Discard 1 Fire Energy card attached to Flareon or this attack does nothing.,60
base6-11,Dark Mind,"If your opponent has any Benched Pokémon, choose 1 of them and this attack does 10 damage to it. (Don't apply Weakness and Resistance for Benched Pokémon.)",30
base6-12,Dragon Rage,,50
base6-12,Bubblebeam,"Flip a coin. If heads, the Defending Pokémon is now Paralyzed.",40
base6-13,Stretch Kick,"Choose 1 of your opponent's Benched Pokémon, and this attack does 20 damage to it. (Don't apply Weakness and Resistance for Benched Pokémon.)",
base6-13,High Jump Kick,,50
base6-14,Quick Attack,"Flip a coin. If heads, this attack does 10 damage plus 20 more damage; if tails, this attack does 10 damage.",10+
base6-14,Pin Missle,Flip 4 coins. This attack does 20 damage times the number of heads.,20×
base6-15,Seismic Toss,,60
base6-16,Sludge,"Flip a coin. If heads, the Defending Pokémon is now Poisoned.",30
base6-17,Lure,"If your opponent has any Benched Pokémon, choose 1 of them and switch it with the Defending Pokémon.",
base6-17,Fire Blast,Discard 1 Fire Energy card attached to Ninetales or this attack does nothing.,80
base6-18,Solarbeam,,60
base6-19,Thunder,"Flip a coin. If tails, Zapdos does 30 damage to itself.",60
base6-19,Thunderbolt,Discard all Energy cards attached to Zapdos or this attack does nothing.,100
base6-20,Twineedle,Flip 2 coins. This attack does 30 damage times the number of heads.,30×
base6-20,Poison Sting,"Flip a coin. If heads, the Defending Pokémon is now Poisoned.",40
base6-21,Whirlwind,"Your opponent switches the Defending Pokémon with 1 of his or her Benched Pokémon, if any. (Do the damage before switching the Pokémon.)",20
base6-21,Mega Drain,"Remove a number of damage counters from Butterfree equal of half the damage done to the Defending Pokémon (after applying Weakness and Resistance) (rounded up to the nearest 10). If Butterfree has fewer damage counters that that, remove all of them.",40
base6-22,Tackle,,20
base6-22,Chain Lightning,"If the Defending Pokémon isn't Colorless, this attack does 10 damage to each Benched Pokémon of the same type as the Defending Pokémon (including your own). (Don't apply Weakness and Resistance for Benched Pokémon.)",20
base6-23,Teleport,Switch Exeggutor with 1 of your Benched Pokémon.,
base6-23,Big Eggsplosion,Flip a number of coins equal to the number of Energy attached to Exeggutor. This attack does 20 damage times the number of heads.,20×
base6-24,Avalanche,,60
base6-24,Selfdestruct,Does 20 damage to each Pokémon on each player's Bench. (Don't apply Weakness and Resistance for Benched Pokémon.) Golem does 100 damage to itself.,100
base6-25,Prophecy,Look at up to 3 cards from the top of either player's deck and rearrange them as you like.,
base6-25,Dark Mind,"If your opponent has any Benched Pokémon, choose 1 of them and this attack does 10 damage to it. (Don't apply Weakness and Resistance for Benched Pokémon.)",30
base6-26,Doubleslap,Flip 2 coins. This attack does 10 damage times the number of heads.,10×
base6-26,Meditate,Does 20 damage plus 10 more damage for each damage counter on the Defending Pokémon.,20+
base6-27,Sharp Sickle,,30
base6-27,Absorb,"Remove a number of damage counters from Kabutops equal to half the damage done to the Defending Pokémon (after applying Weakness and Resistance) (rounded up to the nearest 10). If Kabutops has fewer damage counters than that, remove all of them.",40
base6-28,Sonicboom,Don't apply Weakness and Resistance for this attack. (Any other effects that would happen after applying Weakness and Resistance still happen.),20
base6-28,Selfdestruct,Does 20 damage to each Pokémon on each player's Bench. (Don't apply Weakness and Resistance for Benched Pokémon.) Magneton does 100 damage to itself.,100
base6-29,Energy Control,"Flip a coin. If heads, choose a basic Energy card attached to 1 of your opponent's Pokémon and attach it to another of your opponent's Pokémon of your choice.",
base6-29,Telekinesis,Choose 1 of your opponent's Pokémon. This attack does 30 damage to that Pokémon. Don't apply Weakness and Resistance for this attack. (Any other effects that would happen after applying Weakness and Resistance still happen.),
base6-30,Wildfire,"You may discard any number of Fire Energy cards attached to Moltres when you use this attack. If you do, discard that many cards from the top of your opponent's deck.",
base6-30,Dive Bomb,"Flip a coin. If tails, this attack does nothing.",80
base6-31,Thrash,"Flip a coin. If heads, this attack does 30 damage plus 10 more damage; if tails, this attack does 30 damage and Nidoking does 10 damage to itself.",30+
base6-31,Toxic,The Defending Pokémon is now Poisoned. It now takes 20 Poison damage instead of 10 after each player's turn (even if it was already Poisoned).,20
base6-32,Boyfriends,Does 20 damage plus 20 more damage for each Nidoking you have in play.,20+
base6-32,Mega Punch,,50
base6-33,Wing Attack,,20
base6-33,Hurricane,"Unless this attack Knocks Out the Defending Pokémon, return the Defending Pokémon and all cards attached to it to your opponent's hand.",30
base6-34,Whirlwind,"Your opponent switches the Defending Pokémon with 1 of his or her Benched Pokémon, if any. (Do the damage before switching the Pokémon.)",20
base6-34,Mirror Move,"If Pidgeotto was attacked last turn, do the final result of that attack on Pidgeotto to the Defending Pokémon.",
base6-35,Horn Attack,,30
base6-35,Ram,"Rhydon does 20 damage to itself. Your opponent switches the Defending Pokémon with 1 of his or her Benched Pokémon, if any. (Do the damage before switching the Pokémon. Switch the Pokémon even if Rhydon is Knocked Out.)",50
base6-36,Flamethrower,Discard 1 Fire Energy card attached to Arcanine or this attack does nothing.,50
base6-36,Take Down,Arcanine does 30 damage to itself.,80
base6-37,Slash,,30
base6-37,Flamethrower,Discard 1 Fire Energy card attached to Charmeleon or this attack does nothing.,50
base6-38,Tail Strike,"Flip a coin. If heads, this attack does 20 damage plus 20 more damage; if tails, this attack does 20 damage.",20+
base6-39,Doubleslap,Flip 2 coins. This attack does 10 damage times the number of heads.,10×
base6-39,Mirror Shell,"If an attack does damage to Dark Wartortle during your opponent's next turn (even if Dark Wartortle is Knocked Out), Dark Wartortle does an equal amount of damage to the Defending Pokémon.",
base6-40,Aurora Beam,,50
base6-40,Ice Beam,"Flip a coin. If heads, the Defending Pokémon is now Paralyzed.",30
base6-41,Rage,Does 10 damage plus 10 more damage for each damage counter on Dodrio.,10+
base6-42,Agility,"Flip a coin. If heads, during your opponent's next turn, prevent all effects of attacks, including damage, done to Fearow.",20
base6-42,Drill Peck,,40
base6-43,Psyshock,"Flip a coin. If heads, the Defending Pokémon is now Paralyzed.",10
base6-43,Hyper Beam,"If the Defending Pokémon has any Energy cards attached to it, choose 1 of them and discard it.",20
base6-44,Harden,"During your opponent's next turn, whenever 30 or less damage is done to Graveler (after applying Weakness and Resistance), prevent that damage. (Any other effects of attacks still happen.)",
base6-44,Rock Throw,,40
base6-45,Flare,,20
base6-46,Nightmare,The Defending Pokémon is now Asleep.,10
base6-47,Vine Whip,,30
base6-47,Poisonpowder,The Defending Pokémon is now Poisoned.,20
base6-48,Scratch,,10
base6-49,Recover,Discard 1 Psychic Energy card attached to Kadabra or this attack does nothing. Remove all damage counters from Kadabra.,
base6-49,Super Psy,,50
base6-50,Stiffen,"Flip a coin. If heads, prevent all damage done to Kakuna during your opponent's next turn. (Any other effects of attacks still happen.)",
base6-50,Poisonpowder,"Flip a coin. If heads, the Defending Pokémon is now Poisoned.",20
base6-51,Karate Chop,Does 50 damage minus 10 damage for each damage counter on Machoke.,50-
base6-51,Submission,Machoke does 20 damage to itself.,60
base6-52,Tackle,,10
base6-52,Flail,Does 10 damage times the number of damage counters on Magikarp.,10×
base6-53,Pay Day,"Flip a coin. If heads, draw a card.",10
base6-54,Stiffen,"Flip a coin. If heads, prevent all damage done to Metapod during your opponent's next turn. (Any other effects of attacks still happen.)",
base6-54,Stun Spore,"Flip a coin. If heads, the Defending Pokémon is now Paralyzed.",20
base6-55,Supersonic,"Flip a coin. If heads, the Defending Pokémon is now Confused.",
base6-55,Double Kick,Flip 2 coins. This attack does 30 damage times the number of heads.,30×
base6-56,Double Kick,Flip 2 coins. This attack does 30 damage times the number of heads.,30×
base6-56,Horn Drill,,50
base6-57,Water Gun,Does 10 damage plus 10 more damage for each Water Energy attached to Omanyte but not used to pay for this attack's Energy cost. You can't add more than 20 damage in this way.,10+
base6-58,Water Gun,Does 20 damage plus 10 more damage for each Water Energy attached to Omastar but not used to pay for this attack's Energy cost. You can't add more than 20 damage in this way.,20+
base6-58,Spike Cannon,Flip 2 coins. This attack does 30 damage times the number of heads.,30×
base6-59,Fury Swipes,Flip 3 coins. This attack does 20 damage times the number of heads.,20×
base6-59,Tantrum,"Flip a coin. If tails, Primeape is now Confused (after doing damage).",50
base6-60,Stomp,"Flip a coin. If heads, this attack does 20 damage plus 10 more damage; if tails, this attack does 20 damage.",20+
base6-60,Agility,"Flip a coin. If heads, during your opponent's next turn, prevent all effects of attacks, including damage, done to Rapidash.",30
base6-61,Bite,,20
base6-61,Super Fang,Does damage to the Defending Pokémon equal to half the Defending Pokémon's remaining HP (rounded up to the nearest 10).,
base6-62,Slash,,20
base6-62,Fury Swipes,Flip 3 coins. This attack does 20 damage times the number of heads.,20×
base6-63,Water Gun,Does 20 damage plus 10 more damage for each Water Energy attached to Seadra but not used to pay for this attack's Energy cost. You can't add more than 20 damage in this way.,20+
base6-63,Agility,"Flip a coin. If heads, during your opponent's next turn, prevent all effects of attacks, including damage, done to Seadra.",20
base6-64,Body Slam,Flip a coin. If heads the Defending Pokémon is now Paralyzed.,30
base6-65,Stomp,"Flip a coin. If heads, this attack does 20 damage plus 10 more damage; if tails, this attack does 20 damage.",20+
base6-65,Rampage,"Does 20 damage plus 10 more damage for each damage counter on Tauros. Flip a coin. If tails, Tauros is now Confused (after doing damage).",20+
base6-66,Supersonic,"Flip a coin. If heads, the Defending Pokémon is now Confused.",
base6-66,Jellyfish Sting,The Defending Pokémon is now Poisoned.,10
base6-67,Psyshock,"Flip a coin. If heads, the Defending Pokémon is now Paralyzed.",10
base6-68,Leech Seed,"Unless all damage from this attack is prevented, you may remove 1 damage counter from Bulbasaur.",20
base6-69,String Shot,"Flip a coin. If heads, the Defending Pokémon is now Paralyzed.",10
base6-70,Scratch,,10
base6-70,Ember,Discard 1 Fire Energy card attached to Charmander or this attack does nothing.,30
base6-71,Fury Attack,Flip 2 coins. This attack does 10 damage times the number of heads.,10×
base6-72,Pound,,10
base6-73,Nightmare,The Defending Pokémon is now Asleep.,10
base6-74,Tail Wag,"Flip a coin. If heads, the Defending Pokémon can't attack Eevee during your opponent's next turn. (Benching either Pokémon ends this effect.)",
base6-74,Quick Attack,"Flip a coin. If heads, this attack does 10 damage plus 20 more damage; if tails, this attack does 10 damage.",10+
base6-75,Hypnosis,The Defending Pokémon is now Asleep.,
base6-75,Leech Seed,"Unless all damage from this attack is prevented, you may remove 1 damage counter from Exeggcute.",20
base6-76,Lick,"Flip a coin. If heads, the Defending Pokémon is now Paralyzed.",10
base6-76,Energy Conversion,Put up to 2 Energy cards from your discard pile into your hand. Gastly does 10 damage to itself.,
base6-77,Stone Barrage,Flip a coin until you get tails. This attack does 10 damage times the number of heads.,10×
base6-78,Nasty Goo,"Flip a coin. If heads, the Defending Pokémon is now Paralyzed.",10
base6-78,Minimized,All damage done by attacks to Grimer during your opponent's next turn is reduced by 20 (after applying Weakness and Resistance).,
base6-79,Punch,,20
base6-79,Kick,,30
base6-80,Thunder Wave,"Flip a coin. If heads, the Defending Pokémon is now Paralyzed.",10
base6-80,Selfdestruct,Does 10 damage to each Pokémon on each player's Bench. (Don't apply Weakness and Resistance for Benched Pokémon.) Magnemite does 40 damage to itself.,40
base6-81,Mischief,Shuffle your opponent's deck.,
base6-81,Anger,"Flip a coin. If heads, this attack does 20 damage plus 20 more damage; if tails, this attack does 20 damage.",20+
base6-82,Fury Swipes,Flip 3 coins. This attack does 10 damage times the number of heads.,10×
base6-82,Call for Family,Search your deck for a Basic Pokémon named Nidoran ♀ or Nidoran ♂ and put it onto your Bench. Shuffle your deck afterward. (You can't use this attack if your Bench is full.),
base6-83,Horn Hazard,"Flip a coin. If tails, this attack does nothing.",30
base6-84,Rock Throw,,10
base6-84,Harden,"During your opponent's next turn, whenever 30 or less damage is done to Onix (after applying Weakness and Resistance), prevent that damage. (Any other effects of attacks still happen.)",
base6-85,Whirlwind,"Your opponent switches the Defending Pokémon with 1 of his or her Benched Pokémon, if any. (Do the damage before switching the Pokémon.)",10
base6-86,Spark,"If your opponent has any Benched Pokémon, choose 1 of them and this attack does 10 damage to it. (Don't apply Weakness and Resistance for Benched Pokémon.)",20
base6-87,Smash Kick,,20
base6-87,Flame Tail,,30
base6-88,Dizziness,Draw a card.,
base6-88,Water Gun,Does 20 damage plus 10 more damage for each Water Energy attached to Psyduck but not used to pay for this attack's Energy cost. You can't add more than 20 damage in this way.,20+
base6-89,Bite,,20
base6-90,Leer,"Flip a coin. If heads, the Defending Pokémon can't attack during your opponent's next turn. (Benching either Pokémon ends this effect.)",
base6-90,Horn Attack,,30
base6-91,Sand-attack,"If the Defending Pokémon tries to attack during your opponent's next turn, your opponent flips a coin. If tails, that attack does nothing.",10
base6-92,Headbutt,,10
base6-93,Spacing Out,"Flip a coin. If heads, remove a damage counter from Slowpoke. This attack can't be used if Slowpoke has no damage counters on it.",
base6-93,Scavenge,Discard 1 Psychic Energy card attached to Slowpoke in order to use this attack. Put a Trainer card from your discard pile into your hand.,
base6-94,Peck,,10
base6-94,Mirror Move,"If Spearow was attacked last turn, do the final result of that attack on Spearow to the Defending Pokémon.",
base6-95,Bubble,"Flip a coin. If heads, the Defending Pokémon is now Paralyzed.",10
base6-95,Withdraw,"Flip a coin. If heads, prevent all damage done to Squirtle during your opponent's next turn. (Any other effects of attacks still happen.)",
base6-96,Acid,,10
base6-97,Tackle,,10
base6-98,Confuse Ray,"Flip a coin. If heads, the Defending Pokémon is now Confused.",10
base6-99,Poison Sting,"Flip a coin. If heads, the Defending Pokémon is now Poisoned.",10
bp-1,Thundershock,"Flip a coin. If heads, the Defending Pokémon is now Paralyzed.",10
bp-1,Thunderpunch,"Flip a coin. If heads, this attack does 30 damage plus 10 more damage; if tails, this attack does 30 damage plus Electabuzz does 10 damage to itself.",30+
bp-2,Jab,,20
bp-2,Special Punch,,40
dp1-1,Time Bellow,Draw a card.,10
dp1-1,Flash Cannon,"You may return all Energy cards attached to Dialga to your hand. If you do, remove the highest Stage Evolution card from the Defending Pokémon and shuffle that card into your opponent's deck.",40
dp1-2,Hard Feelings,"Put 5 damage counters on the Defending Pokémon. Then, count the number of Prize cards your opponent has taken and put that many damage counters on the Defending Pokémon.",
dp1-3,Giga Impact,"You may discard all Lightning Energy attached to Electivire. If you do, this attack's base damage is 120 instead of 60.",60
dp1-4,Ice Blade,Choose 1 of your opponent's Pokémon. This attack does 40 damage to that Pokémon. (Don't apply Weakness and Resistance for Benched Pokémon.),
dp1-4,Aqua Jet,"Flip a coin. If heads, this attack does 20 damage to 1 of your opponent's Benched Pokémon. (Don't apply Weakness and Resistance for Benched Pokémon.)",70
dp1-5,Meteor Punch,Flip a coin until you get tails. This attack does 30 damage times the number of heads.,30×
dp1-5,Flare Blitz,Discard all Fire Energy attached to Infernape.,90
dp1-6,Feint,This attack's damage isn't affected by Resistance.,30
dp1-6,Aura Sphere,Does 20 damage to 1 of your opponent's Benched Pokémon. (Don't apply Weakness and Resistance for Benched Pokémon.),40
dp1-7,Lightning Star,Move all Lightning Energy attached to Luxray to 1 of your Benched Pokémon. (Ignore this effect if you don't have any Benched Pokémon.),80
dp1-8,Metal Blast,Does 50 damage plus 10 more damage for each Metal Energy attached to Magnezone.,50+
dp1-9,Call for Family,Search your deck for a Basic Pokémon and put it onto your Bench. Shuffle your deck afterward.,
dp1-9,Aqua Ring,Switch Manaphy with 1 of your Benched Pokémon.,30
dp1-10,Avenge,Count the number of your Pokémon that have any damage counters on them. Put that many damage counters on the Defending Pokémon.,
dp1-10,Psywave,Does 30 damage plus 20 more damage for each Energy attached to the Defending Pokémon.,30+
dp1-11,Spacial Rend,"Search your deck for a Stadium card, show it to your opponent, and put it into your hand. Shuffle your deck afterward. If there is any Stadium card in play, discard it.",10
dp1-11,Transback,"You may flip a coin. If heads, discard all Energy attached to Palkia and put the Defending Pokémon and all cards attached to it on top of your opponent's deck. Your opponent shuffles his or her deck afterward.",40
dp1-12,Rock Wrecker,This attack's damage isn't affected by Weakness or Resistance. Rhyperior can't attack during your next turn.,80
dp1-13,Poison Sting,The Defending Pokémon is now Poisoned.,30
dp1-13,Spike Whip,"If Budew is anywhere under Roserade, choose 1 of your opponent's Benched Pokémon. This attack does 30 damage to that Pokémon. (Don't apply Weakness and Resistance for Benched Pokémon.)",50
dp1-14,Spirit Dance,Flip 2 coins. This attack does 50 damage plus 20 more damage for each heads.,50+
dp1-15,Frustration,Choose 1 of your opponent's Pokémon that doesn't have any damage counters on it. This attack does 30 damage to that Pokémon. (Don't apply Weakness and Resistance for Benched Pokémon.),
dp1-15,Toxic Cloud,"Flip a coin. If heads, the Defending Pokémon is now Poisoned. Put 2 damage counters instead of 1 on the Defending Pokémon between turns.",30
dp1-16,Accelerative Dive,"Flip a coin. If tails, this attack does nothing. If heads, prevent all damage done to Staraptor by attacks (both yours and your opponent's) until the end of your next turn.",30
dp1-16,Brave Heart,"Flip a coin. If tails, Staraptor does 100 damage to itself.",100
dp1-17,Body Slam,"Flip a coin. If heads, the Defending Pokémon is now Paralyzed.",30
dp1-17,Leaf Storm,Remove 2 damage counters from each of your Grass Pokémon.,60
dp1-18,Defense Curl,"Flip a coin. If heads, prevent all damage done to Azumarill during your opponent's next turn.",
dp1-18,Bubble Pump,"If Azumarill has 3 or more Energy attached to it, this attack does 40 damage plus 20 more damage. If Azurill is anywhere under Azumarill, flip a coin. If heads, the Defending Pokémon is now Paralyzed.",40+
dp1-19,Whirlwind,Your opponent switches the Defending Pokémon with 1 of his or her Benched Pokémon.,30
dp1-19,Giga Drain,"After your attack, remove from Beautifly the number of damage counters equal to the damage you did to the Defending Pokémon.",50
dp1-20,Rest,Remove all Special Conditions and 4 damage counters from Bibarel. Bibarel is now Asleep.,
dp1-20,Take Down,Bibarel does 10 damage to itself.,60
dp1-21,Swallow Up,"Before doing damage, count the remaining HP of the Defending Pokémon and Carnivine. If the Defending Pokémon has fewer remaining HP than Carnivine's, this attack does 60 damage instead.",30
dp1-21,Wring Out,"Flip a coin. If heads, the Defending Pokémon is now Paralyzed and discard an Energy card attached to the Defending Pokémon.",20
dp1-22,Double Slap,Flip 2 coins. This attack does 30 damage times the number of heads.,30×
dp1-22,Metronome,Choose 1 of the Defending Pokémon's attacks. Metronome copies that attack except for its Energy cost. (You must still do anything else in order to use that attack.) Clefable performs that attack.,
dp1-23,Stomp,"Flip a coin. If heads, this attack does 20 damage plus 20 more damage.",20+
dp1-23,Poison Claws,The Defending Pokémon is now Poisoned.,50
dp1-24,Wind Wave,Search your discard pile for up to 5 in any combination of Pokémon and Supporter cards. Show them to your opponent and shuffle them into your deck.,
dp1-24,Explosive Smoke,Does 10 damage to each Benched Pokémon (both yours and your opponent's). (Don't apply Weakness and Resistance for Benched Pokémon.),60
dp1-25,Stun Spore,"Flip a coin. If heads, the Defending Pokémon is now Paralyzed.",30
dp1-25,Toxic Dust,The Defending Pokémon is now Poisoned. Put 2 damage counters instead of 1 on the Defending Pokémon between turns.,50
dp1-26,Screw Tail,"Flip a coin. If heads, discard an Energy attached to the Defending Pokémon.",30
dp1-26,Water Gun,Does 40 damage plus 20 more damage for each Water Energy attached to Floatzel but not used to pay for this attack's Energy cost. You can't add more than 40 damage in this way.,40+
dp1-27,Life Drain,"Flip a coin. If heads, put damage counter on the Defending Pokémon until it is 10 HP away from being Knocked Out.",
dp1-27,Shadow Dance,"Put 4 damage counters on your opponent's Pokémon in any way you like. Then, switch Gengar with 1 of your Benched Pokémon.",
dp1-28,Pitch,Your opponent switches the Defending Pokémon with 1 of his or her Benched Pokémon.,10
dp1-28,Horn Slash,"Flip a coin. If heads, this attack does 30 damage plus 30 more damage.",30+
dp1-29,Vacuum Up,The Defending Pokémon can't retreat during your opponent's next turn.,40
dp1-29,Sand Eject,"During your next turn, if an attack does damage to the Defending Pokémon (after applying Weakness and Resistance), that attack does 40 more damage.",60
dp1-30,Healing Wish,Flip a coin until you get tails. Remove a number of damage counters equal to the number of heads from 1 of your Pokémon.,
dp1-30,Flop,Does 20 damage to 1 of your opponent's Benched Pokémon. (Don't apply Weakness and Resistance for Benched Pokémon.) You may switch Lopunny with 1 of your Benched Pokémon.,30
dp1-31,Revenge,"If any of your Pokémon were Knocked Out by damage from an opponent's attack during his or her last turn, this attack does 20 damage plus 50 more damage.",20+
dp1-31,Dynamic Punch,"Flip a coin. If heads, this attack does 60 damage plus 30 more damage and the Defending Pokémon is now Confused.",60+
dp1-32,Force Palm,Count the number of damage counters on Medicham. Put that many damage counters on 1 of your opponent's Pokémon.,
dp1-32,Spinning Kick,Medicham does 20 damage to itself.,80
dp1-33,Heave,"Discard 2 cards from your hand. (If you can't discard 2 cards, this attack does nothing.) Flip 2 coins. This attack does 30 damage times the number of heads.",30×
dp1-34,See Beyond,"Choose a card from your hand and put it as a Prize card face up. Then, choose 1 of your face-down Prize cards without looking and put it into your hand. This attack does nothing if all of your Prize cards are face up.",
dp1-34,Extrasensory,"If you have the same number of cards in your hand as your opponent, this attack does 30 damage plus 50 more damage.",30+
dp1-35,Minor Errand-Running,"Search your deck for a basic Energy card, show it to your opponent, and put it into your hand. Shuffle your deck afterward.",
dp1-35,Thunder Jolt,"Flip a coin. If tails, Pachirisu does 10 damage to itself.",20
dp1-36,High Hat,Choose 1 card from your opponent's hand without looking and discard it.,
dp1-36,Body Slam,"Flip a coin. If heads, the Defending Pokémon is now Paralyzed.",50
dp1-37,Block,The Defending Pokémon can't retreat during your opponent's next turn.,
dp1-37,Ease Up,"Snorlax is now Asleep. If Snorlax is evolved from Munchlax, this attack does 40 damage plus 30 more damage.",40+
dp1-38,Slam,Flip 2 coins. This attack does 30 damage times the number of heads.,30×
dp1-38,Metal Slash,Steelix can't attack during your next turn.,100
dp1-39,Leaf Honey,Discard a Grass Energy attached to Vespiquen and remove all damage counters from 1 of your Benched Grass Pokémon.,
dp1-39,Attack Order,Does 10 damage times the number of Grass Pokémon in play (both yours and your opponent's).,10×
dp1-40,Nasty Plot,Search your deck for any 1 card and put it into your hand. Shuffle your deck afterward.,
dp1-40,Dark Pulse,Does 10 damage times the total amount of Darkness Energy attached to all of your Pokémon.,10×
dp1-41,Countercharge,"Flip a coin. If heads, move all damage counters from Wobbuffet to the Defending Pokémon.",
dp1-42,Astonish,"Choose 1 card from your opponent's hand without looking. Look at the card you chose, then have your opponent shuffle that card into his or her deck.",
dp1-43,Errand-Running,"Search your deck for a Trainer card, show it to your opponent, and put it into your hand. Shuffle your deck afterward.",
dp1-44,Harden,"During your opponent's next turn, if Cascoon would be damaged by an attack, prevent that attack's damage done to Cascoon if that damage is 30 or less.",
dp1-44,Gooey Thread,The Defending Pokémon can't retreat during your opponent's next turn.,20
dp1-45,Worry Seed,"Flip a coin. If heads, the Defending Pokémon is now Confused.",20
dp1-45,Magical Leaf,"Flip a coin. If heads, this attack does 20 damage plus 20 more damage and remove 3 damage counters from Cherrim.",20+
dp1-46,Blowing Wind,"Flip a coin. If heads, put 1 of your Benched Pokémon and all cards attached to on top of your deck. Shuffle your deck afterward.",
dp1-46,Ominous Wind,"Flip a coin. If heads, the Defending Pokémon is now Confused and can't retreat during your opponent's next turn.",10
dp1-47,Roam,"Flip a coin. If heads, put 2 damage counters on each of your opponent's Pokémon. If tails, put 2 damage counters on 1 of your Pokémon.",
dp1-47,Gravity Wave,Does 10 damage to each of your opponent's Benched Pokémon that doesn't have a Retreat Cost. (Don't apply Weakness and Resistance for Benched Pokémon.),30
dp1-48,Outlet,"Search your deck for a Lightning Energy card, show it to your opponent, and put it into your hand. Shuffle your deck afterward.",
dp1-49,Synthesis,Search your deck for a Grass Energy card and attach it to 1 of your Pokémon. Shuffle your deck afterward.,
dp1-49,Cut,,50
dp1-50,Hypnosis,The Defending Pokémon is now Asleep.,
dp1-50,Dream Eater,"If the Defending Pokémon is not Asleep, this attack does nothing.",60
dp1-51,Yawn,The Defending Pokémon is now Asleep.,
dp1-51,Sand Attack,"If the Defending Pokémon tries to attack during your opponent's next turn, your opponent flips a coin. If tails, that attack does nothing.",10
dp1-52,Fasten Claws,"Flip a coin. If heads, this attack does 10 damage plus 30 more damage.",10+
dp1-52,Thunder Fang,"Flip a coin. If heads, the Defending Pokémon is now Paralyzed.",30
dp1-53,Karate Chop,Does 40 damage minus 10 damage for each damage counter on Machoke.,40-
dp1-53,Seismic Toss,,60
dp1-54,Tri Attack,Flip 3 coins. This attack does 20 damage times the number of heads.,20×
dp1-54,Magnetic Ray,"Before doing damage, you may choose 1 of your opponent's Benched Pokémon that has any Energy attached to it and switch that Pokémon with 1 of the Defending Pokémon.",40
dp1-55,Call for Friends,"Search your deck for a Water Basic Pokémon, show it to your opponent, and put it into your hand. Shuffle your deck afterward.",
dp1-56,Flame Dance,Search your discard pile for a Fire Energy card and attach it to Monferno.,30
dp1-56,Fury Swipes,Flip 3 coins. This attack does 20 damage times the number of heads.,20×
dp1-57,Dirty Trick,"Flip a coin. If heads, discard an Energy card attached to 1 of your opponent's Pokémon.",
dp1-57,Razor Wind,"Flip a coin. If tails, this attack does nothing.",40
dp1-58,Aqua Shower,Does 10 damage to each of your opponent's Pokémon. (Don't apply Weakness and Resistance for Benched Pokémon.),
dp1-58,Brine,Choose 1 of your opponent's Pokémon that has any damage counters on it. This attack does 40 damage to that Pokémon. (Don't apply Weakness and Resistance for Benched Pokémon.),
dp1-59,Overrun,Does 10 damage to 1 of your opponent's Benched Pokémon. (Don't apply Weakness and Resistance for Benched Pokémon.),20
dp1-59,Blaze Up,"Flip a coin. If tails, discard a Fire Energy attached to Rapidash and this attack does 10 damage to each of your opponent's Benched Pokémon. (Don't apply Weakness and Resistance for Benched Pokémon.)",50
dp1-60,Storm Up,"If there is any Stadium card in play, this attack does 30 damage plus 20 more damage. Discard that Stadium card.",30+
dp1-60,Crash Impact,"Rhydon does 10 damage to itself. Your opponent switches the Defending Pokémon with 1 of his or her Benched Pokémon, if any.",60
dp1-61,Wild Kick,"Flip a coin. If tails, this attack does nothing.",30
dp1-62,Flail,Does 10 damage times the number of damage counters on Seaking.,10×
dp1-62,Horn Drill,,50
dp1-63,Harden,"During your opponent's next turn, If Silcoon would be damaged by an attack, prevent that attack's damage done to Silcoon if that damage is 30 or less.",
dp1-63,Entangling String,"Flip a coin. If heads, the Defending Pokémon can't attack during your opponent's next turn.",20
dp1-64,Whirlwind,Your opponent switches the Defending Pokémon with 1 of his or her Benched Pokémon.,20
dp1-64,Clutch,The Defending Pokémon can't retreat during your opponent's next turn.,20
dp1-65,Hidden Power,,10
dp1-66,Hidden Power,,10
dp1-67,Hidden Power,,10
dp1-68,Hidden Power,,10
dp1-69,Delivery,Put any 1 card from your discard pile into your hand.,
dp1-70,Amnesia,Choose 1 of the Defending Pokémon's attacks. That Pokémon can't use that attack during your opponent's next turn.,
dp1-70,Scavenge,"Search your discard pile for a Trainer card, show it to your opponent, and put it into your hand.",
dp1-71,Fake Tears,"Flip a coin. If heads, your opponent can't play any Trainer cards from his or her hand during your opponent's next turn, and any damage done to Bonsly by attacks is reduced by 30 (after applying Weakness and Resistance).",
dp1-72,Splash About,"If Buizel has less Energy attached to it than the Defending Pokémon, this attack does 10 damage plus 10 more damage.",10+
dp1-73,Splash,,10
dp1-73,Jump Kick,Does 10 damage to 1 of your opponent's Benched Pokémon. (Don't apply Weakness and Resistance for Benched Pokémon.),10
dp1-74,Me First,Draw a card.,
dp1-74,Tone-Deaf,"Flip a coin. If heads, the Defending Pokémon is now Confused.",10
dp1-75,Sleep Powder,The Defending Pokémon is now Asleep.,
dp1-75,Leech Seed,"If this attack does any damage to the Defending Pokémon (after applying Weakness and Resistance), remove 1 damage counter from Cherubi.",20
dp1-76,Scratch,,10
dp1-76,Ember,"Flip a coin. If tails, discard a Fire Energy attached to Chimchar.",30
dp1-77,Sing,The Defending Pokémon is now Asleep.,
dp1-77,Moon Impact,"If Clefairy is evolved from Cleffa, this attack does 20 damage plus 20 more damage.",20+
dp1-78,Eeek,Draw a card.,
dp1-79,Soliciting Nectar,Switch 1 of your opponent's Benched Pokémon with 1 of the Defending Pokémon. The new Defending Pokémon is now Asleep.,
dp1-79,Gust,,20
dp1-80,Disable,"Flip a coin. If heads, choose 1 of the Defending Pokémon's attacks. That Pokémon can't use that attack during your opponent's next turn.",
dp1-80,Night Shade,Does 10 damage to 1 of your opponent's Benched Pokémon. (Don't apply Weakness and Resistance for Benched Pokémon.),20
dp1-81,Thunderpunch,"Flip a coin. If heads, this attack does 30 damage plus 10 more damage. If tails, Electabuzz does 10 damage to itself.",30+
dp1-81,Shock Wave,"Flip a coin. If heads, the Defending Pokémon is now Paralyzed. If Electabuzz is evolved from Elekid, this attack does 20 damage to 1 of your opponent's Benched Pokémon. (Don't apply Weakness and Resistance for Benched Pokémon.)",20
dp1-82,Pain Payback,Move 1 damage counter from Gastly to 1 of your opponent's Pokémon.,
dp1-83,Charm,"During your opponent's next turn, any damage done by attacks from the Defending Pokémon is reduced by 20 (before applying Weakness and Resistance).",
dp1-83,Pose,"Flip a coin. If tails, this attack does nothing.",30
dp1-84,Horn Attack,,10
dp1-84,Take Down,Goldeen does 10 damage to itself.,30
dp1-85,Hypnosis,The Defending Pokémon is now Asleep.,
dp1-85,Kick Shot,"Flip a coin. If tails, this attack does nothing.",30
dp1-86,Low Kick,,20
dp1-87,Metal Sound,"Flip a coin. If heads, the Defending Pokémon is now Confused.",
dp1-87,Resonance,"If the Defending Pokémon is Confused, this attack does 20 damage plus 20 more damage.",20+
dp1-88,Rollout,"If Marill is evolved from Azurill, this attack does 10 damage plus 20 more damage.",10+
dp1-88,Splashing Turn,Switch Marill with 1 of your Benched Pokémon.,20
dp1-89,Detect,"Flip a coin. If heads, prevent all effects of an attack, including damage, done to Meditite during your opponent's next turn.",
dp1-89,Meditate,Does 10 damage plus 10 more damage for each damage counter on the Defending Pokémon.,10+
dp1-90,Mime,"Shuffle your hand into your deck. Then, draw a number of cards equal to the number of cards in your opponent's hand.",
dp1-91,Astonish,"Choose 1 card from your opponent's hand without looking. Look at the card you chose, then have your opponent shuffle that card into his or her deck.",
dp1-91,Confuse Ray,"Flip a coin. If heads, the Defending Pokémon is now Confused.",20
dp1-92,Tunneling,Choose up to 2 of your opponent's Benched Pokémon. This attack does 10 damage to each of them. (Don't apply Weakness and Resistance for Benched Pokémon.) Onix can't attack during your next turn.,
dp1-92,Headbutt,,20
dp1-93,Peck,,10
dp1-93,Water Splash,"Flip a coin. If heads, this attack does 20 damage plus 10 more damage.",20+
dp1-94,Tackle,,10
dp1-94,Flame Tail,,30
dp1-95,Horn Attack,,10
dp1-95,Take Down,Rhyhorn does 10 damage to itself.,30
dp1-96,Toxic Spikes,"The Defending Pokémon is now Poisoned. If Roselia is evolved from Budew, this attack does 10 damage to the Defending Pokémon.",
dp1-96,Sweet Spike,The Defending Pokémon is now Asleep. Remove 2 damage counters from 1 of your Pokémon.,10
dp1-97,Bide,"Flip a coin. If heads, during your opponent's next turn, if Seedot would be Knocked Out by damage from an attack, Seedot is not Knocked Out and its remaining HP becomes 10 instead.",
dp1-97,Rollout,,20
dp1-98,Spark,Does 10 damage to 1 of your opponent's Benched Pokémon. (Don't apply Weakness and Resistance for Benched Pokémon.),10
dp1-99,Poison Sting,"Flip a coin. If heads, the Defending Pokémon is now Poisoned.",
dp1-99,Pin Missile,Flip 4 coins. This attack does 10 damage times the number of heads.,10×
dp1-100,Double Slap,Flip 2 coins. This attack does 10 damage times the number of heads.,10×
dp1-100,Feint Attack,"Choose 1 of your opponent's Pokémon. This attack does 20 damage to that Pokémon. This attack's damage isn't affected by Weakness, Resistance, Poké-Powers, Poké-Bodies, or any other effects on that Pokémon.",
dp1-101,Gust,,10
dp1-101,Quick Attack,"Flip a coin. If heads, this attack does 10 damage plus 20 more damage.",10+
dp1-102,Scratch,,10
dp1-102,Severe Gas,The Defending Pokémon is now Poisoned.,10
dp1-103,Tackle,,10
dp1-103,Razor Leaf,,20
dp1-104,Needling Sting,"Flip a coin. If heads, this attack does 10 damage plus 10 more damage.",10+
dp1-104,String Shot,"Flip a coin. If heads, the Defending Pokémon is now Paralyzed.",10
dpp-DP01,Tackle,,10
dpp-DP01,Razor Leaf,,20
dpp-DP02,Scratch,,10
dpp-DP02,Ember,"Flip a coin. If tails, discard a Fire Energy attached to Chimchar.",30
dpp-DP03,Peck,,10
dpp-DP03,Water Splash,"Flip a coin. If heads, this attack does 20 damage plus 10 more damage.",20+
dpp-DP04,Minor Errand-Running,"Search your deck for a basic Energy card, show it to your opponent, and put it into your hand. Shuffle your deck afterward.",
dpp-DP04,Thunder Jolt,"Flip a coin. If tails, Pachirisu does 10 damage to itself.",20
dpp-DP06,Splash,,10
dpp-DP06,Jump Kick,Does 10 damage to 1 of your opponent's Benched Pokémon. (Don't apply Weakness and Resistance for Benched Pokémon.),10
dpp-DP07,Headbutt,,20
dpp-DP07,Steamroll,Does 20 damage to 1 of your opponent's Benched Pokémon. (Don't apply Weakness and Resistance for Benched Pokémon.),30
dpp-DP08,Hard Face,"During your opponent's next turn, any damage done to Shieldon by attacks is reduced by 20 (after applying Weakness and Resistance).",20
dpp-DP08,Shield Attack,"Flip a coin. If heads, this attack does 40 damage plus 20 more damage.",40+
dpp-DP13,Splash About,"If Buizel has less Energy attached to it than the Defending Pokémon, this attack does 10 damage plus 10 more damage.",10+
dpp-DP14,Me First,Draw a card.,
dpp-DP14,Tone-Deaf,"Flip a coin. If heads, the Defending Pokémon is now Confused.",10
dpp-DP15,Spark,Does 10 damage to 1 of your opponent's Benched Pokémon. (Don't apply Weakness and Resistance for Benched Pokémon.),10
dpp-DP16,BikaBika,"Flip a coin. If heads, this attack does 20 damage plus 10 more damage.",20+
dpp-DP20,Smoke Bomb,"If the Defending Pokémon tries to attack during your opponent's next turn, your opponent flips a coin. If tails, that attack does nothing.",30
dpp-DP20,Flame Drum,"If Magby isn't anywhere under Magmortar, discard 2 Energy cards from your hand. (If you can't discard 2 Energy cards from your hand, this attack does nothing.)",80
dpp-DP21,Electromagnetic Induction,Search your deck for up to 2 Lightning Energy cards and attach them to 1 of your Pokémon. Shuffle your deck afterward.,
dpp-DP21,Explosive Thunder,Discard all basic Lightning Energy cards attached to Raichu. This attack does 30 damage times the number of Lightning Energy cards you discarded.,30×
dpp-DP22,Mime,"Shuffle your hand into your deck. Then, draw a number of cards equal to the number of cards in your opponent's hand.",
dpp-DP23,Charm,"During your opponent's next turn, any damage done by attacks from the Defending Pokémon is reduced by 20 (before applying Weakness and Resistance).",
dpp-DP23,Pose,"Flip a coin. If tails, this attack does nothing.",30
dpp-DP26,Time Bellow,Draw a card.,10
dpp-DP26,Flash Cannon,"You may return all Energy cards attached to Dialga to your hand. If you do, remove the highest Stage Evolution card from the Defending Pokémon and shuffle that card into your opponent's deck.",40
dpp-DP27,Spacial Rend,"Search your deck for a Stadium card, show it to your opponent, and put it into your hand. Shuffle your deck afterward. If there is any Stadium card in play, discard it.",10
dpp-DP27,Transback,"You may flip a coin. If heads, discard all Energy attached to Palkia and put the Defending Pokémon and all cards attached to it on top of your opponent's deck. Your opponent shuffles his or her deck afterward.",40
dpp-DP32,Mirror Shot,"If the Defending Pokémon tries to attack during your opponent's next turn, your opponent flips a coin. If tails, that attack does nothing.",40
dpp-DP32,Magnet Slash,Discard all Lightning Energy attached to Magnezone.,100
dpp-DP33,Reaper Pulse,Move up to 2 damage counters from Dusknoir to 1 of your opponent's Benched Pokémon.,70
dpp-DP34,Wind Wave,Search your discard pile for up to 5 in any combination of Pokémon and Supporter cards. Show them to your opponent and shuffle them into your deck.,
dpp-DP34,Explosive Smoke,Does 10 damage to each Benched Pokémon (both yours and your opponent's). (Don't apply Weakness and Resistance for Benched Pokémon.),60
dpp-DP40,Drag Off,"Before doing damage, you may choose 1 of your opponent's Benched Pokémon and switch it with the Defending Pokémon.",30
dpp-DP40,Giga Hammer,Regigigas can't use Giga Hammer during your next turn.,80
dpp-DP44,Charge Beam,Search your discard pile for an Energy card and attach it to Magnezone.,30
dpp-DP44,Metallic Bolt,"You may discard a Lightning Energy and a Metal Energy attached to Magnezone. If you do, this attack's base damage is 120 instead of 60.",60
dpp-DP49,Time Call,Search your deck for a card that evolves from 1 of your Pokémon and put it onto that Pokémon. (This counts as evolving that Pokémon.) Shuffle your deck afterward.,
dpp-DP49,Time Wager,"Flip 2 coins. If either of them is tails, this attack's base damage is 50 instead of 100.",100
dpp-DP50,Judgment,Discard all Energy cards attached to Arceus and this attack does 10 damage to each of your opponent's Benched Pokémon. (Don't apply Weakness and Resistance for Benched Pokémon.),80
dpp-DP51,Lunar Flight,Does 80 damage minus 10 damage for each damage counter on Cresselia.,80-
dpp-DP52,Hypnoblast,"Flip a coin. If heads, the Defending Pokémon is now Asleep.",60
dp2-1,Heap Up,Search your discard pile for all Energy cards and show them to your opponent. If you find any Metal Special Energy cards there this attack does 40 damage plus 30 more damage. Put all of those Energy cards on top of your deck. Shuffle your deck afterward.,40+
dp2-1,Hard Metal,"You may do 60 damage plus 40 more damage. If you do, Aggron does 40 damage to itself.",60+
dp2-2,Psychic Guard,"During your opponent's next turn, any damage done to Alakazam by attacks from your opponent's Stage 2 Evolved Pokémon is reduced by 30 (after applying Weakness and Resistance).",50
dp2-3,Tail Influence,"Your opponent flips a coin until he or she gets heads. For each tails, remove an Energy card attached to the Defending Pokémon and put it on the bottom of your opponent's deck.",30
dp2-3,Charity Tail,"Before Ambipom does damage, your opponent may discard 2 cards from his or her hand. If he or she does, this attack's base damage is 10 instead of 80.",80
dp2-4,Bind Pulse,"During your opponent's next turn, your opponent can't attach any Special Energy cards from his or her hand to any of his or her Pokémon.",10
dp2-5,Happy Chance,"Does 20 damage plus 10 for each Energy attached to Blissey. Before doing damage, you may search your discard pile for a basic Energy card and attach it to Blissey.",20+
dp2-6,Shady Stamp,The Defending Pokémon is now Confused.,50
dp2-7,Sprouting,Search your deck for a Grass Energy card and attach it to Celebi. Shuffle your deck afterward.,
dp2-7,Leaf Tornado,You may move any number of basic Grass Energy cards attached to your Pokémon to your other Pokémon in any way you like.,30
dp2-8,Energy Cyclone,Choose as many Energy cards from your hand as you like and show them to your opponent. This attack does 20 damage times the number of Energy cards you chose. Put those Energy cards on top of your deck. Shuffle your deck afterward.,20×
dp2-8,Breaking Tail,Choose 1 card from your opponent's hand without looking and discard it.,60
dp2-9,Dragon Fang,,70
dp2-10,Dark Wing Flaps,"Choose 1 card from your opponent's hand without looking. Look at the card you chose, then have your opponent shuffle that card into his or her deck.",50
dp2-11,Reverse Stream,"Does 30 damage plus 10 more damage for each Water Energy attached to Lumineon. Then, return all Water Energy attached to Lumineon to your hand.",30+
dp2-12,Smoke Bomb,"If the Defending Pokémon tries to attack during your opponent's next turn, your opponent flips a coin. If tails, that attack does nothing.",30
dp2-12,Flame Drum,"If Magby isn't anywhere under Magmortar, discard 2 Energy cards from your hand. (If you can't discard 2 Energy cards from your hand, this attack does nothing.)",80
dp2-13,Ultra Powder,"Flip 3 coins. If the first coin is heads, the Defending Pokémon is now Poisoned. If the second coin is heads, the Defending Pokémon is now Burned. If the third coin is heads, the Defending Pokémon is now Paralyzed.",20
dp2-13,Fire Counterattack,"If your opponent has any Fire Pokémon in play, this attack does 60 damage plus 30 more damage.",60+
dp2-14,Teleportation Burst,You may switch Mesprit with 1 of your Benched Pokémon.,30
dp2-15,Electromagnetic Induction,Search your deck for up to 2 Lightning Energy cards and attach them to 1 of your Pokémon. Shuffle your deck afterward.,
dp2-15,Explosive Thunder,Discard all basic Lightning Energy cards attached to Raichu. This attack does 30 damage times the number of Lightning Energy cards you discarded.,30×
dp2-16,Evaporating Heat,Discard a Water Energy attached to the Defending Pokémon.,60
dp2-17,Payback,"If your opponent has only 1 Prize card left, this attack does 40 damage plus 40 more damage and discard the top 3 cards from your opponent's deck.",40+
dp2-17,Ground Burn,Each player discards the top card of his or her deck. This attack does 80 damage plus 20 more damage for each Energy card discarded in this way.,80+
dp2-18,Mind Off,"If you have Mesprit and Azelf in play, this attack does 10 damage plus 20 more damage and the Defending Pokémon is now Asleep.",10+
dp2-19,Heavy Blizzard,"Flip a coin. If heads, put 1 damage counter on each of your opponent's Benched Pokémon.",60
dp2-20,Offensive Needle,"Flip a coin. If heads, the Defending Pokémon is now Poisoned. If tails, the Defending Pokémon is now Paralyzed.",20
dp2-21,Anger Revenge,"If Bastiodon was damaged by an attack during your opponent's last turn, this attack does 40 damage to 1 of your opponent's Benched Pokémon. (Don't apply Weakness and Resistance for Benched Pokémon.)",60
dp2-22,Call In,"Draw a card. If Chingling is anywhere under Chimecho, draw 2 more cards.",
dp2-22,Strange Bell,"If the Defending Pokémon is a Basic Pokémon, that Pokémon is now Confused.",20
dp2-23,Strike and Fade,"Choose 1 of your opponent's Pokémon. This attack does 50 damage to that Pokémon. (Don't apply Weakness and Resistance for Benched Pokémon.) Flip a coin. If tails, shuffle Crobat and all cards attached to it back into your deck.",
dp2-24,String Bomb,Flip a coin for each basic Energy card attached to Exeggutor and to the Defending Pokémon. This attack does 30 damage times the number of heads.,30×
dp2-24,Nutritional Support,Search your deck for up to 2 Grass Energy cards and attach them to any of your Pokémon in any way you like. Shuffle your deck afterward.,
dp2-25,Intimidation Pebble,"Flip a coin. If heads, your opponent can't play any Trainer cards or Supporter cards from his or her hand during your opponent's next turn.",50
dp2-26,Enrage,"Flip a coin until you get tails. For each heads, choose 1 card from your opponent's hand without looking and discard it. If the first coin is tails, Gyarados is now Confused.",80
dp2-27,Sore Performance,The Defending Pokémon is now Asleep.,20
dp2-27,Concerto,Does 40 damage plus 10 more damage for each Kricketot and each Kricketune you have in play.,40+
dp2-28,Lightning Twister,Does 20 damage times the number of basic Energy cards attached to Manectric.,20×
dp2-28,Chain Lightning,Does 20 damage to each of your opponent's Benched Pokémon that is the same type as the Defending Pokémon. (Don't apply Weakness and Resistance for Benched Pokémon.),70
dp2-29,Giant Wave,Mantine can't use Giant Wave during your next turn.,50
dp2-30,Trick Play,"Put a coin next to your Active Pokémon without showing your opponent and cover it with your hand. Your opponent guesses if the coin is heads or tails. If he or she is wrong, this attack does 50 damage to the Defending Pokémon. If he or she is right, Mr. Mime does 20 damage to itself, and this attack's damage isn't affected by Weakness or Resistance.",
dp2-31,Give Aid,"If you have the same number of or less Benched Pokémon than your opponent, this attack's base damage is 50 instead of 90.",90
dp2-32,Fire Blast,Discard a Fire Energy attached to Ninetales.,60
dp2-33,Assurance,"As long as the Defending Pokémon's remaining HP is 60 or less, this attack's base damage is 60 instead of 30.",30
dp2-33,Hasty Headbutt,"Rampardos does 20 damage to itself. This attack's damage isn't affected by Weakness, Resistance, Poké-Powers, Poké-Bodies, or any other effects on the Defending Pokémon.",100
dp2-34,Lazy Blow,,50
dp2-35,Sidestep,"If Bonsly is anywhere under Sudowoodo, flip a coin. If heads, prevent all effects of an attack, including damage, done to Sudowoodo during your opponent's next turn.",20
dp2-35,Persuade,Your opponent switches the Defending Pokémon with 1 of his or her Benched Pokémon. The new Defending Pokémon can't retreat during your opponent's next turn.,30
dp2-36,Knuckle Claws,The Defending Pokémon is now Poisoned.,30
dp2-37,Hidden Power,Choose an Energy card attached to the Defending Pokémon and put it face down. Treat that card as a Special Energy card that provides Colorless Energy and doesn't have any effect other than providing Energy. Put that card face up at the end of your opponent's next turn.,
dp2-38,Bad Temper,"The Defending Pokémon is now Confused. During your opponent's next turn, that Pokémon's attacks do 60 more damage to the Active Pokémon (before applying Weakness and Resistance).",30
dp2-38,Defensive Claw,"If Teddiursa is on your Bench, this attack does 60 damage plus 20 more damage. If Teddiursa is on your Bench and has any damage counters on it, this attack does 60 damage plus 40 more damage and remove all damage counters from that Pokémon.",60+
dp2-39,Ice Bind,"If your opponent doesn't discard a card from his or her hand, the Defending Pokémon is now Paralyzed.",70
dp2-40,Fury,Does 20 damage times the number of damage counters on Whiscash.,20×
dp2-40,Magnitude,Does 20 damage to each Benched Pokémon (both yours and your opponent's). (Don't apply Weakness and Resistance for Benched Pokémon.),60
dp2-41,Evolution Impulse,"Search your deck for an Evolution card, show it to your opponent, and put it into your hand. Shuffle your deck afterward.",
dp2-41,Leaf Boomerang,Flip 2 coins. This attack does 30 damage times the number of heads.,30×
dp2-42,Inviting Bell,"Search your deck for a Supporter card, show it to your opponent, and put it into your hand. Shuffle your deck afterward.",
dp2-43,Headbutt,,20
dp2-43,Steamroll,Does 20 damage to 1 of your opponent's Benched Pokémon. (Don't apply Weakness and Resistance for Benched Pokémon.),30
dp2-44,Hover Over,The Defending Pokémon can't retreat during your opponent's next turn.,30
dp2-45,Collapse,Dewgong is now Asleep.,60
dp2-46,Fury Attack,Flip 3 coins. This attack does 10 damage times the number of heads.,10×
dp2-46,Triple Pick,Choose 3 of your opponent's Evolved Pokémon. This attack does 30 damage to each of them. (Don't apply Weakness and Resistance for Benched Pokémon.),
dp2-47,Snake Hook,Draw a card.,
dp2-47,Bite and Run,Switch Dunsparce with 1 of your Benched Pokémon.,10
dp2-48,Gather Up,"Search your discard pile for up to 2 Energy cards, show them to your opponent, and put them into your hand.",
dp2-48,Marvelous Shine,"Flip a coin. If heads put 4 damage counters on 1 of your opponent's Pokémon. If tails, remove 4 damage counters from 1 of your Pokémon.",
dp2-49,Crane Neck,"Search your deck for a Trainer card, show it to your opponent, and put it into your hand. Shuffle your deck afterward.",
dp2-49,Psybeam,"Flip a coin. If heads, the Defending Pokémon is now Confused.",20
dp2-50,Pulse Search,Look at your opponent's hand.,30
dp2-51,Rock Cannon,Flip a coin until you get tails. This attack does 30 damage times the number of heads.,30×
dp2-51,Rock Slide,Does 10 damage to 2 of your opponent's Benched Pokémon. (Don't apply Weakness and Resistance for Benched Pokémon.),40
dp2-52,Lively,Remove 2 damage counters from 1 of your Pokémon.,
dp2-53,Mend,"Search your discard pile for a Metal Energy card and attach it to Lairon. If you do, remove 2 damage counters from Lairon.",
dp2-53,Confront,,50
dp2-54,Flare,,20
dp2-54,Flamethrower,Discard an Energy attached to Magmar.,50
dp2-55,Centrifugal Force,Does 20 damage times the number of Colorless Energy in the Defending Pokémon's Retreat Cost (after applying effects to the Retreat Cost).,20×
dp2-55,Swirling Ripple,"If your opponent has any Water Pokémon in play, this attack does 30 damage plus 30 more damage and the Defending Pokémon is now Confused.",30+
dp2-56,Rescue,"Search your discard pile for up to 2 Pokémon, show them to your opponent, and put them into your hand.",
dp2-56,Scratch,,30
dp2-57,Crash Bomber,"If the Defending Pokémon has any Special Energy cards attached to it, this attack does 30 damage plus 30 more damage. Then, discard a Special Energy card attached to the Defending Pokémon.",30+
dp2-57,Aqua Liner,Choose 1 of your opponent's Benched Pokémon. This attack does 40 damage to that Pokémon. (Don't apply Weakness and Resistance for Benched Pokémon.),
dp2-58,Wild Spores,"If Parasect evolved from Paras during this turn, this attack does 40 damage and the Defending Pokémon is now Asleep and Poisoned.",20
dp2-58,Extend Fungus,Remove 2 damage counters from Parasect.,60
dp2-59,Pressurized Gas,Does 10 damage to each of your opponent's Pokémon. (Don't apply Weakness and Resistance for Benched Pokémon.),
dp2-59,Rocket Tackle,"Pupitar does 10 damage to itself. Flip a coin. If heads, prevent all damage done to Pupitar by attacks during your opponent's next turn.",50
dp2-60,Fireworks,"Flip a coin. If tails, discard a Fire Energy attached to Quilava.",40
dp2-61,Spike Armor,"During your opponent's next turn, if Sandslash is damaged by an opponent's attack (even if Sandslash is Knocked Out), put 4 damage counters on the Attacking Pokémon.",
dp2-61,Poison Spike,"If the Defending Pokémon already has any damage counters on it, that Pokémon is now Poisoned.",60
dp2-62,Ice Rider,Choose 1 of your opponent's Pokémon. This attack does 30 damage to that Pokémon. (Don't apply Weakness and Resistance for Benched Pokémon.),
dp2-63,Hard Face,"During your opponent's next turn, any damage done to Shieldon by attacks is reduced by 20 (after applying Weakness and Resistance).",20
dp2-63,Shield Attack,"Flip a coin. If heads, this attack does 40 damage plus 20 more damage.",40+
dp2-64,Bonus Leaf,Remove 3 damage counters from each of your Benched Pokémon that has any Grass Energy attached to it.,
dp2-64,Whirlwind,Your opponent switches the Defending Pokémon with 1 of his or her Benched Pokémon.,30
dp2-65,Hidden Power,"During your opponent's next turn, whenever your opponent flips a coin, treat it as tails.",
dp2-66,Hidden Power,"Flip a coin. If heads, this attack does 30 damage. If tails, this attack does 30 damage to 1 of your Pokémon, and this attack's damage isn't affected by Weakness or Resistance.",
dp2-67,Hidden Power,"Look at your opponent's hand and choose 1 card, then have your opponent shuffle that card into his or her deck. Then, show your opponent your hand and he or she chooses 1 card. Shuffle that card into your deck.",
dp2-68,Wake-up Punch,"If Vigoroth evolved from Slakoth during this turn and Slakoth was Asleep, this attack's base damage is 60 instead of 10.",10
dp2-68,Fury Swipes,Flip 3 coins. This attack does 30 damage times the number of heads.,30×
dp2-69,Play Search,"Look at the top 5 cards of your deck, choose 1 of them, and put it into your hand. Put the other 4 cards back on top of your deck. Shuffle your deck afterward.",
dp2-69,Ultra Evolution,Search your deck for Alakazam and put it on Abra (this counts as evolving Abra). Shuffle your deck afterward.,
dp2-70,Tail Whap,,10
dp2-70,Throw Off,"Choose 1 of your opponent's Pokémon. This attack does 20 damage to that Pokémon. (Don't apply Weakness and Resistance for Benched Pokémon.) Before doing damage, discard all Pokémon Tool cards attached to that Pokémon.",
dp2-71,Steel Tackle,Aron does 10 damage to itself.,30
dp2-72,Mud Spit,"Flip a coin. If heads, this attack does 10 damage to each of your opponent's Pokémon. (Don't apply Weakness and Resistance for Benched Pokémon.)",
dp2-74,Dull Light,"Flip a coin. If heads, the Defending Pokémon is now Confused.",20
dp2-76,Scrunch,"Flip a coin. If heads, prevent all damage done to Chansey by attacks during your opponent's next turn.",
dp2-76,Double-edge,Chansey does 60 damage to itself.,80
dp2-77,Sleep Scent,"Flip a coin. If heads, the Defending Pokémon is now Asleep.",
dp2-77,Jump On,"Flip a coin. If heads, this attack does 10 damage plus 10 more damage.",10+
dp2-78,Ghastly Sound,"Flip a coin. If heads, your opponent can't play any Supporter cards from his or her hand during his or her next turn.",
dp2-78,Finger Poke,"Flip a coin. If heads, the Defending Pokémon is now Poisoned.",20
dp2-79,Tackle,,10
dp2-79,Live Coal,,20
dp2-80,Double Stab,Flip 2 coins. This attack does 10 damage times the number of heads.,10×
dp2-80,Accelerating Stab,Doduo can't use Accelerating Stab during your next turn.,30
dp2-81,Electromagnetic Jam,"Flip a coin. If heads, your opponent can't attach any Energy cards from his or her hand to the Active Pokémon during his or her next turn.",10
dp2-82,Direct-hit Bomb,"Flip a coin for each Energy attached to Exeggcute. Choose 1 of your opponent's Pokémon. For each heads, this attack does 10 damage to that Pokémon. (Don't apply Weakness and Resistance for Benched Pokémon.)",
dp2-83,Elegant Swim,"Flip a coin. If heads, prevent all effects of an attack, including damage, done to Finneon during your opponent's next turn.",
dp2-83,Tackle,,20
dp2-84,Stone Throw,Choose 2 of your opponent's Benched Pokémon. This attack does 10 damage to each of them. (Don't apply Weakness and Resistance for Benched Pokémon.),
dp2-85,Push Down,Your opponent switches the Defending Pokémon with 1 of his or her Benched Pokémon.,10
dp2-86,Call for Family,Search your deck for a Basic Pokémon and put it onto your Bench. Shuffle your deck afterward.,
dp2-86,Sling,,10
dp2-87,Mountain Bite,"You may discard the top card of your deck. If you do, this attack does 10 damage plus 10 more damage and Larvitar is now Asleep.",10+
dp2-87,Hammer In,,20
dp2-88,Scorch,"Flip a coin. If heads, the Defending Pokémon is now Burned.",
dp2-89,Flail,Does 10 damage times the number of damage counters on Magikarp.,10×
dp2-89,Dragon Rage,"Flip 2 coins. If either of them is tails, this attack does nothing.",60
dp2-90,Swarm,Search your deck for Murkrow and put it onto your Bench. Shuffle your deck afterward.,
dp2-90,Hide Crowd,Switch Murkrow with 1 of your Benched Pokémon.,20
dp2-91,Call for Family,Search your deck for Nidoran ♂ or Nidoran ♀ and put it onto your Bench. Shuffle your deck afterward.,
dp2-91,Poison Sting,"Flip a coin. If heads, the Defending Pokémon is now Poisoned.",20
dp2-92,Scratch,,10
dp2-92,Mushroom Tackle,"Flip a coin. If heads, the Defending Pokémon is now Paralyzed.",20
dp2-93,Chupi,"Flip a coin. If tails, this attack does nothing.",20
dp2-94,BikaBika,"Flip a coin. If heads, this attack does 20 damage plus 10 more damage.",20+
dp2-95,Sharpshooting,Choose 1 of your opponent's Pokémon. This attack does 10 damage to that Pokémon. (Don't apply Weakness and Resistance for Benched Pokémon.),
dp2-95,Numbing Water,"Flip a coin. If heads, the Defending Pokémon is now Paralyzed.",20
dp2-96,Sand Attack,"If the Defending Pokémon tries to attack during your opponent's next turn, your opponent flips a coin. If tails, that attack does nothing.",
dp2-96,Ram,,30
dp2-97,Freezing Headbutt,"Flip a coin. If heads, the Defending Pokémon is now Paralyzed.",10
dp2-99,Drowsy,Both Slakoth and the Defending Pokémon are now Asleep.,
dp2-100,Collect,Draw a card.,
dp2-100,Snowball,"Flip a coin. If tails, this attack does nothing.",20
dp2-101,Curiosity,Look at your opponent's hand.,
dp2-101,Snowball Fight,"Flip a coin. If tails, Snover does 10 damage to itself.",30
dp2-102,Rollout,,10
dp2-102,Willpower,"Flip a coin. If heads, during your next turn, Spheal's Rollout attack's base damage is 40.",
dp2-103,Impound,The Defending Pokémon can't retreat during your opponent's next turn.,
dp2-103,Double Scratch,Flip 2 coins. This attack does 20 damage times the number of heads.,20×
dp2-104,Sleep Inducer,Switch 1 of your opponent's Benched Pokémon with 1 of the Defending Pokémon. The new Defending Pokémon is now Asleep.,
dp2-105,Rest,Remove all Special Conditions and 2 damage counters from Teddiursa. Teddiursa is now Asleep.,
dp2-105,Sweet Palm,"Before doing damage, remove 1 damage counter from the Defending Pokémon.",30
dp2-106,Bite,,10
dp2-106,Shining Fang,"If the Defending Pokémon already has any damage counters on it, this attack does 10 damage plus 10 more damage.",10+
dp2-107,Fire Soul,Does 10 damage to 1 of your opponent's Benched Pokémon. (Don't apply Weakness and Resistance for Benched Pokémon.),20
dp2-108,Supersonic,"Flip a coin. If heads, the Defending Pokémon is now Confused.",
dp2-108,Bite,,20
pop6-1,Anger Revenge,"If Bastiodon was damaged by an attack during your opponent's last turn, this attack does 40 damage to 1 of your opponent's Benched Pokémon. (Don't apply Weakness and Resistance for Benched Pokémon.)",60
pop6-2,Feint,This attack's damage isn't affected by Resistance.,30
pop6-2,Aura Sphere,Does 20 damage to 1 of your opponent's Benched Pokémon. (Don't apply Weakness and Resistance for Benched Pokémon.),40
pop6-3,Call for Family,Search your deck for a Basic Pokémon and put it onto your Bench. Shuffle your deck afterward.,
pop6-3,Aqua Ring,Switch Manaphy with 1 of your Benched Pokémon.,30
pop6-4,Minor Errand-Running,"Search your deck for a basic Energy card, show it to your opponent, and put it into your hand. Shuffle your deck afterward.",
pop6-4,Thunder Jolt,"Flip a coin. If tails, Pachirisu does 10 damage to itself.",20
pop6-5,Assurance,"As long as the Defending Pokémon's remaining HP is 60 or less, this attack's base damage is 60 instead of 30.",30
pop6-5,Hasty Headbutt,"Rampardos does 20 damage to itself. This attack's damage isn't affected by Weakness, Resistance, Poké-Powers, Poké-Bodies, or any other effects on the Defending Pokémon.",100
pop6-6,Blowing Wind,"Flip a coin. If heads, put 1 of your Benched Pokémon and all cards attached to it on top of your deck. Shuffle your deck afterward.",
pop6-6,Ominous Wind,"Flip a coin. If heads, the Defending Pokémon is now Confused and can't retreat during your opponent's next turn.",10
pop6-8,Wild Kick,"Flip a coin. If tails, this attack does nothing.",30
pop6-10,Whirlwind,Your opponent switches the Defending Pokémon with 1 of his or her Benched Pokémon.,20
pop6-10,Clutch,The Defending Pokémon can't retreat during your opponent's next turn.,20
pop6-11,Amnesia,Choose 1 of the Defending Pokémon's attacks. That Pokémon can't use that attack during your opponent's next turn.,
pop6-11,Scavenge,"Search your discard pile for a Trainer card, show it to your opponent, an put it into your hand.",
pop6-12,Splash,,10
pop6-12,Jump Kick,Does 10 damage to 1 of your opponent's Benched Pokémon. (Don't apply Weakness and Resistance for Benched Pokémon.),10
pop6-13,Sleep Powder,The Defending Pokémon is now Asleep.,
pop6-13,Leech Seed,"If this attack does any damage to the Defending Pokémon (after applying Weakness and Resistance), remove 1 damage counter from Cherubi.",20
pop6-14,Scratch,,10
pop6-14,Ember,Flip a coin. If heads discard a Fire Energy attached to Chimchar.,30
pop6-15,Peck,,10
pop6-15,Water Spash,"Flip a coin. If heads, this attack does 20 damage plus 10 more damage.",20+
pop6-16,Gust,,10
pop6-16,Quick Attack,"Flip a coin. If heads, this attack does 10 damage plus 20 more damage.",10+
pop6-17,Tackle,,10
pop6-17,Razor Leaf,,20
dp3-1,Cluster Bolt,"You may discard all Lightning Energy attached to Ampharos. If you do, this attack does 20 damage to each of your opponent's Benched Pokémon that has any Energy cards attached to it. (Don't apply Weakness and Resistance for Benched Pokémon.)",70
dp3-2,Hydro Pump,Does 50 damage plus 20 more damage for each Water Energy attached to Blastoise but not used to pay for this attack's Energy cost. You can't add more than 40 damage in this way.,50+
dp3-3,Blast Burn,"Flip a coin. If heads, discard 2 Energy cards attached to Charizard. If tails, discard 4 Energy cards attached to Charizard. (If you can't, this attack does nothing.)",120
dp3-4,Blaze Roar,"Does 20 damage to 1 of your opponent's Benched Pokémon. (Don't apply Weakness and Resistance for Benched Pokémon.) Flip a coin. If tails, discard 2 Fire Energy attached to Entei.",60
dp3-5,Sand Sonic,"If you attach a Fighting Energy card from your hand to Flygon during this turn, this attack does 60 damage plus 20 more damage.",60+
dp3-6,Sonic Blade,"Put damage counters on the Defending Pokémon until it is 50 HP away from being Knocked Out. If you do, your opponent switches the Defending Pokémon with 1 of his or her Benched Pokémon.",
dp3-6,Psychic Cut,"You may choose as many of your face-down Prize cards as you like and put them face up. If you do, this attack does 60 damage plus 20 more damage for each Prize card you chose. (These cards remain face up for the rest of the game.)",60+
dp3-7,Psychic Lock,"During your opponent's next turn, your opponent can't use any Poké-Powers on his or her Pokémon.",60
dp3-8,Dwindling Wave,Does 80 damage minus 10 damage for each damage counter on Gastrodon East Sea.,80-
dp3-9,Raging Flood,"Does 20 damage plus 10 more damage for each damage counter on Gastrodon West Sea. Then, remove 2 damage counters from Gastrodon West Sea.",20+
dp3-9,Wild Waves,Put 1 damage counter on each Benched Pokémon (both yours and your opponent's).,80
dp3-10,Rainbow Wing,This attack does 20 damage times the number of different types of basic Energy cards attached to Ho-Oh.,20×
dp3-11,Cottonweed Punch,"Flip 2 coins. Choose 1 of your opponent's Pokémon. For each heads, this attack does 30 damage to that Pokémon. (Don't apply Weakness and Resistance for Benched Pokémon.)",
dp3-12,Tongue Reel,"Choose 1 of your opponent's Pokémon. If you choose a Benched Pokémon, switch the Defending Pokémon with that Pokémon. This attack does 20 damage to the Pokémon you chose. Flip a coin. If heads, the Defending Pokémon is now Paralyzed.",
dp3-12,Boundless Power,"During your next turn, Lickilicky can't attack.",80
dp3-13,Nature Power,"If you have a Stadium Card in play, this attack does 60 damage plus 20 more damage. If your opponent has a Stadium card in play, the Defending Pokémon is now Confused.",60+
dp3-14,Silver Wing,"Flip a coin. If heads, choose an Energy card attached to the Defending Pokémon and return it to your opponent's hand.",20
dp3-14,Psychic Destruction,"If the Defending Pokémon has any Energy cards attached to it, this attack's base damage is 40 instead of 120.",120
dp3-15,Psychic Balance,"If you have less cards in your hand than your opponent, draw cards until you have the same number of cards as your opponent. (If you have more or the same number of cards in your hand as your opponent, this attack does nothing.)",
dp3-15,Re-creation,Choose an attack on 1 of your opponent's Pokémon in his or her discard pile. Re-creation copies that attack except for its Energy cost. (You must still do anything else required for that attack.) Mew performs that attack.,
dp3-16,Thunder Climb,"Discard 3 cards from the top of your deck. This attack does 50 damage plus 10 more damage for each Lightning Energy card you discarded. Then, attach those Lightning Energy cards to 1 of your Pokémon.",50+
dp3-17,Sleep Poison,The Defending Pokémon is now Asleep and Poisoned.,20
dp3-17,Magical Leaf,"Flip a coin. If heads, this attack does 40 damage plus 30 more damage and remove 3 damage counters from Roserade.",40+
dp3-18,Direct Hit,"This attack's damage isn't affected by Weakness, Resistance, Poké-Powers, Poké-Bodies, or any other effects on the Defending Pokémon.",50
dp3-18,Dragon Finish,"Discard 2 basic Fire Energy cards or 2 basic Water Energy cards attached to Salamence. If you discarded 2 basic Fire Energy cards, this attack does 100 damage to the Defending Pokémon. If you discarded 2 Basic Water Energy cards, this attack does 100 damage to 1 of your opponent's Benched Pokémon. (Don't apply Weakness and Resistance for Benched Pokémon.) (If you can't discard cards, this attack does nothing.)",
dp3-19,Cure Stream,"During your opponent's next turn, any damage done by attacks from the Defending Pokémon is reduced by 20 (before applying Weakness and Resistance).",60
dp3-20,Giant Bloom,"Flip a coin. If heads, remove 4 damage counters from Venusaur.",60
dp3-21,Baleful Wind,"Choose a card from your opponent's hand without looking and discard it. If you discarded a Trainer, Supporter, or Stadium card, choose 1 more card from your opponent's hand without looking and discard it.",
dp3-21,Raid,"If you played Absol from your hand during this turn, this attack's base damage is 40 instead of 10.",10
dp3-22,Inferno Onrush,Arcanine does 40 damage to itself.,120
dp3-23,Ghost Head,Put as many damage counters as you like on Banette. (You can't put more than Banette's remaining HP.) Put that many damage counters on the Defending Pokémon.,
dp3-23,Spiteful Pain,"If Banette is in your discard pile, this attack does 40 damage plus 40 more damage, then search your discard pile for Banette, show it to your opponent, and shuffle it into your deck.",40+
dp3-24,Dig Trap,"Flip a coin. If tails, this attack does nothing. If heads, prevent all effects of an attack, including damage, done to Dugtrio during your opponent's next turn. If Dugtrio is your Active Pokémon at the end of your opponent's next turn, put 6 damage counters on 1 of your opponent's Benched Pokémon.",
dp3-24,Pit Trap,"Your opponent flips a coin. If tails, this attack does 50 damage plus 50 more damage.",50+
dp3-25,Discharge,Discard all Lightning Energy attached to Electivire. Flip a coin for each Lightning Energy you discarded. This attack does 50 damage times the number of heads.,50×
dp3-26,Ion Blast,"You may do 40 damage plus 60 more damage. If you do, Electrode does 100 damage to itself.",40+
dp3-27,Keen Eye,Search your deck for up to 2 cards and put them into your hand. Shuffle your deck afterward.,
dp3-27,Baton Pass,"You may switch Furret with 1 of your Benched Pokémon. If you do, move as many Energy cards attached to Furret as you like to the new Active Pokémon.",40
dp3-28,Encore,Choose 1 of the Defending Pokémon's attacks. That Pokémon can use only that attack during your opponent's next turn.,20
dp3-28,Break Beam,"You may do 40 damage plus 20 more damage. If you do, Golduck is now Confused.",40+
dp3-29,Double Throw,Choose 2 of your opponent's Pokémon. This attack does 30 damage to each of them. (Don't apply Weakness and Resistance for Benched Pokémon.),
dp3-29,Megaton Rock,"You may do 40 damage instead of 80 to the Defending Pokémon. If you do, during your opponent's next turn, any damage done to Golem by attacks is reduced by 40 (after applying Weakness and Resistance).",80
dp3-30,Icy Kiss,"If Jynx was damaged by an attack during your opponent's last turn, the Defending Pokémon is now Paralyzed.",30
dp3-30,Lovely Kiss,"Move 2 damage counters from Jynx to the Defending Pokémon. If Smoochum is anywhere under Jynx, move 4 damage counters instead.",
dp3-31,Flame Blast,Does 20 damage times the number of Fire Energy attached to Magmortar.,20×
dp3-31,Fireball Bazooka,Does 20 damage to 2 of your opponent's Benched Pokémon. (Don't apply Weakness and Resistance for Benched Pokémon.),40
dp3-32,Tag Play —,"If you have Plusle on your Bench, you may move an Energy card attached to Minun to 1 of your Benched Pokémon.",20
dp3-33,Silver Wind,"During your next turn, if an attack does damage to the Defending Pokémon (after applying Weakness and Resistance), that attack does 40 more damage.",
dp3-33,Raging Scales,"If Mothim has any damage counters on it, this attack does 30 damage plus 40 more damage.",30+
dp3-34,Poison Rub,"The Defending Pokémon is now Poisoned. Before doing damage, you may switch 1 of the Defending Pokémon with 1 of your opponent's Benched Pokémon. The new Defending Pokémon is now Poisoned.",20
dp3-34,Pride Attack,Flip a coin for each Nidoqueen on your Bench. This attack does 60 damage plus 30 more damage for each heads.,60+
dp3-35,Mirror Move,"If Pidgeot was damaged by an attack during your opponent's last turn, this attack does the same amount of damage done to Pidgeot to the Defending Pokémon.",
dp3-35,Whirlwind,Your opponent switches the Defending Pokémon with 1 of his or her Benched Pokémon.,50
dp3-36,Tag Play +,"If you have Minun on your Bench, you may do 20 damage to any 1 Benched Pokémon instead. (Don't apply Weakness and Resistance for Benched Pokémon.)",20
dp3-37,Strike Wound,"If the Defending Pokémon has 2 or more damage counters on it, this attack does 60 damage plus 20 more damage. This attack damage isn't affected by Weakness, Resistance, Poké-Powers, Poké-Bodies, or any other effects on that Pokémon.",60+
dp3-38,Petal Dance,"Flip 3 coins. This attack does 30 damage times the number of heads. If you get 2 or more heads, Sunflora is now Confused.",30×
dp3-39,Hidden Power,"Flip a coin. If heads, the Defending Pokémon is now Confused.",10
dp3-40,Shadow Charge,Search your deck for up to 2 Darkness Energy cards and attach them to any of your Pokémon in any way you like. Shuffle your deck afterward.,
dp3-40,Chip Off,"If your opponent has 6 or more cards in his or her hand, discard a number of cards without looking until your opponent has 5 cards left in his or her hand.",40
dp3-41,Leaf Hurricane,"If the Defending Pokémon has fewer remaining HP than Wormadam Plant Cloak, the Defending Pokémon is now Confused.",60
dp3-42,Push Over,Does 40 damage plus 10 damage for each Fighting Energy attached to Wormadam Sandy Cloak.,40+
dp3-43,Iron Tackle,Wormadam Trash Cloak does 20 damage to itself.,70
dp3-44,Energy Singe,Choose 1 of your opponent's Pokémon. This attack does 20 damage plus 10 more damage for each Energy attached to that Pokémon. (Don't apply Weakness and Resistance for Benched Pokémon.),
dp3-45,Drain Punch,Remove from Breloom a number of damage counters equal to the amount of Energy attached to the Defending Pokémon.,40
dp3-45,Homing Uppercut,"If the Defending Pokémon's Retreat Cost is 0, this attack does 60 damage plus 60 more damage.",60+
dp3-46,Fire Fang,The Defending Pokémon is now Burned.,20
dp3-46,Flare Tail,"Flip a coin. If heads, discard a Fire Energy attached to Charmeleon and this attack does 50 damage plus 20 more damage.",50+
dp3-47,Withdraw,"Flip a coin. If heads, prevent all damage done to Cloyster by attacks during your opponent's next turn.",
dp3-47,Spine Missile,"Flip 4 coins. For each heads, choose an opponent's Pokémon in play and this attack does 20 damage to those Pokémon. (You may choose the same Pokémon more than once.) (Don't apply Weakness and Resistance for Benched Pokémon.)",
dp3-48,Rapid Spin,"Your opponent switches the Defending Pokémon with 1 of his or her Benched Pokémon, if any. You switch Donphan with 1 of your Benched Pokémon, if any.",40
dp3-48,Bash In,"If the Defending Pokémon has a Pokémon Tool card attached to it, this attack does 70 damage plus 60 more damage.",70+
dp3-49,Swords Dance,"During your next turn, Farfetch'd's Leek Slap attack's base damage is 60.",
dp3-49,Leek Slap,"During your next turn, Farfetch'd can't use Leek Slap.",30
dp3-50,Attract Current,Search your deck for a Lightning Energy card and attach it to 1 of your Pokémon. Shuffle your deck afterward.,10
dp3-50,Electromagnetic Kick,"Flip a coin. If tails, Flaaffy does 10 damage to itself.",60
dp3-51,Leech Seed,Remove 1 damage counter from Ivysaur.,20
dp3-51,Razor Leaf,,60
dp3-52,Blind Scratch,"Flip a coin. If tails, this attack does no damage to the Defending Pokémon. Instead, this attack does 20 damage to 1 of your Pokémon. (Don't apply Weakness and Resistance for Benched Pokémon.)",60
dp3-53,Psychic Research,Search your discard pile for a Supporter card and use the effect of that card as the effect of this attack. (The Supporter card remains in your discard pile.),
dp3-53,Telekinesis,Choose 1 of your opponent's Pokémon. This attack does 40 damage to that Pokémon. This attack's damage isn't affected by Weakness or Resistance.,
dp3-54,Torment,"Flip a coin. If heads, your opponent can't play any Supporter cards from his or her hand during his or her next turn.",20
dp3-54,Absorb,Remove 2 damage counters from Lombre.,40
dp3-55,Healing Milk,"Flip 2 coins. For each heads, remove 3 damage counters from 1 of your Pokémon.",
dp3-55,Continuous Tumble,Flip a coin until you get tails. This attack does 20 damage times the number of heads.,20×
dp3-56,Panic Liquid,The Defending Pokémon is now Confused and can't retreat during your opponent's next turn.,50
dp3-57,Spirited Drill,"During your next turn, each of Nidorino's attacks does 20 more damage to the Defending Pokémon (before applying Weakness and Resistance).",20
dp3-57,Poison Horn,The Defending Pokémon is now Poisoned.,40
dp3-58,Wing Attack,,20
dp3-58,Quick Attack,"Flip a coin. If heads, this attack does 30 damage plus 30 more damage.",30+
dp3-59,Grip and Squeeze,The Defending Pokémon can't retreat during your opponent's next turn.,20
dp3-59,Power Guillotine,"Flip 2 coins. If either of them is tails, this attack's base damage is 10 instead of 100.",100
dp3-60,Muddy Water,Does 20 damage to 1 of your opponent's Benched Pokémon. (Don't apply Weakness and Resistance for Benched Pokémon.),60
dp3-61,Gnaw Off,"Flip a coin. If heads, this attack does 10 damage plus 60 more damage.",10+
dp3-61,Sneaky Attack,"If Raticate has any Darkness Energy attached to it, this attack does 20 damage plus 20 more damage.",20+
dp3-62,Sleep Powder,The Defending Pokémon is now Asleep.,
dp3-62,Razor Leaf,,10
dp3-63,Rummage,"Look at the top 5 cards of your deck. Choose as many Trainer cards as you like, show them to your opponent, and put them into your hand. Put the other cards back on top of your deck. Shuffle your deck afterward.",
dp3-63,Shadow Sneak,"If you and your opponent have a different number of Prize cards left, this attack does 20 damage plus 20 more damage.",20+
dp3-64,Focus Energy,"During your next turn, Shelgon's Protect Charge attack's base damage is 80.",
dp3-64,Protect Charge,"During your opponent's next turn, any damage done to Shelgon by attacks is reduced by 30 (after applying Weakness and Resistance).",30
dp3-65,U-turn,Switch Skiploom with 1 of your Benched Pokémon.,20
dp3-66,Color Pick,"Search your deck for up to 3 basic Energy cards, show them to your opponent, and put them into your hand. Shuffle your deck afterward.",
dp3-66,Trace,"Flip a coin. If heads, choose an attack on 1 of your opponent's Benched Pokémon. Trace copies that attack except for its Energy cost. (You must still do anything else required for that attack.) Smeargle performs that attack.",
dp3-67,Psykiss,"Flip a coin. If heads, choose a Special Energy card attached to 1 of your opponent's Pokémon and have your opponent shuffle that card into his or her deck.",
dp3-68,Hidden Power,,20
dp3-69,Hidden Power,"Flip a coin. If heads, the Defending Pokémon is now Burned.",10
dp3-70,Hidden Power,"Flip a coin. If heads, the Defending Pokémon is now Asleep.",10
dp3-71,Hidden Power,"Flip a coin. If heads, the Defending Pokémon is now Paralyzed.",10
dp3-72,Hidden Power,Remove as many damage counters as you like from each Unown you have in play. Put that many damage counters on the Defending Pokémon.,
dp3-73,Disturbance Dive,"Prevent all effects of an attack, excluding damage, done to Venomoth during your opponent's next turn.",50
dp3-74,Sand Wind,Does 10 damage to each of your opponent's Pokémon. (Don't apply Weakness and Resistance for Benched Pokémon.),
dp3-74,Hyper Beam,"Flip a coin. If heads, discard an Energy card attached to the Defending Pokémon.",40
dp3-75,Giant Wave,Wartortle can't use Giant Wave during your next turn.,40
dp3-75,Shell Attack,,50
dp3-76,Bite,,10
dp3-76,Rage,Does 10 damage plus 10 more damage for each damage counter on Bagon.,10+
dp3-77,Shake Vine,The Defending Pokémon is now Asleep.,
dp3-77,Bullet Seed,Flip 4 coins. This attack does 10 damage times the number of heads.,10×
dp3-78,Plant Cloak Tackle,"If Burmy Plant Cloak has any Grass Energy attached to it, this attack does 10 damage plus 10 more damage.",10+
dp3-79,Sandy Cloak Tackle,"If Burmy Sandy Cloak has any Fighting Energy attached to it, this attack does 10 damage plus 10 more damage.",10+
dp3-80,Trash Cloak Tackle,"If Burmy Trash Cloak has any Metal Energy attached to it, this attack does 10 damage plus 10 more damage.",10+
dp3-81,Slash,,10
dp3-81,Bite Away,"Flip a coin. If heads, choose a card from your opponent's hand without looking and discard it.",20
dp3-82,Gnaw,,10
dp3-82,Lava Burn,Does 10 damage to 1 of your opponent's Benched Pokémon. (Don't apply Weakness and Resistance for Benched Pokémon.),20
dp3-84,Rally,Search your deck for up to 3 different types of Basic Pokémon and put them onto your Bench. Shuffle your deck afterward.,
dp3-84,Hook,,30
dp3-85,Down Draw,Draw a card from the bottom of your deck.,
dp3-85,Mud Spatter,,30
dp3-87,Thundershock,"Flip a coin. If heads, the Defending Pokémon is now Paralyzed.",10
dp3-87,Thunder,"Flip a coin. If tails, Electabuzz does 30 damage to itself.",60
dp3-88,Mud Bomb,,10
dp3-88,Gunky,"If the Defending Pokémon tries to attack during your opponent's next turn, your opponent flips a coin. If tails, that attack does nothing.",
dp3-89,Roar,Your opponent switches the Defending Pokémon with 1 of his or her Benched Pokémon.,
dp3-89,Dig Claws,,20
dp3-90,Hover Heal,Remove all Special Conditions from Hoppip.,10
dp3-91,Lick,"Flip a coin. If heads, the Defending Pokémon is now Paralyzed.",10
dp3-91,Stomp,"Flip a coin. If heads, this attack does 10 damage plus 30 more damage.",10+
dp3-92,Water Sport,"If Lotad has less Energy attached to it than the Defending Pokémon, this attack does 10 damage plus 20 more damage.",10+
dp3-92,Ram,,20
dp3-93,Fire Punch,,10
dp3-93,Smog,The Defending Pokémon is now Poisoned.,20
dp3-94,Thundershock,"Flip a coin. If heads, the Defending Pokémon is now Paralyzed.",10
dp3-94,Static Shock,,20
dp3-96,Bothering Wave,"Flip a coin. If tails, this attack does nothing. If heads, discard an Energy card attached to the Defending Pokémon.",20
dp3-96,Future Sight,Look at the top 5 cards of either player's deck and put them back on top of that player's deck in any order.,
dp3-97,Collect,Draw a card.,
dp3-97,Poison Skin,"Flip 2 coins. If either of them is heads, the Defending Pokémon is now Poisoned.",
dp3-98,Flail,Does 10 damage times the number of damage counters on Phanpy.,10×
dp3-98,Take Down,Phanpy does 10 damage to itself.,30
dp3-99,Growl,"During your opponent's next turn, any damage done by attacks from the Defending Pokémon is reduced by 20 (before applying Weakness and Resistance).",
dp3-99,Peck,,20
dp3-100,Delusion,"If Psyduck is Confused, draw 2 cards.",
dp3-100,Migraine,"Flip a coin. If heads, the Defending Pokémon is now Confused. If tails, Psyduck is now Confused.",10
dp3-101,Nerve Shot,"Flip a coin. If heads, the Defending Pokémon is now Paralyzed.",20
dp3-102,Smack,,10
dp3-102,Confuse Ray,"Flip a coin. If heads, the Defending Pokémon is now Confused.",
dp3-103,Tail Whip,"Flip a coin. If heads, the Defending Pokémon can't attack during your opponent's next turn.",
dp3-103,Bite,,20
dp3-104,Grope,"Look at the top 2 cards of your deck, choose 1 of them, and put it into your hand. Put the other card on the bottom of your deck.",
dp3-104,Scratch,,10
dp3-105,Shell Rest,Remove 2 damage counters from Shellder.,
dp3-105,Tongue Slap,,20
dp3-106,Shell Hunting,Search your deck for up to 2 in any combination of Shellos West Sea and Shellos East Sea and put them on your Bench. Shuffle your deck afterward.,
dp3-106,Sprinkle Water,,10
dp3-107,Mud Spatter,,10
dp3-107,Recover,Discard a Water Energy attached to Shellos West Sea and remove all damage counters from Shellos West Sea.,
dp3-108,Headbutt,,10
dp3-108,Toxic Spore,"Flip a coin. If heads, the Defending Pokémon is now Poisoned.",20
dp3-109,Ferment Poison,"The Defending Pokémon is now Poisoned. As long as the Defending Pokémon remains Poisoned by this attack, it can't use any Poké-Body.",10
dp3-110,Gossip,Put 1 damage counter on 1 of your opponent's Pokémon.,
dp3-110,Hang Down,,20
dp3-111,Dish Out,Draw a card from the top and the bottom of your deck.,
dp3-111,Synchro Punch,"If any basic Energy card attached to Spinda is the same type as any Energy attached to the Defending Pokémon, this attack does 10 damage plus 30 more damage.",10+
dp3-112,Bubble,"Flip a coin. If heads, the Defending Pokémon is now Paralyzed.",
dp3-112,Aqua Tail,Flip a coin for each Water Energy attached to Squirtle. This attack does 20 damage plus 10 more damage for each heads.,20+
dp3-113,Lead,"Search your deck for a Supporter card, show it to your opponent, and put it into your hand. Shuffle your deck afterward.",
dp3-113,Frighten Horn,"If the Defending Pokémon isn't an Evolved Pokémon, that Pokémon is now Confused.",20
dp3-114,Sun Soak,"Flip a coin. If heads, remove all damage counters from Sunkern, search your deck for an Evolution card that evolves from Sunkern, and put it onto Sunkern. (This counts as evolving Sunkern.) Shuffle your deck afterward.",
dp3-114,Seed Bomb,,20
dp3-115,Inviting Trap,Switch the Defending Pokémon with 1 of your opponent's Benched Pokémon.,
dp3-115,Sand Tomb,The Defending Pokémon can't retreat during your opponent's next turn.,10
dp3-116,Stun Spore,"Flip a coin. If heads, the Defending Pokémon is now Paralyzed.",
dp3-116,Signal Beam,"Flip a coin. If heads, the Defending Pokémon is now Confused.",10
dp3-117,Speed Ball,,20
dp3-117,Big Explosion,Voltorb does 50 damage to itself.,50
dp3-118,Yawn,The Defending Pokémon is now Asleep.,
dp3-118,Splatter,Choose 1 of your opponent's Pokémon. This attack does 10 damage to that Pokémon. This attack's damage isn't affected by Weakness or Resistance.,
dp4-1,Fire Dance,Search your discard pile for a Fire Energy card and attach it to 1 of your Pokémon.,30
dp4-1,Flame Kick,Discard 2 Fire Energy attached to Blaziken. This attack does 80 damage to 1 of your opponent's Pokémon. (Don't apply Weakness and Resistance for Benched Pokémon.),
dp4-2,Moon Twinkle,"If there is any Stadium card in play, remove 2 damage counters from Cresselia.",10
dp4-2,Lunar Dance,"You may discard 2 Energy attached to Cresselia. If you do, remove all damage counters from 1 of your Benched Pokémon.",50
dp4-3,Reach Over,"Search your deck for an Energy card, show it to your opponent, and put it into your hand. Shuffle your deck afterward.",
dp4-3,Darkness Pursuit,"If the Defending Pokémon is Cresselia, this attack's base damage is 100.",50
dp4-4,Darkness Roar,You may have your opponent switch the Defending Pokémon with 1 or his or her Benched Pokémon.,10
dp4-4,Sleep Hole,"If the Defending Pokémon is Asleep, this attack does 40 damage plus 40 more damage. If the Defending Pokémon is not Asleep, that Pokémon is now Asleep.",40+
dp4-5,Call for Family,Search your deck for up to 3 Basic Pokémon and put them onto your Bench. Shuffle your deck afterward.,
dp4-5,Smash Short,"If the Defending Pokémon has a Pokémon Tool card attached to it, this attack does 10 damage plus 30 more damage. Discard that Pokémon Tool card, look at your opponent's hand, and discard any Pokémon Tool cards of the same name you find there.",10+
dp4-6,Tri Attack,Flip 3 coins. This attack does 40 damage times the number of heads.,40×
dp4-7,Astonish,"Choose 1 card from your opponent's hand without looking. Look at that card you chose, then have your opponent shuffle that card into his or her deck.",20
dp4-7,Telebeam,"Flip a coin. If heads, this attack does 30 damage plus 30 more damage and the Defending Pokémon is now Paralyzed.",30+
dp4-8,Leaf Blade,"Flip a coin. If heads, this attack does 50 damage plus 20 more damage.",50+
dp4-9,Hammer Arm,Discard the top card from your opponent's deck.,80
dp4-10,Power Whip,Choose 1 of your opponent's Pokémon. This attack does 10 damage for each basic Energy card attached to Tangrowth to that Pokémon. (Don't apply Weakness and Resistance for Benched Pokémon.),
dp4-10,Stick and Absorb,Remove 3 damage counters from Tangrowth. The Defending Pokémon can't retreat during your opponent's next turn.,60
dp4-11,Air Scroll,"Flip a coin. If heads, this attack does 40 damage plus 30 more damage. If tails, remove 3 damage counters from Togekiss.",40+
dp4-12,Dragonbreath,"Flip a coin. If tails, this attack does nothing. If heads, the Defending Pokémon is now Paralyzed.",40
dp4-12,Cotton Cloud,"During your opponent's next turn, any damage done to Altaria by attacks from your opponent's Evolved Pokémon is reduced by 30 (after applying Weakness and Resistance).",60
dp4-13,Band Attack,Does 30 damage times the number of Beedrill you have in play.,30×
dp4-13,Twineedle,Flip 2 coins. This attack does 50 damage times the number of heads.,50×
dp4-14,Parallel Drain,"After your attack, remove from 1 of your Pokémon the number of damage counters equal to the damage you did to the Defending Pokémon.",30
dp4-14,Dozing Scales,"Flip a coin. If heads, the Defending Pokémon is now Asleep. If tails, the Defending Pokémon is now Poisoned.",60
dp4-15,Spinning Attack,,40
dp4-16,Time Bellow,Draw a card.,10
dp4-16,Flash Cannon,"You may return all Energy cards attached to Dialga to your hand. If you do, remove the highest Stage Evolution card from the Defending Pokémon and shuffle that card into your opponent's deck.",40
dp4-17,Ambient Noise,"Flip 2 coins. If the first coin is heads, this attack does 50 damage to the Defending Pokémon. If the first coin is tails, this attack does 20 damage to each of your opponent's Benched Pokémon. (Don't apply Weakness and Resistance for Benched Pokémon.) If the second coin is heads, the Defending Pokémon is now Confused. If the second coin is tails, your opponent can't play any Trainer, Supporter, or Stadium cards from his or her hand during your opponent's next turn.",
dp4-17,Hyper Voice,,70
dp4-18,Dark Fang,Choose 1 card from your opponent's hand without looking and discard it.,20
dp4-18,Black Fire,"You may discard a Fire or Darkness Energy attached to Houndoom. If you discard a Fire Energy, the Defending Pokémon is now Burned. If you discard a Darkness Energy, this attack does 40 damage plus 30 more damage.",40+
dp4-19,Dream Catcher,"If the Defending Pokémon is Asleep, move all damage counters from Hypno to the Defending Pokémon.",
dp4-19,Hypnoblast,The Defending Pokémon is now Asleep.,60
dp4-20,Crabhammer,,30
dp4-20,Scissor Blow,"If the Defending Pokémon would be be Knocked Out by this attack, Kingler does 30 damage to itself.",80
dp4-21,Carry In,"Search your deck for a Pokémon Tool Card, a Supporter card, and a basic Energy card, show them to your opponent, and put them into your hand. Shuffle your deck afterward.",
dp4-21,Wave Splash,,20
dp4-22,Miraculous Light,Remove 2 damage counters and all Special Conditions from Latias.,10
dp4-22,Mist Ball,Discard a Fire Energy and a Water Energy attached to Latias.,80
dp4-23,Energy Draw,"Flip a coin. If heads, search your deck for a basic Energy card and attach it to Latios. Shuffle your deck afterward.",10
dp4-23,Luster Purge,Discard 3 Energy attached to Latios.,120
dp4-24,Pick Out,"Choose 1 face-down Prize card (yours or your opponent's) and put it face up. If that card is a Supporter card, use the effect of that card as the effect of this attack. (That card remains face up for the rest of the game.)",
dp4-24,Jaw Bite,"During your next turn, if an attack does damage to the Defending Pokémon (after applying Weakness and Resistance), that attack does 20 more damage.",20
dp4-25,Twister,"Flip 2 coins. If both are tails, this attack does nothing. For each heads, discard an Energy attached to the Defending Pokémon.",50
dp4-26,Spacial Rend,"Search your deck for a Stadium card, show it to your opponent, and put it into your hand. Shuffle your deck afterward. If there is any Stadium card in play, discard it.",10
dp4-26,Transback,"You may flip a coin. If heads, discard all Energy attached to Palkia and put the Defending Pokémon and all cards attached to it on top of your opponent's deck. Your opponent shuffles his or her deck afterward.",40
dp4-27,Whump,"Primeape is now Confused. Flip a coin. If heads, the Defending Pokémon can't attack during your opponent's next turn.",50
dp4-28,Psych Up,"During your next turn, Slowking's Psych Up attack's base damage is 60.",30
dp4-29,Hidden Power,"Discard a card from your hand. (If you can't discard a card from your hand, this attack does nothing.)",30
dp4-30,Sink Deep,"If Wailord has any damage counters on it, Wailord is now Asleep.",60
dp4-31,Offensive Gas,"Flip a coin. If heads, the Defending Pokémon is now Confused and Poisoned.",30
dp4-32,Ballon Attack,"If Igglybuff is anywhere under Wigglytuff, this attack does 40 damage plus 20 more damage.",40+
dp4-33,Deadly Poison,"If the Defending Pokémon is Poisoned, this attack does 10 damage plus 40 more damage. If the Defending Pokémon is not Poisoned, that Pokémon is now Poisoned.",10+
dp4-33,Wrap,"Flip a coin. If heads, the Defending Pokémon is now Paralyzed.",50
dp4-34,Pin Missile,Flip 3 coins. This attack does 20 damage times the number of heads.,20×
dp4-34,Needle Arm,"If the Defending Pokémon already has any damage counters on it, this attack does 50 damage plus 20 more damage.",50+
dp4-35,Bulk Up,"During your next turn, each of Combusken's attacks does 30 more damage to the Defending Pokémon (before applying Weakness and Resistance).",30
dp4-35,Double Kick,Flip 2 coins. This attack does 50 damage times the number of heads.,50×
dp4-36,Present,"Flip a coin. If heads, search your deck for any 1 card and put it into your hand. Shuffle your deck afterward.",
dp4-36,Ice Ball,,20
dp4-37,Agility,"Flip a coin. If heads, prevent all effects of an attack, including damage, done to Floatzel during your opponent's next turn.",20
dp4-37,Aqua Jet,"Flip a coin. If heads, this attack does 10 damage to 1 of your opponent's Benched Pokémon. (Don't apply Weakness and Resistance for Benched Pokémon.)",60
dp4-38,Sweet Temptation,Switch 1 of your opponent's Benched Pokémon with 1 of the Defending Pokémon. This attack does 10 damage to the new Defending Pokémon.,
dp4-38,Psychic Snap,"If Gorebyss has any Psychic Energy attached to it, this attack does 30 damage plus 20 more damage and the Defending Pokémon is now Confused.",30+
dp4-39,Daunt,"During your opponent's next turn, any damage done by attacks from the Defending Pokémon is reduced by 20 (before applying Weakness and Resistance).",30
dp4-39,Rage,Does 40 damage plus 10 more damage for each damage counter on Granbull.,40+
dp4-40,Greenness,"Search your deck for up to 2 Grass Energy cards, show them to your opponent, and put them into your hand. Shuffle your deck afterward.",
dp4-40,Poison Breath,The Defending Pokémon is now Poisoned.,30
dp4-41,Palm Strike,"Flip a coin. If heads, this attack does 20 damage plus 40 more damage.",20+
dp4-41,Spirited Throw,"If Hariyama has fewer remaining HP than the Defending Pokémon, this attack's base damage is 80.",50
dp4-42,Scary Face,"Flip a coin. If heads, the Defending Pokémon can't attack or retreat during your opponent's next turn.",
dp4-42,Threaten and Drop,"If Huntail has any Darkness Energy attached to it, this attack does 30 damage plus 20 more damage and discard a Special Energy card, if any, attached to the Defending Pokémon.",30+
dp4-43,Switcheroo,"Move a Pokémon Tool card attached to 1 of your opponent's Pokémon to another of your opponent's Pokémon (excluding Pokémon that already has a Pokémon Tool attached to it). (If an effect of this attack is prevented, this attack does nothing.)",
dp4-43,Overrun,Does 30 damage to 1 of your opponent's Benched Pokémon. (Don't apply Weakness and Resistance for Benched Pokémon.),30
dp4-44,Bass Control,Choose 1 of your opponent's Pokémon. This attack does 20 damage to that Pokémon. (Don't apply Weakness and Resistance for Benched Pokémon.),
dp4-44,Stomp,"Flip a coin. If heads, this attack does 40 damage plus 20 more damage.",40+
dp4-45,Lava Plume,"You may discard the top card of your deck. If you do, the Defending Pokémon is now Burned.",60
dp4-46,Pound,,20
dp4-46,Muddy Bomb,Choose 1 of your opponent's Pokémon. This attack does 30 damage to that Pokémon and 10 damage to each of your opponent's other Pokémon. (Don't apply Weakness and Resistance for Benched Pokémon.),
dp4-47,Ram,,30
dp4-48,Guzzle,Choose up to 2 basic Water Energy cards from your hand and attach them to Pelipper. Remove 2 damage counters for each Energy card attached in this way.,
dp4-48,Jet Return,"Does 30 times the number of Energy cards attached to Pelipper. Then, put all Energy cards attached to Pelipper on top of your deck. Shuffle your deck afterward.",30×
dp4-49,Speed Attack,,30
dp4-50,Swagger,"Flip a coin. If heads, discard an Energy attached to the Defending Pokémon.",20
dp4-50,Fury Swipes,Flip 3 coins. This attack does 40 damage times the number of heads.,40×
dp4-51,Primal Calling,"Search your deck for up to 3 Trainer Cards that have Fossil in their names, show them to your opponent, and put them into your hand. Shuffle your deck afterward.",
dp4-51,Sleep Swirl,Both Relicanth and the Defending Pokémon are now Asleep.,30
dp4-52,Tail Blade,"Flip a coin. If heads, your opponent can't play any Trainer cards from his or her hand during your opponent's next turn.",20
dp4-52,Poison Tail,"Flip a coin. If heads, this attack does 30 damage plus 30 more damage and the Defending Pokémon is now Poisoned.",30+
dp4-53,Air Crash,"Flip a coin. If heads, discard an Energy attached to the Defending Pokémon.",20
dp4-53,Steel Wing,"During your opponent's next turn, any damage done to Skarmory by attacks is reduced by 20 (after applying Weakness and Resistance).",40
dp4-54,Amnesia,Choose 1 of the Defending Pokémon's attacks. That Pokémon can't use that attack during your opponent's next turn.,20
dp4-54,Zen Headbutt,,60
dp4-55,Speed Dive,,20
dp4-55,Sweet Kiss,Your opponent may draw a card.,50
dp4-56,Hidden Power,"You may flip a coin. If tails, this attack does nothing. If heads, this attack's base damage is 30.",10
dp4-57,Hidden Power,"If Unown G has any damage counters on it, this attack's base damage is 10.",50
dp4-58,Tsunami,"Flip a coin. If heads, this attack does 10 damage to each of your opponent's Benched Pokémon. (Don't apply Weakness and Resistance for Benched Pokémon.)",10
dp4-58,Ram,,30
dp4-59,Slash,,20
dp4-59,Cutting Claw,"If your opponent has Seviper in play, this attack does 40 damage plus 50 more damage.",40+
dp4-60,Psychic Balance,"If you have less cards in your hand than your opponent, draw cards until you have the same number of cards as your opponent. (If you have more or the same number of cards in your hand as your opponent, this attack does nothing.)",
dp4-60,Spin Turn,Switch Baltoy with 1 of your Benched Pokémon.,20
dp4-61,Headbutt,,10
dp4-61,Surf,,30
dp4-62,Sand Attack,"If the Defending Pokémon tries to attack during your opponent's next turn, your opponent flips a coin. If tails, that attack does nothing.",
dp4-62,Poison Sting,The Defending Pokémon is now Poisoned.,20
dp4-63,Tackle,,20
dp4-64,Clamp,"Flip a coin. If tails, this attack does nothing. If heads, the Defending Pokémon is now Paralyzed.",10
dp4-64,Sparkling Pearl,,20
dp4-65,Hypnosis,The Defending Pokémon is now Asleep.,
dp4-65,Headbutt,,20
dp4-66,Shed Skin,Remove 2 damage counters from Ekans.,
dp4-66,Poison Fang,"Flip a coin. If heads, the Defending Pokémon is now Poisoned.",10
dp4-67,Splash,,10
dp4-67,Fast Evolution,"Search your deck for an Evolution card, show it to your opponent, and put it into your hand. Shuffle your deck afterward.",
dp4-68,Captivate,Switch 1 of your opponent's Benched Pokémon with 1 of the Defending Pokémon.,
dp4-68,Slash,,20
dp4-69,Ember,"Flip a coin. If tails, discard a Fire Energy attached to Houndour.",20
dp4-69,Smash Kick,,20
dp4-70,Inquire,"Draw a card. If you didn't play any Supporter card from your hand during this turn, draw 2 more cards.",
dp4-71,Firefly Scent,"If the Defending Pokémon has any Poké-Bodies, that Pokémon is now Asleep.",30
dp4-72,Hypnotic Gaze,The Defending Pokémon is now Asleep.,
dp4-72,Expand,"During your opponent's next turn, any damage done to Jigglypuff by attacks is reduced by 20 (after applying Weakness and Resistance).",20
dp4-73,Stiffen,"During your opponent's next turn, any damage done to Kakuna by attacks is reduced by 30 (after applying Weakness and Resistance).",
dp4-73,Spit Poison,The Defending Pokémon is now Poisoned.,10
dp4-74,Tackle,,10
dp4-74,Smogscreen,"The Defending Pokémon is now Poisoned. If the Defending Pokémon tries to attack during your opponent's next turn, your opponent flips a coin. If tails, that attack does nothing.",10
dp4-75,Irongrip,,10
dp4-75,Guillotine,,30
dp4-76,Knock Over,You may discard any Stadium card in play.,20
dp4-77,Rendezvous,"Reveal the top card of your deck and put it into your hand. If that card is a Pokémon, draw 2 cards.",
dp4-77,Synchro Dance,"If Luvdisc and the Defending Pokémon have the same amount of Energy attached to them, this attack does 10 damage plus 20 more damage.",10+
dp4-78,Punch,,10
dp4-78,Arm Thrust,"Flip a coin. If tails, this attack does nothing. If heads, discard an Energy card attached to the Defending Pokémon.",40
dp4-79,Light Punch,,10
dp4-79,Rage,Does 10 damage plus 10 more damage for each damage counter on Mankey.,10+
dp4-80,Mud Spatter,,10
dp4-80,Endeavor,Flip 2 coins. This attack does 30 damage plus 20 more damage for each heads.,30+
dp4-81,Calculate,Look at the top 3 cards of your deck and put them back on top of your deck in any order.,
dp4-81,Sharpen,,20
dp4-82,Rest,Remove all Special Conditions and 3 damage counters from Slowpoke. Slowpoke is now Asleep.,
dp4-82,Tumble Over,Slowpoke can't attack during your next turn.,20
dp4-83,Steady Firebreathing,,10
dp4-83,Body Slam,"Flip a coin. If heads, the Defending Pokémon is now Paralyzed.",20
dp4-84,Roar,Your opponent switches the Defending Pokémon with 1 of his or her Benched Pokémon.,
dp4-84,Bite,,30
dp4-85,Sol Charge,Search your discard pile for a basic Energy card and attach it to 1 of your Benched Pokémon.,20
dp4-86,Super Speed,"Flip a coin. If heads, prevent all effects of an attack, including damage, done to Swablu during your opponent's next turn.",
dp4-86,Shoot Through,Does 10 damage to 1 of your opponent's Benched Pokémon. (Don't apply Weakness and Resistance for Benched Pokémon.),10
dp4-87,Vine Invite,Switch 1 of your opponent's Benched Pokémon with 1 of the Defending Pokémon.,
dp4-87,Grass Knot,Does 20 damage plus 10 more damage for each Colorless Energy in the Defending Pokémon's Retreat Cost (after applying effects to the the Retreat Cost).,20+
dp4-88,Yawn,The Defending Pokémon is now Asleep.,
dp4-88,Find a Friend,"Flip a coin. If heads, search your deck for a Pokémon, show it to your opponent, and put it into your hand. Shuffle your deck afterward.",
dp4-89,Peck,,10
dp4-89,Singe,The Defending Pokémon is now Burned.,
dp4-90,Energy Ball,Does 10 damage plus 10 more damage for each Energy attached to Treecko but not used to pay for this attack's Energy cost. You can't add more than 20 damage in this way.,10+
dp4-90,Absorb,Remove 1 damage counter from Treecko.,20
dp4-91,Hidden Power,"Search either player's discard pile for up to any 2 cards, show them to your opponent, and put them on top of that player's deck in any order you like.",
dp4-92,Firefly Light,"Flip a coin. If heads, the Defending Pokémon is now Confused.",20
dp4-93,Call for Family,Search your deck for a Basic Pokémon and put it onto your Bench. Shuffle your deck afterward.,
dp4-93,String Shot,"Flip a coin. If heads, the Defending Pokémon is now Paralyzed.",
dp4-94,Mumble,,10
dp4-94,Uproar,"Flip a coin. If heads, this attack does 10 damage to each of your opponent's Pokémon. (Don't apply Weakness and Resistance for Benched Pokémon.)",
dp4-95,Water Drip,,10
dp4-95,Wing Attack,,20
dp4-96,Pull Out,"Search your discard pile for any 1 card, show it to your opponent, and put it on top of your deck.",
dp4-96,Double Stab,Flip 2 coins. This attack does 10 damage times the number of heads.,10×
pop7-1,Cluster Bolt,"You may discard all Lightning Energy attached to Ampharos. If you do, this attack does 20 damage to each of your opponent's Benched Pokémon that has any Energy cards attached to it. (Don't apply Weakness and Resistance for Benched Pokémon.)",70
pop7-2,Sonic Blade,"Put damage counters on the Defending Pokémon until it is 50 HP away from being Knocked Out. If you do, your opponent switches the Defending Pokémon with 1 of his or her Benched Pokémon.",
pop7-2,Psychic Cut,"You may choose as many of your face-down Prize cards as you like and put them face up. If you do, this attack does 60 damage plus 20 more damage for each Prize card you chose. (These cards remain face up for the rest of the game.)",60+
pop7-3,Miraculous Light,Remove 2 damage counters and all Special Conditions from Latias.,10
pop7-3,Mist Ball,Discard a Fire and a Water Energy attached to Latias.,80
pop7-4,Energy Draw,"Flip a coin. If heads, search your deck for a basic Energy card and attach it to Latios. Shuffle your deck afterward.",10
pop7-4,Luster Purge,Discard 3 Energy attached to Latios.,120
pop7-5,Silver Wind,"During your next turn, if an attack does damage to the Defending Pokémon (after applying Weakness and Resistance), that attack does 40 more damage.",
pop7-5,Raging Scales,"If Mothim has any damage counters on it, this attack does 30 damage plus 40 more damage.",30+
pop7-6,Present,"Flip a coin. If heads, search your deck for any 1 card and put it into your hand. Shuffle your deck afterward.",
pop7-6,Ice Ball,,20
pop7-7,Attract Current,Search your deck for a Lightning Energy card and attach it to 1 of your Pokémon. Shuffle your deck afterward.,10
pop7-7,Electromagnetic Kick,"Flip a coin. If tails, Flaaffy does 10 damage to itself.",60
pop7-8,Psychic Research,Search your discard pile for a Supporter card and use the effect of that card as the effect of this attack. (The Supporter card remains in your discard pile.),
pop7-8,Telekinesis,Choose 1 of your opponent's Pokémon. This attack does 40 damage to that Pokémon. This attack's damage isn't affected by Weakness or Resistance.,
pop7-9,Lead,"Search your deck for a Supporter card, show it to your opponent, and put it into your hand. Shuffle your deck afterward.",
pop7-9,Frighten Horn,"If the Defending Pokémon isn't an Evolved Pokémon, that Pokémon is now Confused.",20
pop7-10,Push Over,Does 40 damage plus 10 more damage for each Fighting Energy attached to Wormadam Sandy Cloak.,40+
pop7-11,Plant Cloak Tackle,"If Burmy Plant Cloak has any Grass Energy attached to it, this attack does 10 damage plus 10 more damage.",10+
pop7-12,Sandy Cloak Tackle,"If Burmy Sandy Cloak has any Fighting Energy attached to it, this attack does 10 damage plus 10 more damage.",10+
pop7-13,Rally,Search your deck for up to 3 different types of Basic Pokémon and put them onto your Bench. Shuffle your deck afterward.,
pop7-13,Hook,,30
pop7-14,Thundershock,"Flip a coin. If heads, the Defending Pokémon is now Paralyzed.",10
pop7-14,Static Shock,,20
pop7-15,Smack,,10
pop7-15,Confuse Ray,"Flip a coin. If heads, the Defending Pokémon is now Confused.",
pop7-16,Grope,"Look at the top 2 cards of your deck, choose 1 of them, and put it into your hand. Put the other card on the bottom of your deck.",
pop7-16,Scratch,,10
pop7-17,Dish Out,Draw a card from the top and the bottom of your deck.,
pop7-17,Synchro Punch,"If any basic Energy card attached to Spinda is the same type as any Energy attached to the Defending Pokémon, this attack does 10 damage plus 30 more damage.",10+
dp5-1,Blizzard,"Flip a coin. If heads, this attack does 10 damage to each of your opponent's Benched Pokémon. If tails, this attack does 10 damage to each of your Benched Pokémon. (Don't apply Weakness and Resistance for Benched Pokémon.)",60
dp5-2,Future Sight,Look at the top 5 cards of either player's deck and put them back on top of that player's deck in any order.,
dp5-2,Healing Light,Remove 1 damage counter from each of your Pokémon.,40
dp5-3,Dark Slumber,"At the end of your opponent's next turn, the Defending Pokémon is now Asleep.",10
dp5-3,Dark Resolve,"If the Defending Pokémon is Asleep, remove 4 damage counters from Darkrai.",40
dp5-5,Snow Cloak,"Flip a coin. If heads, prevent all effects of an attack, including damage, done to Glaceon during your opponent's next turn.",30
dp5-5,Speed Slide,"This attack's damage isn't affected by Resistance, Poké-Powers, Poké-Bodies, or any other effects on the Defending Pokémon.",60
dp5-6,Chop Up,Does 10 damage to each of your opponent's Benched Pokémon that has any damage counters on it. (Don't apply Weakness and Resistance for Benched Pokémon.),70
dp5-7,Bind Down,The Defending Pokémon can't retreat during your opponent's next turn.,30
dp5-7,Leaf Guard,"During your opponent's next turn, any damage done to Leafeon by attacks is reduced by 20 (after applying Weakness and Resistance).",60
dp5-8,Chase Up,"Flip a coin. If heads, search your deck for any 1 card and put it into your hand. Shuffle your deck afterward.",
dp5-8,Fountain,You may attach up to 2 basic Water Energy cards from your hand to your Benched Pokémon in any way you like.,30
dp5-9,Energy Absorption,Search your discard pile for up to 2 Energy cards and attach them to Mewtwo.,
dp5-9,Recover,Discard a Psychic Energy attached to Mewtwo and remove 6 damage counters from Mewtwo.,
dp5-9,Psyburn,,60
dp5-10,Scorching Wing,Discard all Fire Energy attached to Moltres.,100
dp5-12,Evolution Wish,Search your deck for a card that evolves from 1 of your Pokémon and put it onto that Pokémon. (This counts as evolving that Pokémon.) Shuffle your deck afterward.,
dp5-12,Water Pulse,The Defending Pokémon is now Asleep.,30
dp5-13,Dual Trans,Search your discard pile for up to 2 basic Energy cards and attach them to 1 of your Pokémon.,
dp5-13,Reflect Energy,Move an Energy card attached to Rotom to 1 of your Benched Pokémon.,30
dp5-14,Raging Thunder,"Does 40 damage to 1 of your Pokémon, and don't apply Weakness and Resistance to this damage.",80
dp5-15,Supersonic,"Flip a coin. If heads, the Defending Pokémon is now Confused.",30
dp5-16,Pain Amplifier,Put 1 damage counter on each of your opponent's Pokémon that already has damage counters on it.,
dp5-16,Coating,"During your opponent's next turn, any damage done to Bronzong by attacks is reduced by 20 (after applying Weakness and Resistance).",60
dp5-17,Dual Splash,Choose 2 of your opponent's Pokémon. This attack does 30 damage to each of them. (Don't apply Weakness and Resistance for Benched Pokémon.),
dp5-17,Surf Together,"Does 50 damage plus 10 more damage for each of your Benched Pokémon. Flip a coin. If tails, this attack does 10 damage to each of your Benched Pokémon. (Don't apply Weakness and Resistance for Benched Pokémon.)",50+
dp5-18,Morning Sun,You may move an Energy card attached to Espeon to 1 of your Benched Pokémon.,60
dp5-19,Fire Fang,"Flip a coin. If heads, the Defending Pokémon is now Burned.",30
dp5-19,Kindle,Discard an Energy card attached to Flareon and then discard an Energy card attached to the Defending Pokémon.,70
dp5-20,Ice Shot,Does 10 damage to 1 of your opponent's Benched Pokémon. (Don't apply Weakness and Resistance for Benched Pokémon.),30
dp5-20,Icy Wind,"Flip a coin. If heads, the Defending Pokémon is now Asleep.",60
dp5-21,Vacuum Sand,Search your discard pile for a Fighting Energy card and attach it to Hippowdon.,20
dp5-21,Sand Impact,Flip a coin for each Fighting Energy attached to Hippowdon. This attack does 50 damage plus 20 more damage for each heads.,50+
dp5-22,Mach Punch,Does 10 damage to 1 of your opponent's Benched Pokémon. (Don't apply Weakness and Resistance for Benched Pokémon.),30
dp5-22,Mega Bravo,Discard all Fire Energy attached to Infernape. This attack does 40 damage times the amount of Fire Energy you discarded.,40×
dp5-23,Thunder Fang,"Flip a coin. If heads, the Defending Pokémon is now Paralyzed.",20
dp5-23,Lightning Strike,"You may discard 2 Energy attached to Jolteon. If you do, this attack's base damage is 90 instead of 50.",50
dp5-24,Sprial Drain,Remove 1 damage counter from Leafeon.,40
dp5-24,Leaf Blade,"Flip a coin. If heads, this attack does 50 damage plus 20 more damage.",50+
dp5-25,Pound,,10
dp5-25,(+) Spark,"If Plusle is on your Bench, this attack does 20 damage to 1 of your opponent's Benched Pokémon. (Don't apply Weakness and Resistance for Benched Pokémon.)",20
dp5-26,Send Back,Your opponent switches the Defending Pokémon with 1 of his or her Benched Pokémon.,40
dp5-27,Charm,"During your opponent's next turn, any damage done by attacks from the Defending Pokémon is reduced by 20 (before applying Weakness and Resistance).",
dp5-27,Whirlpool,"Flip a coin. If heads, discard an Energy card attached to the Defending Pokémon.",30
dp5-28,Call for Family,Search your deck for a Basic Pokémon and put it onto your Bench. Shuffle your deck afterward.,
dp5-28,– Boost,"If Minun is on your Bench, this attack does 20 damage plus 20 more damage.",20+
dp5-29,Special Blow,"If the Defending Pokémon has any Special Energy cards attached to it, this attack does 30 damage plus 50 more damage.",30+
dp5-29,X-Scissor,"Flip a coin. If heads, this attack does 50 damage plus 40 more damage.",50+
dp5-30,Earthquake,Does 10 damage to each of your Benched Pokémon. (Don't apply Weakness and Resistance for Benched Pokémon.),60
dp5-30,Frenzy Plant,Torterra can't use Frenzy Plant during your next turn.,100
dp5-31,Paralyze Poison,"The Defending Pokémon is now Poisoned. Flip a coin. If heads, the Defending Pokémon is now Paralyzed and Poisoned.",20
dp5-31,Slash,,60
dp5-32,Confuse Ray,The Defending Pokémon is now Confused.,50
dp5-33,Hidden Power,Each player discards the top card of his or her deck. This attack does 20 damage plus 20 more damage for each Unown discarded in this way.,20+
dp5-34,Cleanse Away,Remove 2 damage counters from each of your Benched Pokémon.,30
dp5-34,Hyper Whirlpool,"Flip a coin until you get tails. For each heads, discard an Energy card attached to the Defending Pokémon.",60
dp5-35,Astonish,"Choose 1 card from your opponent's hand without looking. Look at that card you chose, then have your opponent shuffle that card into his or her deck.",20
dp5-35,Hang High,Choose 1 of your opponent's Pokémon. This attack does 40 damage to that Pokémon. (Don't apply Weakness and Resistance for Benched Pokémon.),
dp5-36,Fury Attack,Flip 3 coins. This attack does 20 damage times the number of heads.,20×
dp5-36,Drill Peck,,60
dp5-37,Planting,Attach a Grass Energy card from your hand to 1 of your Pokémon.,20
dp5-37,Body Slam,"Flip a coin. If heads, the Defending Pokémon is now Paralyzed.",40
dp5-38,Bite,,30
dp5-38,Comet Punch,Flip 4 coins. This attack does 20 damage times the number of heads.,20×
dp5-39,Lap Up,Draw a card.,
dp5-39,Slam,Flip 2 coins. This attack does 20 damage times the number of heads.,20×
dp5-40,Thunder Wave,"Flip a coin. If heads, the Defending Pokémon is now Paralyzed.",30
dp5-40,Volt Crush,"Flip a coin. If heads, discard an Energy attached to Manectric and this attack does 40 damage plus 30 more damage.",40+
dp5-41,Fire Fang,The Defending Pokémon is now Burned.,30
dp5-41,Mid-air Strike,"Flip a coin. If heads, this attack does 30 damage plus 30 more damage.",30+
dp5-42,Get Help,Does 30 damage times the number of different types of Wormadam on your Bench.,30×
dp5-42,Quick Touch,"You may switch Mothim with 1 of your Benched Pokémon. If you do, move as many Energy cards attached to Mothim as you like to the new Active Pokémon.",40
dp5-43,Trans Tail,"Search your discard pile for a Lightning Energy card, show it to your opponent, and put it into your hand.",
dp5-43,Thundershock,"Flip a coin. If heads, the Defending Pokémon is now Paralyzed.",30
dp5-44,Ice Blade,Choose 1 of your opponent's Pokémon. This attack does 30 damage to that Pokémon. (Don't apply Weakness and Resistance for Benched Pokémon.),
dp5-44,Wash Over,Does 10 damage to 2 of your opponent's Benched Pokémon. (Don't apply Weakness and Resistance for Benched Pokémon.),50
dp5-45,Agility,"Flip a coin. If heads, prevent all effects of an attack, including damage, done to Raichu during your opponent's next turn.",20
dp5-45,Thunderbolt,Discard all Energy cards attached to Raichu.,100
dp5-46,Slash,,10
dp5-46,Fury Cutter,"Flip 3 coins. If 1 of them is heads, this attack does 10 damage plus 10 more damage. If 2 of them are heads, this attack does 10 damage plus 20 more damage. If all of them are heads, this attack does 10 damage plus 40 more damage.",10+
dp5-47,Quick Attack,"Flip a coin. If heads, this attack does 10 damage plus 30 more damage.",10+
dp5-47,Drill Peck,,50
dp5-48,Flail,Does 10 damage times the number of damage counters on Sudowoodo.,10×
dp5-48,Wood Hammer,Sudowoodo does 30 damage to itself.,50
dp5-49,Hidden Power,,20
dp5-50,Collect,Draw a card.,
dp5-50,Hand Trick,"Return Aipom and all cards attached to it to your hand. (If you don't have any Benched Pokémon, this attack does nothing.)",20
dp5-51,Scratch,,10
dp5-51,Last Resort,"Flip a coin. If tails, this attack does nothing.",30
dp5-52,Hypnosis,The Defending Pokémon is now Asleep.,
dp5-52,Confuse Ray,"Flip a coin. If heads, the Defending Pokémon is now Confused.",10
dp5-53,Drawup Power,"Search your deck for an Energy card, show it to your opponent, and put it into your hand. Shuffle your deck afterward.",
dp5-53,Extend Ears,Remove 1 damage counter from each of your Benched Pokémon.,10
dp5-54,Iron Defense,"Flip a coin. If heads, prevent all effects of an attack, including damage, done to Burmy Sandy Cloak during your opponent's next turn.",
dp5-54,Tackle,,30
dp5-55,Mimic,"Shuffle your hand into your deck. Then, draw a number of cards equal to the number of cards in your opponent's hand.",
dp5-55,Chatter,The Defending Pokémon can't retreat during your opponent's next turn.,20
dp5-56,Flare,,20
dp5-56,Lunge,"Flip a coin. If tails, this attack does nothing.",40
dp5-58,Uproar,"Flip a coin. If heads, this attack does 10 damage to each of your opponent's Pokémon. (Don't apply Weakness and Resistance for Benched Pokémon.)",
dp5-59,Honey Scent,Remove 2 damage counters from 1 of your Pokémon.,
dp5-59,Flitter,Choose 1 of your opponent's Pokémon. This attack does 20 damage to that Pokémon. This attack's damage isn't affected by Weakness or Resistance.,
dp5-60,Light Punch,,10
dp5-60,Poison Sting,"Flip a coin. If heads, the Defending Pokémon is now Poisoned.",
dp5-61,Delivery,"Flip a coin. If heads, put any 1 card from your discard pile into your hand.",
dp5-61,Reaction,Switch Drifloon with 1 of your Benched Pokémon.,20
dp5-62,Call for Family,Search your deck for as many Eevee as you like and put them onto your Bench. Shuffle your deck afterward.,
dp5-62,Lunge,"Flip a coin. If tails, this attack does nothing.",20
dp5-63,Gnaw,,10
dp5-63,Sand Attack,"If the Defending Pokémon tries to attack during your opponent's next turn, your opponent flips a coin. If tails, that attack does nothing.",
dp5-64,Random Spark,Choose 1 of your opponent's Pokémon. This attack does 10 damage to that Pokémon. (Don't apply Weakness and Resistance for Benched Pokémon.),
dp5-64,Tackle,,20
dp5-65,Call for Family,Search your deck for a Basic Pokémon and put it onto your Bench. Shuffle your deck afterward.,
dp5-65,Rip Claw,"Flip a coin. If heads, discard an Energy attached to the Defending Pokémon.",10
dp5-66,Grainy Sand,"Flip a coin. If heads, this attack does 10 damage plus 10 more damage.",10+
dp5-66,Double-edge,Hippopotas does 10 damage to itself.,40
dp5-67,Shell Attack,,20
dp5-68,Lick,"Flip a coin. If heads, the Defending Pokémon is now Paralyzed.",20
dp5-69,Wash Over,Does 10 damage to 2 of your opponent's Benched Pokémon. (Don't apply Weakness and Resistance for Benched Pokémon.),20
dp5-70,Quick Attack,"Flip a coin. If heads, this attack does 10 damage plus 10 more damage.",10+
dp5-70,Volt Tackle,Pikachu does 10 damage to itself.,50
dp5-71,Water Splash,"Flip a coin. If heads, this attack does 10 damage plus 10 more damage.",10+
dp5-71,Headbutt,,20
dp5-73,Surf,,10
dp5-73,Muddy Water,Does 10 damage to 1 of your opponent's Benched Pokémon. (Don't apply Weakness and Resistance for Benched Pokémon.),20
dp5-74,Wing Attack,,10
dp5-74,Claw,"Flip a coin. If tails, this attack does nothing.",30
dp5-75,Whirlwind,Your opponent switches the Defending Pokémon with 1 of his or her Benched Pokémon.,10
dp5-75,Flap,,20
dp5-76,Poison Gas,"Flip a coin. If heads, the Defending Pokémon is now Poisoned.",
dp5-76,Slash,,20
dp5-77,Rollout,,10
dp5-77,Razor Leaf,,30
dp6-1,Energy Crush,Does 20 damage plus 10 more damage for each Energy attached to all of your opponent's Pokémon.,20+
dp6-2,Hyper Beam,"Flip a coin. If heads, discard an Energy card attached to the Defending Pokémon.",40
dp6-2,Draco Meteor,"Flip a coin for each of your opponent's Pokémon. If that coin flip is heads, this attack does 50 damage to that Pokémon. (Don't apply Weakness and Resistance for Benched Pokémon.)",
dp6-3,Destiny Bond,"Discard a Psychic Energy attached to Froslass. During your opponent's next turn, if Froslass would be Knocked Out by damage from an attack, the Attacking Pokémon is Knocked Out.",
dp6-3,Icy Breath,The Defending Pokémon is now Asleep. Put 1 damage counter on each of your opponent's Benched Pokémon.,40
dp6-4,Shadow Force,"Choose 1 of your opponent's Benched Pokémon. This attack does 20 damage to that Pokémon. (Don't apply Weakness and Resistance for Benched Pokémon.) Flip a coin. If heads, prevent all effects of an attack, including damage, done to Giratina during your opponent's next turn.",
dp6-4,Brutal Edge,Does 50 damage plus 10 more damage for each damage counter on the Defending Pokémon.,50+
dp6-5,Burning Poison,Choose either Burned or Poisoned. The Defending Pokémon is now affected by that Special Condition. You may return Gliscor and all cards attached to it to your hand.,
dp6-5,Pester,"If the Defending Pokémon is affected by a Special Condition, this attack does 40 damage plus 40 more damage.",40+
dp6-6,Magma Storm,"You may discard as many basic Energy cards as you like attached to Heatran. If you do, this attack does 40 damage plus 20 more damage for each Energy card you discarded.",40+
dp6-7,Aqua Stream,"Search your discard pile for as many Water Energy cards as you like, show them to your opponent, and this attack does 10 damage for each Water Energy card you chose. Put those cards on top of your deck. Shuffle your deck afterward.",10×
dp6-7,Dragon Pump,"You may discard 2 cards from your hand. If you do, this attack does 40 damage plus 20 more damage and does 20 damage to 1 of your opponent's Benched Pokémon. (Don't apply Weakness and Resistance for Benched Pokémon.)",40+
dp6-8,Plasma,Search your discard pile for a Lightning Energy card and attach it to Luxray.,40
dp6-8,Shock Bolt,Discard all Lightning Energy attached to Luxray.,100
dp6-9,Ice Fang,"Flip a coin. If heads, the Defending Pokémon is now Paralyzed and discard an Energy card attached to the Defending Pokémon.",40
dp6-9,Charge Through,"You may do 60 damage plus 40 more damage and 40 damage to 1 of your opponent's Benched Pokémon. (Don't apply Weakness and Resistance for Benched Pokémon.) If you do, Mamoswine does 40 damage to itself.",60+
dp6-10,Extra Comet Punch,"During your next turn, Metagross's Extra Comet Punch attack's base damage is 100.",50
dp6-11,Hypnoblast,The Defending Pokémon is now Asleep.,10
dp6-11,Psychic,Does 40 damage plus 10 more damage for each Energy attached to the Defending Pokémon.,40+
dp6-12,Frog Hop,"Flip a coin. If heads, this attack does 40 damage plus 40 more damage.",40+
dp6-13,Metal Bomber,Choose a number of your opponent's Benched Pokémon up to the amount of Metal Energy attached to Probopass. This attack does 20 damage to each of them. (Don't apply Weakness and Resistance for Benched Pokémon.),60
dp6-14,Sky Judgement,Discard all Energy attached to Rayquaza.,150
dp6-15,Crush Grip,"If the Defending Pokémon already has any damage counters on it, this attack's base damage is 40 instead of 120.",120
dp6-16,Transfer Pain,Move 1 damage counter from 1 of your Pokémon to 1 of your opponent's Pokémon.,
dp6-17,Sonic Wave,Does 10 damage to each of your opponent's Benched Pokémon. (Don't apply Weakness and Resistance for Benched Pokémon.) Your opponent switches the Defending Pokémon with 1 of his or her Benched Pokémon.,10
dp6-17,Pursue and Turn,"If the Defending Pokémon already has 2 or more damage counters on it, this attack does 60 damage plus 20 more damage and switch Yanmega with 1 of your Benched Pokémon.",60+
dp6-18,Crush Claw,"During your next turn, if an attack does damage to the Defending Pokémon (after applying Weakness and Resistance), that attack does 40 more damage.",60
dp6-19,Lock Up,The Defending Pokémon can't retreat during your opponent's next turn.,20
dp6-20,Parallel Gain,Remove 1 damage counter from each of your Pokémon.,30
dp6-20,Blend Pollen,"Does 40 damage plus 20 more damage for each Vileplume and each Bellossom you have in play. Flip a coin. If heads, the Defending Pokémon is now Burned.",40+
dp6-21,Drain Down,"Before doing damage, you may switch 1 of the Defending Pokémon with 1 of your opponent's Benched Pokémon. If you do, this attack does 30 damage to the new Defending Pokémon. If the Defending Pokémon would be Knocked Out by this attack, you may remove all damage counters from Cradily.",30
dp6-21,Acid,The Defending Pokémon can't retreat during your opponent's next turn.,50
dp6-22,Gripthrow,"Flip a coin. If heads, your opponent returns the Defending Pokémon and all cards attached to it to his or her hand.",
dp6-22,Prop-up Pinchers,"If Crawdaunt has a Technical Machine card attached to it, this attack does 50 damage plus 30 more damage.",50+
dp6-23,Energy Assist,Search your discard pile for a basic Energy card and attach it to 1 of your Benched Pokémon.,30
dp6-24,Psychic Boost,"During your next turn, Deoxys's Psychic Boost attack's base damage is 20.",80
dp6-25,Psychic Defense,"During your opponent's next turn, prevent all effects of an attack, and any damage done to Deoxys by attacks is reduced by 20 (after applying Weakness and Resistance).",40
dp6-26,Speed Shot,"Choose 1 of your opponent's Pokémon. This attack does 30 damage to that Pokémon. This attack's damage isn't affected by Weakness, Resistance, Poké-Powers, Poké-Bodies, or any other effects on that Pokémon.",
dp6-28,Explosion,Forretress does 40 damage to itself.,100
dp6-29,Drought,Choose up to 2 basic Fighting Energy cards from your hand and attach them to 1 of your Pokémon.,
dp6-29,Major Earthquake,Discard 2 Fighting Energy attached to Groudon and this attack does 10 damage to each of your Benched Pokémon. (Don't apply Weakness and Resistance for Benched Pokémon.),100
dp6-30,Heavy Metal,Flip a coin for each Metal Energy attached to Heatran. This attack does 40 damage plus 20 more damage for each heads.,40+
dp6-31,One Desire,"Search your deck for any 1 card. Shuffle your deck, then put that card on top of your deck.",
dp6-31,Doom Desire,Discard all Energy attached to Jirachi. The Defending Pokémon is Knocked Out at the end of your opponent's next turn.,
dp6-32,Drizzle,Choose up to 2 basic Water Energy cards from your hand and attach them to 1 of your Pokémon.,
dp6-32,High Tide,Discard 2 Water Energy attached to Kyogre. This attack does 20 damage to each of your opponent's Benched Pokémon. (Don't apply Weakness and Resistance for Benched Pokémon.),60
dp6-33,Collect,Draw 3 cards.,
dp6-33,Cross-Cut,"If the Defending Pokémon is an Evolved Pokémon, this attack does 30 damage plus 30 more damage.",30+
dp6-34,Extrasensory,"If you have the same number of cards in your hand as your opponent, this attack does 20 damage plus 50 more damage.",20+
dp6-35,Focus Punch,"If Poliwrath was damaged by an attack during your opponent's last turn, this attack does nothing.",60
dp6-35,Submission,Poliwrath does 20 damage to itself.,90
dp6-36,Ice Reflect,"If Regice was damaged by an attack during your opponent's last turn, the Defending Pokémon is now Paralyzed.",50
dp6-37,Gigaton Punch,"Flip a coin. If heads, this attack does 60 damage plus 20 more damage and does 20 damage to 1 of your opponent's Benched Pokémon. (Don't apply Weakness and Resistance for Benched Pokémon.)",60+
dp6-38,Stone Edge,"Flip a coin. If heads, this attack does 40 damage plus 30 more damage.",40+
dp6-39,Rotating Claws,"You may discard an Energy card attached to Registeel. If you do, search your discard pile for an Energy card (excluding the one you discarded) and attach it to Registeel.",50
dp6-40,Curse and Deceive,"Put 3 damage counters on the Defending Pokémon. If Shedinja has any damage counters on it, the Defending Pokémon is now Confused.",
dp6-41,Black Soot,"Flip a coin. If heads, the Defending Pokémon is now Burned and Paralyzed.",30
dp6-42,Hidden Power,"Flip a coin. If heads, this attack does 10 damage plus 10 more damage. If tails, Unown ! does 10 damage to itself, and this attack's damage isn't affected by Weakness or Resistance.",10+
dp6-43,Psychic Restore,You may put Uxie and all cards attached to it on the bottom of your deck in any order.,20
dp6-44,Burning Scent,"The Defending Pokémon is now Burned and Poisoned. Before applying these effects, you may switch 1 of the Defending Pokémon with 1 of your opponent's Benched Pokémon. The new Defending Pokémon is now Burned and Poisoned.",
dp6-44,Energy Dissolve,Discard an Energy attached to the Defending Pokémon at the end of your opponent's next turn.,60
dp6-45,Disturbing Pollen,"Flip a coin. If heads, your opponent can't play any Trainer, Supporter, or Stadium cards from his or her hand during your opponent's next turn.",60
dp6-46,Guard Claw,"During your opponent's next turn, any damage done to Anorith by attacks is reduced by 20 (after applying Weakness and Resistance).",20
dp6-46,X-Scissor,"Flip a coin. If heads, this attack does 30 damage plus 20 more damage.",30+
dp6-47,Eruption,Each player discards the top of his or her deck. This attack does 30 damage plus 30 more damage for each Energy card discarded in this way.,30+
dp6-47,Take Down,Camerupt does 20 damage to itself.,80
dp6-48,Weather Ball,"If you have a Stadium card in play, remove 3 damage counters from Castform. If your opponent has a Stadium card in play, this attack does 30 damage plus 30 more damage.",30+
dp6-49,Water Pulse,The defending Pokémon is now Asleep.,30
dp6-50,Hail,This attack does 10 damage to each of your opponent's Pokémon. (Don't apply Weakness and Resistance for Benched Pokémon.),
dp6-51,Ember,Discard a Fire Energy attached to Castform Sunny Form.,40
dp6-52,Wrap,"Flip a coin. If heads, the Defending Pokémon is now Paralyzed.",20
dp6-52,Rising Lunge,"Flip a coin. If heads, this attack does 30 damage plus 20 more damage.",30+
dp6-53,Expand,"During your opponent's next turn, any damage done to Drifblim by attacks is reduced by 10 (after applying Weakness and Resistance).",30
dp6-53,Whirlwind,Your opponent switches the Defending Pokémon with 1 of his or her Benched Pokémon.,60
dp6-54,Psychic Strategy,"Each player counts the number of cards in his or her opponent's hand. Each player shuffles his or her hand into his or her deck. Then, each player draws a number of cards up to the number of cards his or her opponent had. (You draw your cards first.)",
dp6-54,Super Eggsplosion,"Discard as many Energy cards as you like attached to your Pokémon. For each Energy card you discarded, flip a coin. This attack does 50 damage times the number of heads.",50×
dp6-55,Poison Jab,The Defending Pokémon is now Poisoned.,20
dp6-55,Sharp Tail,"Flip a coin. If heads, this attack does 30 damage plus 40 more damage.",30+
dp6-56,Magical Step,The Defending Pokémon is now Confused. Put 6 damage counters instead of 3 on the Confused Pokémon.,
dp6-56,Grind,Does 20 damage times the amount of Energy attached to Grumpig.,20×
dp6-57,Burning Sensation,"If the Defending Pokémon already has any damage counters on it, the Defending Pokémon is now Burned.",20
dp6-57,Bright Flame,"Flip a coin. If tails, discard 2 Fire Energy attached to Houndoom.",60
dp6-58,Rushing Water,Move an Energy card attached to the Defending Pokémon to another of your opponent's Pokémon.,20
dp6-58,Confuse Ray,The Defending Pokémon is now Confused.,40
dp6-59,Energy Split,This attack does 30 damage to each of your opponent's Pokémon that has any Energy cards attached to it. (Don't apply Weakness and Resistance for Benched Pokémon.),
dp6-59,Aqua Bolt,Does 60 damage plus 10 more damage for each Water Energy attached to Lanturn.,60+
dp6-60,Comet Punch,Flip 4 coins. This attack does 20 damage times the number of heads.,20×
dp6-60,Baton Pass,"You may switch Ledian with 1 of your Benched Pokémon. If you do, move as many Energy cards attached to Ledian as you like to the new Active Pokémon.",50
dp6-61,Focus Blast,Choose 1 of your opponent's Pokémon. This attack does 30 damage to that Pokémon. (Don't apply Weakness and Resistance for Benched Pokémon.),
dp6-61,Spike Lariat,"If the Defending Pokémon already has any damage counters on it, this attack does 60 damage plus 20 more damage.",60+
dp6-62,Spark,Does 10 damage to 1 of your opponent's Benched Pokémon. (Don't apply Weakness and Resistance for Benched Pokémon.),30
dp6-62,Thunderous Claw,"Flip a coin. If tails, discard all Lightning Energy attached to Luxio.",70
dp6-63,Heavy Bone,"Flip a coin. If tails, Marowak can't use Heavy Bone during your next turn.",40
dp6-63,Bone Rush,Flip a coin until you get tails. This attack does 50 damage times the number of heads.,50×
dp6-64,Agility,"Flip a coin. If heads, prevent all effects of an attack, including damage, done to Metang during your opponent's next turn.",20
dp6-64,Metal Claw,,50
dp6-65,Psyshock,"Flip a coin. If heads, the Defending Pokémon is now Paralyzed.",20
dp6-65,Bullet Punch,Flip 2 coins. This attack does 40 damage plus 20 more damage for each heads.,40+
dp6-66,Bite On,"If the Defending Pokémon isn't an Evolved Pokémon, that Pokémon can't attack, retreat, or use any Poké-Powers during your opponent's next turn.",30
dp6-66,Harass,Does 10 damage times the number of Pokémon you have in play.,10×
dp6-67,Chip Off,"If your opponent has 6 or more cards in his or her hand, discard a number of cards without looking until your opponent has 5 cards left in his or her hand.",30
dp6-68,Feint Attack,"Choose 1 of your opponent's Pokémon. This attack does 30 damage to that Pokémon. This attack's damage isn't affected by Weakness, Resistance, Poké-Powers, Poké-Bodies, or any other effects on that Pokémon.",
dp6-68,Fasten Claws,"Flip a coin. If heads, this attack does 40 damage plus 10 more damage.",40+
dp6-69,Charge Dash,"You may do 30 damage plus 30 more damage. If you do, Piloswine does 30 damage to itself.",30+
dp6-69,Icy Wind,The Defending Pokémon is now Asleep.,60
dp6-70,Aqua Pump,"You may discard up to 2 Water Energy cards from your hand. If you do, this attack does 30 damage plus 10 more damage for each Energy card you discarded.",30+
dp6-70,Waterfall,,50
dp6-71,Star Boomerang,You may return Starmie and all cards attached to it to your hand.,30
dp6-71,Core Flash,Choose 1 of your opponent's Pokémon that has any Poké-Powers or Poké-Bodies. This attack does 50 damage to that Pokémon. (Don't apply Weakness and Resistance for Benched Pokémon.),
dp6-72,Swallow Up,"Before doing damage, count the remaining HP of the Defending Pokémon and Swalot. If the Defending Pokémon has fewer remaining HP than Swalot's, this attack does 80 damage instead.",30
dp6-72,Gunk Shot,The Defending Pokémon is now Poisoned.,60
dp6-73,Mach Descent,"If Swellow was on your Bench this turn, this attack's base damage is 60 instead of 30.",30
dp6-74,Herd Charge,Flip a coin for each Tauros you have in play. This attack does 20 damage times the number of heads.,20×
dp6-74,Thrash,"Flip a coin. If heads, this attack does 40 damage plus 20 more damage. If tails, Tauros does 10 damage to itself.",40+
dp6-75,Tentacle Strike,"Search your opponent's discard pile for up to 2 Energy cards and attach them to any of your opponent's Pokémon in any way you like. For each Energy card attached in this way, this attack does 20 damage to that Pokémon. (Don't apply Weakness and Resistance for Benched Pokémon.)",
dp6-75,Dangerous Poison,"If Tentacruel has less Energy attached to it than the Defending Pokémon, the Defending Pokémon is now Paralyzed and Poisoned.",60
dp6-76,Hidden Power,Remove the Special Condition Asleep from the Defending Pokémon.,10
dp6-77,Hidden Power,Move any number of basic Energy cards attached to your Pokémon to your other Pokémon in any way you like.,
dp6-78,Hidden Power,Search your deck for any 1 card and discard it. Shuffle your deck afterward.,
dp6-79,Hidden Power,Does 10 damage to each of your Benched Pokémon. (Don't apply Weakness and Resistance for Benched Pokémon.),30
dp6-80,Hidden Power,Draw a card.,50
dp6-81,Hidden Power,"Search your deck for up to 2 Trainer cards, show them to your opponent, and put them into your hand. Shuffle your deck afterward.",
dp6-82,Hidden Power,"Discard up to 2 cards from your hand. For each card you discarded, draw a card.",
dp6-83,Take Down,Beldum does 10 damage to itself.,30
dp6-84,Allure,Draw a card.,
dp6-84,Tackle,,20
dp6-85,Vine Bind,"Flip a coin. If heads, the Defending Pokémon can't use any Poké-Powers during your opponent's next turn.",
dp6-85,Careless Tackle,Bellsprout does 10 damage to itself.,20
dp6-86,Rest,Remove all Special Conditions and 4 damage counters from Buneary. Buneary is now Asleep.,
dp6-86,Double Kick,Flip 2 coins. This attack does 20 damage times the number of heads.,20×
dp6-87,Supersonic,"Flip a coin. If heads, the Defending Pokémon is now Confused.",
dp6-87,Wave Splash,,10
dp6-88,Razor Fin,,10
dp6-88,Aqua Spark,"If Chinchou has any Water Energy attached to it, this attack does 20 damage plus 10 more damage.",20+
dp6-89,Knock Off,"Flip a coin. If heads, choose 1 card from your opponent's hand without looking and discard it.",
dp6-89,Irongrip,,20
dp6-90,Headbutt,,10
dp6-90,Bonemerang,Flip 2 coins. This attack does 20 damage times the number of heads.,20×
dp6-91,Tail Slap,,10
dp6-91,Slam,Flip 2 coins. This attack does 20 damage times the number of heads.,20×
dp6-92,Mind Bend,"Flip a coin. If heads, the Defending Pokémon is now Confused.",10
dp6-92,Gust,,20
dp6-93,Call for Family,Search your deck for up to 2 in any combination of Grass Basic Pokémon and Psychic Basic Pokémon and put them onto your Bench. Shuffle your deck afterward.,
dp6-93,Hypnosis,The Defending Pokémon is now Asleep.,10
dp6-94,Light Poison,"Flip a coin. If tails, this attack does nothing. If heads, the Defending Pokémon is now Poisoned.",10
dp6-94,Jump On,"Flip a coin. If heads, this attack does 10 damage plus 10 more damage.",10+
dp6-95,Poison Sting,"Flip a coin. If heads, the Defending Pokémon is now Poisoned.",
dp6-95,Slash,,20
dp6-96,Sleep Powder,The Defending Pokémon is now Asleep.,20
dp6-96,Frustration,Choose 1 of your opponent's Pokémon that doesn't have any damage counters on it. This attack does 30 damage to that Pokémon. (Don't apply Weakness and Resistance for Benched Pokémon.),
dp6-97,Space Out,Remove 2 damage counters from Gloom. Gloom is now Asleep.,
dp6-97,Stinky Nectar,"Flip a coin. If heads, the Defending Pokémon is now Confused and Poisoned.",30
dp6-98,Amnesia,Choose 1 of the Defending Pokémon's attacks. That Pokémon can't use that attack during your opponent's next turn.,
dp6-98,Gastro Acid,"Flip a coin. If heads, the Defending Pokémon is now Paralyzed.",
dp6-99,Counter Punch,"During your opponent's next turn, if Hitmonchan is damaged by an opponent's attack (even if Hitmonchan is Knocked Out), put 4 damage counters on the Attacking Pokémon.",
dp6-99,Gut Strike,"If Tyrogue is anywhere under Hitmonchan, this attack's base damage is 60 instead of 30.",30
dp6-100,Gut Kick,"If Tyrogue is anywhere under Hitmonlee, you may do 30 damage to any 1 Benched Pokémon instead. (Don't apply Weakness and Resistance for Benched Pokémon.)",30
dp6-100,Mega Kick,,60
dp6-101,Triple Kick,Flip 3 coins. This attack does 20 damage times the number of heads.,20×
dp6-101,Gut Spin,"If Tyrogue is anywhere under Hitmontop, you may switch Hitmontop with 1 of your Benched Pokémon.",50
dp6-102,Smokescreen,"If the Defending Pokémon tries to attack during your opponent's next turn, your opponent flips a coin. If tails, that attack does nothing.",
dp6-102,Reverse Thrust,Switch Horsea with 1 of your Benched Pokémon.,10
dp6-103,Roar,Your opponent switches the Defending Pokémon with 1 of his or her Benched Pokémon.,
dp6-103,Bite,,10
dp6-104,Supersonic,"Flip a coin. If heads, the Defending Pokémon is now Confused.",
dp6-104,Double-edge,Ledyba does 10 damage to itself.,30
dp6-105,Astonish,"Choose 1 card from your opponent's hand without looking. Look at that card you chose, then have your opponent shuffle that card into his or her deck.",20
dp6-105,Absorb,Remove 2 damage counters from Lileep.,30
dp6-106,Pay Day,"Flip a coin. If heads, draw a card.",10
dp6-106,Fury Swipes,Flip 3 coins. This attack does 10 damage times the number of heads.,10×
dp6-107,Show Off,"Search your deck for a basic Energy card, show it to your opponent, and put it into your hand. Shuffle your deck afterward.",
dp6-107,Payback,"If your opponent has only 1 Prize card left, this attack does 10 damage plus 20 more damage.",10+
dp6-108,Scratch,,10
dp6-108,Big Bite,The Defending Pokémon can't retreat during your opponent's next turn.,
dp6-109,Sharpen,,10
dp6-109,Nose Poke,"If Probopass is on your Bench, this attack does 20 damage plus 20 more damage.",20+
dp6-110,Rollout,,10
dp6-110,Singe,"Flip a coin. If heads, the Defending Pokémon is now Burned.",30
dp6-111,Stun Spore,"Flip a coin. If heads, the Defending Pokémon is now Paralyzed.",
dp6-111,Blot,Remove 1 damage counter from Oddish.,10
dp6-112,Poisonpowder,"Flip a coin. If heads, the Defending Pokémon is now Poisoned.",
dp6-112,Ram,,20
dp6-113,Tackle,,10
dp6-113,Selfdestruct,This attack does 10 damage to each Benched Pokémon (both yours and your opponent's). (Don't apply Weakness and Resistance for Benched Pokémon.) Pineco does 50 damage to itself.,40
dp6-114,Tackle,,10
dp6-114,Twiddle,"Flip a coin. If heads, the Defending Pokémon is now Confused. If tails, the Defending Pokémon is now Asleep.",
dp6-115,Light Punch,,20
dp6-115,Bubblebeam,"Flip a coin. If heads, the Defending Pokémon is now Paralyzed.",40
dp6-116,Corner,The Defending Pokémon can't retreat during your opponent's next turn.,
dp6-116,Ambush,"Flip a coin. If heads, this attack does 10 damage plus 20 more damage.",10+
dp6-117,Punch,,10
dp6-117,Low Kick,,30
dp6-118,Recharge,Search your deck for a Lightning Energy card attach it to Shinx. Shuffle your deck afterward.,
dp6-118,Double Kick,Flip 2 coins. This attack does 20 damage times the number of heads.,20×
dp6-119,Growl,"During your opponent's next turn, any damage done by attacks from the Defending Pokémon is reduced by 20 (before applying Weakness and Resistance).",
dp6-119,Scratch,,10
dp6-120,Rob,"Look at your opponent's hand. If your opponent has any Pokémon Tool or Technical Machine cards in his or her hand, put those cards on top of his or her deck. Your opponent shuffles his or her deck afterward.",
dp6-120,Slash,,20
dp6-121,Psybeam,The Defending Pokémon is now Confused.,
dp6-121,Bounce,You may switch Spoink with 1 of your Benched Pokémon.,20
dp6-122,Recover,Discard an Energy attached to Staryu and remove 3 damage counters from Staryu.,
dp6-122,Spinning Attack,,20
dp6-123,Sniff Out,"Flip a coin. If heads, put any 1 card from your discard pile into your hand.",
dp6-123,Lunge Out,,30
dp6-124,Focus Energy,"During your next turn, Taillow's Peck attack's base damage is 30.",
dp6-124,Peck,,10
dp6-125,Crystal Barrier,"Flip a coin. If heads, prevent all effects of an attack, including damage, done to Tentacool during your opponent's next turn.",
dp6-125,Mysterious Beam,"Flip a coin. If heads, discard an Energy card attached to the Defending Pokémon.",
dp6-126,Gut Blow,"If the Defending Pokémon is an Evolved Pokémon, this attack does 10 damage plus 20 more damage and Tyrogue does 10 damage to itself.",10+
dp6-127,Poisonpowder,The Defending Pokémon is now Poisoned.,10
dp6-127,Razor Leaf,,40
dp6-128,U-turn,Switch Yanma with 1 of your Benched Pokémon.,10
dp6-128,Agility,"Flip a coin. If heads, prevent all effects of an attack, including damage, done to Yanma during your opponent's next turn.",20
pop8-1,Body Slam,"Flip a coin. If heads, the Defending Pokémon is now Paralyzed.",20
pop8-1,Fire Spin,"Discard 2 Basic Energy cards attached to Heatran. (If you can't discard cards, this attack does nothing.",90
pop8-2,Blocking Punch,"During your opponent's next turn, any damage done to Lucario by attacks is reduced by 20 (after applying Weakness and Resistance).",40
pop8-2,Striking Kick,"This attack's damage isn't affected by Resistance, Poké-Powers, Poké-Bodies, or any other effects on the Defending Pokémon",60
pop8-3,Thunder,"Flip a coin. If tails, Luxray does 40 damage to itself.",120
pop8-4,Rock Slide,Does 10 damage to 2 of your opponent's Benched Pokémon. (Don't apply Weakness and Resistance for Benched Pokémon.),20
pop8-4,Triple Nose,Flip 3 coins. This attack does 50 damage plus 20 more damage for each heads.,50+
pop8-5,Supersonic,"Flip a coin. If heads, the Defending Pokémon is now Confused.",
pop8-5,Air Slash,"Flip a coin. If tails, discard an Energy attached to Yanmega.",70
pop8-6,Worry Seed,"Flip a coin. If heads, the Defending Pokémon is now Confused.",20
pop8-6,Magical Leaf,"Flip a coin. If heads, this attack does 20 damage plus 20 more damage and remove 3 damage counters from Cherrim.",20+
pop8-7,Swallow Up,"Before doing damage, count the remaining HP of the Defending Pokémon and Carnivine. If the Defending Pokémon has fewer remaining HP than Carnivine's, this attack does 60 damage instead.",30
pop8-7,Wring Out,"Flip a coin. If heads, the Defending Pokémon is now Paralyzed and discard an Energy card attached to the Defending Pokémon.",20
pop8-8,Fasten Claw,"Flip a coin. If heads, this attack does 10 damage plus 30 more damage.",10+
pop8-8,Thunder Fang,"Flip a coin. If heads, the Defending Pokémon is now Paralyzed.",30
pop8-12,Scratch,,10
pop8-12,Ember,"Flip a coin. If tails, discard a Fire Energy attached to Chimchar.",30
pop8-13,Ghastly Sound,"Flip a coin. If heads, your opponent can't play any Supporter cards from his or her hand during his or her next turn.",
pop8-13,Finger Poke,"Flip a coin. If heads, the Defending Pokémon is now Poisoned.",20
pop8-14,Lively,Remove 2 damage counters from 1 of your Pokémon.,
pop8-15,Peck,,10
pop8-15,Water Splash,"Flip a coin. If heads, this attack does 20 damage plus 10 more damage.",20+
pop8-16,Quick Attack,"Flip a coin. If heads, this attack does 10 damage plus 10 more damage.",10+
pop8-17,Tackle,,10
pop8-17,Razor Leaf,,20
dp7-6,Gyro Ball,"You may switch Magnezone with 1 of your Benched Pokémon. If you do, your opponent switches the Defending Pokémon with 1 of his or her Benched Pokémon.",60
dp7-17,Darkness Mist,"If the Defending Pokémon already has 2 or more damage counters on it, this attack does 60 damage plus 20 more damage.",60+
dp7-28,Outbreak Power,Choose a number of your opponent's Pokémon up to the amount of Energy attached to Steelix. This attack does 20 damage to each of them. (Don't apply Weakness and Resistance for Benched Pokémon.),
dp7-28,Iron Tail,Flip a coin until you get tails. This attack does 100 damage times the number of heads.,100×
dp7-34,Dark One-eye,"You may discard a card from your hand. If you do, your opponent discards a card from his or her hand.",20
dp7-34,Ambush,"Flip a coin. If heads, this attack does 40 damage plus 20 more damage.",40+
dp7-35,Confuse Ray,"Flip a coin. If heads, the Defending Pokémon is now Confused.",20
dp7-35,Trick Room,"If you have a Stadium card in play, this attack does 40 damage plus 20 more damage. If your opponent has a Stadium card in play, remove 2 damage counters from Dusclops.",40+
dp7-37,Flash,"If the Defending Pokémon tries to attack during your opponent's next turn, your opponent flips a coin. If tails, that attack does nothing.",20
dp7-37,Electro Diffusion,"Does 40 damage plus 10 more damage for each Lightning Energy attached to Electrode. Flip a coin. If tails, discard all Lightning Energy attached to Electrode.",40+
dp7-38,Go and Collect,"Search your deck for a Trainer, Supporter, or Stadium card, show it to your opponent, and put it into your hand. Shuffle your deck afterward.",
dp7-38,Fury Cutter,"Flip 3 coins. If 1 of them is heads, this attack does 10 damage plus 10 more damage. If 2 of them are heads, this attack does 10 damage plus 20 more damage. If all of them are heads, this attack does 10 damage plus 40 more damage.",10+
dp7-39,Tail Shake,The Defending Pokémon is now Asleep.,20
dp7-39,Slam,Flip 2 coins. This attack does 60 damage times the number of heads.,60×
dp7-40,Smog,The Defending Pokémon is now Poisoned.,
dp7-40,Hoodwink,"You may search your opponent's discard pile for up to 3 in any combination of Trainer, Supporter, or Stadium cards and put them into your opponent's hand.",30
dp7-41,Steady Punch,"Flip a coin. If heads, this attack does 20 damage plus 20 more damage.",20+
dp7-41,Brick Break,"This attack's damage isn't affected by Resistance, Poké-Powers, Poké-Bodies, or any other effects on the Defending Pokémon.",30
dp7-42,Magnetic Resonance,"If you have a Stadium card in play, this attack does 20 damage to 2 of your opponent's Benched Pokémon. (Don't apply Weakness and Resistance for Benched Pokémon.)",20
dp7-42,Magnetic Release,Does 40 damage plus 10 more damage for each Energy attached to the Defending Pokémon.,40+
dp7-43,Thunder Wave,"Flip a coin. If heads, the Defending Pokémon is now Paralyzed.",20
dp7-43,Removal Pulse,"Flip a coin. If heads, discard an Energy card attached to the Defending Pokémon.",50
dp7-45,Electric Circuit,"Search your discard pile for up to 4 Lightning Energy cards, show them to your opponent, and put them into your hand.",
dp7-46,Rouse,"Does 20 damage plus 10 more damage for each damage counter on Piloswine. Then, remove 4 damage counters from Piloswine.",20+
dp7-46,Overrun,Does 20 damage to 1 of your opponent's Benched Pokémon. (Don't apply Weakness and Resistance for Benched Pokémon.),60
dp7-47,Rock Smash,"Flip a coin. If heads, this attack does 20 damage plus 20 more damage.",20+
dp7-49,Swords Dance,"During your next turn, Scyther's Slashing Strike attack's base damage is 60.",
dp7-49,Slashing Strike,"During your next turn, Scyther can't use Slashing Strike.",30
dp7-50,Body Slam,"Flip a coin. If heads, the Defending Pokémon is now Paralyzed.",20
dp7-50,Rollout,,50
dp7-51,Quick Attack,"Flip a coin. If heads, this attack does 10 damage plus 20 more damage.",10+
dp7-51,Mach Blade,"Flip a coin. If heads, this attack does 50 damage to 1 of your opponent's Pokémon. (Don't apply Weakness and Resistance for Benched Pokémon.)",
dp7-52,Wing Attack,,30
dp7-52,Shot Air,Does 30 damage to 1 of your opponent's Benched Pokémon. (Don't apply Weakness and Resistance for Benched Pokémon.),20
dp7-53,Scary Face,"Flip a coin. If heads, the Defending Pokémon can't attack or retreat during your opponent's next turn.",
dp7-53,Headbutt,,30
dp7-54,Yawn,The Defending Pokémon is now Asleep.,
dp7-54,Self-abandonment,"Flip a coin. If heads, this attack does 30 damage to the Defending Pokémon. If tails, Bidoof does 10 damage to itself.",
dp7-55,Gyro Swap,Put a number of damage counters on the Defending Pokémon equal to the number of Colorless Energy in Bronzor's Retreat Cost (after applying effects to the Retreat Cost).,
dp7-55,Psyshock,"Flip a coin. If heads, the Defending Pokémon is now Paralyzed.",20
dp7-56,Nap,Remove 2 damage counters from Cherubi.,
dp7-56,Bullet Seed,Flip 4 coins. This attack does 10 damage times the number of heads.,10×
dp7-58,Constrict,"Flip a coin. If heads, the Defending Pokémon is now Paralyzed.",
dp7-58,Linear Attack,Choose 1 of your opponent's Pokémon. This attack does 10 damage to that Pokémon. (Don't apply Weakness and Resistance for Benched Pokémon.),
dp7-59,Silhouette,"Put 1 damage counter on the Defending Pokémon. If the Defending Pokémon already has any damage counters on it, put 2 damage counters on that Pokémon instead.",
dp7-59,Will-o'-the-wisp,,20
dp7-60,Tackle,,10
dp7-60,Surprise Attack,"Flip a coin. If tails, this attack does nothing.",30
dp7-61,Aqua Liner,Choose 1 of your opponent's Benched Pokémon. This attack does 10 damage to that Pokémon. (Don't apply Weakness and Resistance for Benched Pokémon.),
dp7-61,Mouth Pump,"Flip a coin. If heads, this attack does 10 damage plus 10 more damage.",10+
dp7-62,Pitch-Dark,You opponent can't play any Trainer cards from his or her hand during your opponent's next turn.,
dp7-62,Trick Gas,You may switch Gastly with 1 of your Benched Pokémon.,10
dp7-63,Bite,,10
dp7-63,Rock Slide,Does 10 damage to 2 of your opponent's Benched Pokémon. (Don't apply Weakness and Resistance for Benched Pokémon.),20
dp7-64,Kick,,10
dp7-64,Knock Back,Your opponent switches the Defending Pokémon with 1 of his or her Benched Pokémon.,20
dp7-65,Sea Spray,"Flip a coin until you get tails. For each heads, draw a card.",
dp7-65,Splash,,10
dp7-67,Ram,,10
dp7-67,Random Spark,Choose 1 of your opponent's Pokémon. This attack does 20 damage to that Pokémon. (Don't apply Weakness and Resistance for Benched Pokémon.),
dp7-68,Lullaby,The Defending Pokémon is now Asleep.,
dp7-68,Nightmare Feast,"If the Defending Pokémon is Asleep, this attack does 50 damage and remove 5 damage counters from Misdreavus. If the Defending Pokémon is not Asleep, this attack does nothing.",
dp7-69,Harden,"During your opponent's next turn, if Onix would be damaged by an attack, prevent that attack's damage done to Onix if that damage is 40 or less.",
dp7-69,Bind,"Flip a coin. If heads, the Defending Pokémon is now Paralyzed.",30
dp7-70,Pika Punch,,20
dp7-70,Speed Bolt,"If Pikachu evolved from Pichu during this turn, prevent all effects of an attack, including damage, done to Pikachu during your opponent's next turn.",40
dp7-71,Smash Kick,,10
dp7-71,Agility,"Flip a coin. If heads, prevent all effects of an attack, including damage, done to Ponyta during your opponent's next turn.",20
dp7-72,Headbutt,,10
dp7-72,Petal Spikes,"Flip a coin. If heads, the Defending Pokémon is now Asleep and Poisoned. If Budew is anywhere under Roselia, the Defending Pokémon is now Asleep and Poisoned.",20
dp7-73,Stalk,The Defending Pokémon can't retreat during your opponent's next turn.,10
dp7-73,Dangerous Claw,"Flip a coin. If heads, the Defending Pokémon is now Paralyzed. If tails, the Defending Pokémon is now Poisoned.",20
dp7-74,Hide,"Flip a coin. If heads, prevent all effects of an attack, including damage, done to Snover during your opponent's next turn.",
dp7-74,Powder Snow,The Defending Pokémon is now Asleep.,10
dp7-75,Sand Attack,"If the Defending Pokémon tries to attack during your opponent's next turn, your opponent flips a coin. If tails, that attack does nothing.",
dp7-75,Double Stab,Flip 2 coins. This attack does 10 damage times the number of heads.,10×
dp7-76,Gnaw and Run,Switch Stunky with 1 of your Benched Pokémon.,10
dp7-76,Double Scratch,Flip 2 coins. This attack does 20 damage times the number of heads.,20×
dp7-77,Freezing Breath,"Flip a coin. If heads, the Defending Pokémon is now Paralyzed. If tails, the Defending Pokémon is now Asleep.",
dp7-77,Take Down,"Flip a coin. If tails, Swinub does 10 damage to itself.",20
dp7-78,Ingrain,"Flip a coin. If tails, this attack does nothing. If heads, search your deck for a Grass Energy card and attach it to Tangela. Shuffle your deck afterward. If you do, prevent all effects of an attack, including damage, done to Tangela during your opponent's next turn.",
dp7-78,Tickle,"Flip a coin. If heads, the Defending Pokémon is now Paralyzed.",20
dp7-79,Call for Friends,"Search your deck for a Basic Pokémon, show it to your opponent, and put it into your hand. Shuffle your deck afterward.",
dp7-79,Poison Breath,"Flip a coin. If heads, the Defending Pokémon is now Poisoned.",
dp7-80,Screech,"If an attack does damage to the Defending Pokémon (after applying Weakness and Resistance), that attack does 20 more damage to that Pokémon until the end of your next turn.",
dp7-80,Double Spin,Flip 2 coins. This attack does 10 damage times the number of heads.,10×
dp7-81,Outlet,"Search your deck for a Lightning Energy card, show it to your opponent, and put it into your hand. Shuffle your deck afterward.",
dp7-81,Bouncing Ball,"Flip a coin. If tails, Voltorb does 10 damage to itself.",20
dp7-101,Scratch,,10
dp7-101,Ember,Discard a Fire Energy attached to Charmander.,30
dp7-102,Slash,,30
dp7-102,Flamethrower,Discard a Fire Energy attached to Charmeleon.,50
dp7-103,Fire Spin,Discard 2 Energy attached to Charizard.,100
pl1-5,Time-Space Traveling,Draw cards until you have 7 cards in your hand.,50
pl1-6,Metal Burn,Discard all Metal Energy attached to Dialga.,100
pl1-14,Flower Aroma,Remove 2 damage counters from Shaymin. The Defending Pokémon is now Asleep.,10
pl1-14,Damage Aid,"If the Defending Pokémon is affected by a Special Condition, this attack does 30 damage plus 50 more damage. Then, remove all Special Conditions from the Defending Pokémon.",30+
pl1-15,Growth,Attach a Grass Energy card from your hand to Shaymin.,
pl1-15,Air Slash,"Flip a coin. If tails, discard an Energy attached to Shaymin.",40
pl1-16,Best Dash,"During your opponent's next turn, any damage done to Slaking by attacks is increased by 50 (after applying Weakness and Resistance).",150
pl1-21,Colorful Powder,"If Beautifly has 2 or less Energy attached to it, the Defending Pokémon is now Poisoned. If Beautifly has 3 Energy attached to it, the Defending Pokémon is now Burned and Poisoned. If Beautifly has 4 or more Energy attached to it, this attack does 20 damage plus 40 more damage and the Defending Pokémon is now Asleep, Burned, and Poisoned.",20+
pl1-21,Silver Scale,"If the Defending Pokémon has any Resistance, this attack's base damage is 60 damage instead of 30.",30
pl1-23,Energy Stream,"Flip a coin. If heads, search your discard pile for a basic Energy card and attach it to Dialga.",20
pl1-23,Diamond Blow,Dialga can't attack during your next turn.,100
pl1-26,Knock Off,Choose 1 card from your opponent's hand without looking and discard it.,40
pl1-26,Jet Smash,Choose 1 of your opponent's Pokémon. This attack does 70 damage to that Pokémon. (Don't apply Weakness and Resistance for Benched Pokémon.) Empoleon can't use Jet Smash during your next turn.,
pl1-27,Strafe,You may switch Giratina with 1 of your Benched Pokémon.,20
pl1-27,Broken-space Blow,"If the Defending Pokémon is Knocked Out by this attack, put the Defending Pokémon and all cards attached to in the Lost Zone instead of the discard pile.",50
pl1-28,Dragon Claw,,30
pl1-28,Dragonbreath,"Flip a coin. If tails, this attack does nothing. If heads, the Defending Pokémon is now Paralyzed.",80
pl1-29,Swim,"If your opponent has any Water Energy attached to any of his or her Pokémon, you may do 30 damage to any 1 Benched Pokémon instead. (Don't apply Weakness and Resistance for Benched Pokémon.)",30
pl1-29,Water Slide,"You may move all Energy cards attached to Golduck to 1 of your Benched Pokémon. If you do, this attack does 40 damage plus 20 more damage.",40+
pl1-31,Rushing Flames,Discard as many Fire Energy cards as you like attached to your Pokémon in play. Flip a coin for each Energy card you discarded. This attack does 80 damage times the number of heads.,80×
pl1-31,Rage,Does 30 damage plus 10 more damage for each damage counter on Infernape.,30+
pl1-32,Revenge Melody,Does 20 damage times the number of Kricketot and Kricketune in your discard pile.,20×
pl1-32,Bug Buzz,"If the Defending Pokémon is Asleep, this attack does 50 damage plus 30 more damage. Remove the Special Condition Asleep from the Defending Pokémon.",50+
pl1-33,Harrumph,"Choose 1 of your opponent's Pokémon. This attack does 40 damage to that Pokémon. (Don't apply Weakness and Resistance for Benched Pokémon.) Before doing damage, discard all Trainer cards attached to that Pokémon.",
pl1-33,Body Press,"Flip a coin. If heads, the Defending Pokémon is now Paralyzed and discard an Energy card attached to the Defending Pokémon.",60
pl1-35,Love Call,"Choose 1 of your opponent's Pokémon. Search your deck for a Pokémon that is the same type as the Pokémon you chose, show it to your opponent, and put it into your hand. Shuffle your deck afterward.",
pl1-35,Sweet Kiss,Your opponent may draw a card.,30
pl1-36,Flame Bash,Flip a coin until you get tails. Search your deck for a number of basic Fire Energy cards up to the number of heads and attach them to any of your Pokémon in any way you like. Shuffle your deck afterward.,
pl1-36,Mysterious Flames,"If you have more Energy in play than your opponent, the Defending Pokémon is now Burned and Confused.",40
pl1-37,Tsunami,Does 10 damage to each of your opponent's Benched Pokémon. (Don't apply Weakness and Resistance for Benched Pokémon.),10
pl1-37,Water Pulse,"Flip a coin. If heads, the Defending Pokémon is now Asleep.",60
pl1-38,Energy Blow,Does 10 damage plus 10 more damage for each Energy attached to Shaymin.,10+
pl1-38,Aromatherapy,Remove 2 damage counters from each of your Pokémon.,40
pl1-39,Green Blast,Does 40 damage plus 10 more damage for each Grass Energy attached to all of your Pokémon.,40+
pl1-39,Soothing Scent,The Defending Pokémon is now Asleep.,80
pl1-42,Spike Wound,Choose 1 of your opponent's Pokémon that has any damage counters on it. This attack does 50 damage to that Pokémon. (Don't apply Weakness and Resistance for Benched Pokémon.),
pl1-42,Poison Experiment,"You may discard a Grass or Darkness Energy attached to Cacturne. If you discard a Grass Energy, the Defending Pokémon is now Poisoned. If you discard a Darkness Energy, the Defending Pokémon is now Paralyzed.",20
pl1-44,Ascension,Search your deck for a card that evolves from Cascoon and put it onto Cascoon. (This counts as evolving Cascoon.) Shuffle your deck afterward.,
pl1-44,Poison Thread,The Defending Pokémon is now Poisoned.,20
pl1-45,Firebreathing,"Flip a coin. If heads, this attack does 20 damage plus 20 more damage.",20+
pl1-45,High Jump Kick,,60
pl1-46,Rock Smash,"Flip a coin. If heads, this attack does 20 damage plus 20 more damage.",20+
pl1-46,Knock Over,You may discard any Stadium card in play.,40
pl1-48,Spark,Does 10 damage to 2 of your opponent's Benched Pokémon. (Don't apply Weakness and Resistance for Benched Pokémon.),10
pl1-48,Tail Code,Move an Energy card attached to the Defending Pokémon to another of your opponent's Pokémon.,30
pl1-49,Absorb,Remove 1 damage counter from Grotle.,30
pl1-49,Razor Leaf,,60
pl1-51,Teleportation Burst,You may switch Kirlia with 1 of your Benched Pokémon.,30
pl1-51,Super Psy Bolt,,60
pl1-52,Interrupt,"Flip a coin. If heads, look at your opponent's hand and choose 1 card, then have your opponent shuffle that card into his or her deck.",20
pl1-52,Gentle Slap,,60
pl1-53,Aura Sphere,Does 10 damage to 1 of your opponent's Benched Pokémon. (Don't apply Weakness and Resistance for Benched Pokémon.),30
pl1-53,Do the Wave,Does 20 damage plus 10 more damage for each of your Benched Pokémon.,20+
pl1-55,Upper Hand,Choose 1 of the Defending Pokémon's attacks. That Pokémon can't use that attack during your opponent's next turn.,30
pl1-55,Psybeam,"Flip a coin. If heads, the Defending Pokémon is now Confused.",60
pl1-56,Fire Tail Slap,"Flip a coin. If tails, discard a Fire Energy attached to Monferno.",40
pl1-56,Paralyzing Gaze,"Flip a coin. If heads, the Defending Pokémon is now Paralyzed.",20
pl1-58,Water Vein,Reveal the top 5 cards of your deck. Flip a coin for each Energy card you find there. This attack does 50 damage times the number of heads. Shuffle the revealed cards back into your deck.,50×
pl1-58,Octazooka,"Any time the Defending Pokémon tries to attack, your opponent flips a coin. If tails, that attack does nothing. (If the Defending Pokémon is no longer your opponent's Active Pokémon, this effect ends.)",40
pl1-59,Surf,,30
pl1-59,Bubblebeam,"Flip a coin. If heads, the Defending Pokémon is now Paralyzed.",50
pl1-60,Stealth Rock,Choose 1 of your opponent's Pokémon. This attack does 30 damage to that Pokémon. (Don't apply Weakness and Resistance for Benched Pokémon.),
pl1-60,Hyper Beam,"Flip a coin. If heads, discard an Energy card attached to the Defending Pokémon.",70
pl1-62,Endure,"Flip a coin. If heads, during your opponent's next turn, if Shieldon would be Knocked Out by damage from an attack, Shieldon is not Knocked Out and its remaining HP becomes 10 instead.",
pl1-62,Rock Slide,Does 10 damage to 2 of your opponent's Benched Pokémon. (Don't apply Weakness and Resistance for Benched Pokémon.),30
pl1-63,Ascension,Search your deck for a card that evolves from Silcoon and put it onto Silcoon. (This counts as evolving Silcoon.) Shuffle your deck afterward.,
pl1-63,Sticky String,"Flip a coin. If heads, the Defending Pokémon is now Paralyzed.",20
pl1-64,Reckless Charge,"Flip a coin. If tails, Vigoroth does 10 damage to itself.",30
pl1-64,Fight Back,"If Vigoroth has any damage counters on it, this attack does 50 damage plus 20 more damage.",50+
pl1-65,Double Slap,Flip 2 coins. This attack does 20 damage times the number of heads.,20×
pl1-65,Rocket Tackle,"Wartortle does 10 damage to itself. Flip a coin. If heads, prevent all damage done to Wartortle by attacks during your opponent's next turn.",30
pl1-67,Sneaky Attack,"If Cacnea has any Darkness Energy attached to it, this attack does 10 damage plus 10 more damage.",10+
pl1-67,Shoot Needle,"Flip 2 coins. For each heads, choose 1 of your opponent's Pokémon and this attack does 10 damage to that Pokémon. (Don't apply Weakness and Resistance for Benched Pokémon.) (You can choose the same Pokémon more than once, but you can't do more than 10 damage to that Pokémon in this way.)",
pl1-68,Poison Breath,"Flip a coin. If heads, the Defending Pokémon is now Poisoned.",
pl1-68,Sweet Saliva,Remove 1 damage counter from each of your Benched Pokémon.,20
pl1-69,Healing Trial,"Flip a coin. If heads, remove 3 damage counters from Chansey. If tails, remove 3 damage counters from the Defending Pokémon.",
pl1-69,Pulled Punch,"If the Defending Pokémon already has any damage counters on it, this attack's base damage is 10 instead of 40.",40
pl1-70,Bite,,10
pl1-70,Fire Punch,,20
pl1-71,Collect,Draw a card.,
pl1-71,Shoot Through,Does 10 damage to 1 of your opponent's Benched Pokémon. (Don't apply Weakness and Resistance for Benched Pokémon.),20
pl1-72,Dig Under,Choose 1 of your opponent's Benched Pokémon. This attack does 10 damage to that Pokémon. This attack's damage isn't affected by Weakness or Resistance.,
pl1-72,Trip Over,"Flip a coin. If heads, this attack does 20 damage plus 20 more damage.",20+
pl1-73,Call for Family,Search your deck for a Basic Pokémon and put it onto your Bench. Shuffle your deck afterward.,
pl1-73,Spring Out,Choose 1 of your opponent's Benched Pokémon. This attack does 10 damage to that Pokémon. (Don't apply Weakness and Resistance for Benched Pokémon.),
pl1-74,Roar,Your opponent switches the Defending Pokémon with 1 of his or her Benched Pokémon.,
pl1-74,Thunder Fang,"Flip a coin. If heads, the Defending Pokémon is now Paralyzed.",20
pl1-75,Division,Search your deck for Grimer and put it onto your Bench. Shuffle your deck afterward.,
pl1-75,Poison Gas,The Defending Pokémon is now Poisoned.,
pl1-76,Hospitality,Switch the Defending Pokémon with 1 of your opponent's Benched Pokémon. Remove 2 damage counters from the new Defending Pokémon.,
pl1-78,Lullaby,The Defending Pokémon is now Asleep.,10
pl1-78,Rollout,,20
pl1-79,Grind,Does 10 damage times the amount of Energy attached to Lapras.,10×
pl1-79,Ice Beam,"Flip a coin. If heads, the Defending Pokémon is now Paralyzed.",30
pl1-80,Stretch Tongue,Choose 1 of your opponent's Pokémon. This attack does 10 damage to that Pokémon. This attack's damage isn't affected by Weakness or Resistance.,
pl1-80,Knock Off,Choose 1 card from your opponent's hand without looking and discard it.,40
pl1-81,Energy Ball,Does 10 damage plus 10 more damage for each Energy attached to Lotad but not used to pay for this attack's Energy cost. You can't add more than 20 damage in this way.,10+
pl1-81,Synthesis,"Flip a coin. If heads, search your deck for a Grass Energy card and attach it to 1 of your Pokémon. Shuffle your deck afterward.",
pl1-82,Minor Errand-Running,"Search your deck for a basic Energy card, show it to your opponent, and put it into your hand. Shuffle your deck afterward.",
pl1-82,Expand,"During your opponent's next turn, any damage done to Mareep by attacks is reduced by 10 (after applying Weakness and Resistance).",10
pl1-83,Take Back,"Flip a coin. If heads, search your discard pile for a Trainer card, show it to your opponent, and put it into your hand.",
pl1-83,Tackle,,10
pl1-84,Pull,Switch the Defending Pokémon with 1 of your opponent's Benched Pokémon.,
pl1-84,Rollout,,20
pl1-85,Muddy Water,Does 10 damage to 1 of your opponent's Benched Pokémon. (Don't apply Weakness and Resistance for Benched Pokémon.),10
pl1-85,Pound,,20
pl1-86,Howl,Search your deck for Poochyena and put it onto your Bench. Shuffle your deck afterward.,
pl1-86,Lunge,"Flip a coin. If tails, this attack does nothing.",20
pl1-87,Headache,"Flip a coin. If heads, your opponent can't play any Trainer, Supporter, or Stadium cards from his or her hand during his or her next turn.",
pl1-87,Latent Power,"Flip a coin. If tails, this attack does no damage to the Defending Pokémon. Instead, Psyduck is now Confused.",30
pl1-89,Future Sight,Look at the top 5 cards in either player's deck and put them back on top of that player's deck in any order.,
pl1-89,Hypnoblast,"Flip a coin. If heads, the Defending Pokémon is now Asleep.",10
pl1-90,Splash,,10
pl1-90,Trickle,Flip 2 coins. This attack does 20 damage times the number of heads.,20×
pl1-91,Light Punch,,10
pl1-91,Steady Punch,"Flip a coin. If heads, this attack does 20 damage plus 10 more damage.",20+
pl1-92,Hypnotic Gaze,The Defending Pokémon is now Asleep.,
pl1-92,Fade Out,"Return Shuppet and all cards attached to it to your hand. (If you don't have any Benched Pokémon, this attack does nothing.)",30
pl1-93,Heal Bell,Remove 1 damage counter from each of your Pokémon.,
pl1-93,Take Down,Skitty does 10 damage to itself.,20
pl1-95,Flail,Does 10 damage times the number of damage counters on Slakoth.,10×
pl1-95,Slack Off,Remove all damage counters from Slakoth. Slakoth can't attack during your next turn.,
pl1-96,Skull Bash,,10
pl1-96,Bite,,20
pl1-97,Sing,The Defending Pokémon is now Asleep.,
pl1-97,Run Around,You may switch Swablu with 1 of your Benched Pokémon.,10
pl1-98,Show Off,"Search your deck for a basic Energy card, show it to your opponent, and put it into your hand. Shuffle your deck afterward.",
pl1-98,Take Down,"Flip a coin. If tails, Tauros does 10 damage to itself.",20
pl1-99,Focus Energy,"During your next turn, Torchic's Fire Shard attack's base damage is 80.",
pl1-99,Fire Shard,"Flip a coin. If tails, this attack does nothing.",20
pl1-100,Super Singe,"Flip a coin. If heads, the Defending Pokémon is now Burned.",10
pl1-100,Flame Ball,Move an Energy card attached to Torkoal to 1 of your Benched Pokémon.,40
pl1-101,Ram,,10
pl1-101,Body Slam,"Flip a coin. If heads, the Defending Pokémon is now Paralyzed.",20
pl1-102,Reheat,"Discard up to 2 Energy cards from your hand. For each card you discarded, draw 2 cards.",
pl1-102,Confuse Ray,"Flip a coin. If heads, the Defending Pokémon is now Confused.",20
pl1-103,Ram,,10
pl1-103,Poison Sting,"Flip a coin. If heads, the Defending Pokémon is now Poisoned.",20
pl1-128,Thundershock,"Flip a coin. If heads, the Defending Pokémon is now Paralyzed.",10
pl1-128,Thunderpunch,"Flip a coin. If heads, this attack does 30 damage plus 10 more damage. If tails, Electabuzz does 10 damage to itself.",30+
pl1-129,Jab,,20
pl1-129,Special Punch,,40
pl1-130,Swords Dance,"During your next turn, Scyther's Slash attack's base damage is 60.",
pl1-130,Slash,,30
pop9-1,Dragon Rage,"Flip 2 coins. If either of them is tails, this attack does nothing.",80
pop9-1,Jet Sword,Discard 2 Energy attached to Garchomp and this attack does 10 damage to each of your opponent's Benched Pokémon. (Don't apply Weakness and Resistance for Benched Pokémon.),100
pop9-2,Dive,"Look at the top 7 cards of your deck, choose 1 of them, and put it into your hand. Put the other cards back on top of your deck. Shuffle your deck afterward.",
pop9-2,Water Glow,Choose 1 of your opponent's Pokémon. This attack does 20 damage to that Pokémon. (Don't apply Weakness and Resistance for Benched Pokémon.) Remove from Manaphy the number of damage counters equal to the damage you did to that Pokémon.,
pop9-3,Slam,Flip 2 coins. This attack does 30 damage times the number of heads.,30×
pop9-3,High Volt,"If Raichu evolved from Pikachu during this turn, this attack's base damage is 100 instead of 60.",60
pop9-4,Body Slam,"Flip a coin. If heads, the Defending Pokémon is now Paralyzed.",20
pop9-4,Double Stomp,Flip 2 coins. This attack does 50 damage plus 20 more damage for each heads.,50+
pop9-5,Poltergeist,"Look at your opponent's hand. This attack does 30 damage plus 10 more damage for each Trainer, Supporter, and Stadium card in your opponent's hand.",30+
pop9-6,Whirlpool,"Flip a coin. If heads, discard an Energy attached to the Defending Pokémon.",
pop9-6,Super Fast,"If you have Pachirisu in play, flip a coin. If heads, prevent all effects of an attack, including damage, done to Buizel during your opponent's next turn.",30
pop9-7,Knock Off,"Flip a coin. If heads, choose 1 card from your opponent's hand without looking and discard it.",
pop9-7,Nimble,"If you have Turtwig in play, remove from Croagunk the number of damage counters equal to the damage you did to the Defending Pokémon.",30
pop9-8,Burrow,"Flip a coin. If heads, prevent all damage done to Gabite by attacks during your opponent's next turn.",
pop9-8,Distored Wave,"Before doing damage, remove 2 damage counters from the Defending Pokémon.",60
pop9-9,Jump Kick,Does 20 damage to 1 of your opponent's Benched Pokémon. (Don't apply Weakness and Resistance for Benched Pokémon.),20
pop9-9,Jazzed,"If Lopunny evolved from Buneary during this turn, remove all damage counters from Lopunny.",50
pop9-10,Thunder Wave,"Flip a coin. If heads, the Defending Pokémon is now Paralyzed.",10
pop9-10,Poison Berry,"If you have Croagunk in play, this attack does 20 damage plus 20 more damage and the Defending Pokémon is now Poisoned.",20+
pop9-11,Find a Friend,"Flip a coin. If heads, search your deck for a Pokémon, show it to your opponent, and put it into your hand. Shuffle your deck afterward.",
pop9-12,Dizzy Punch,Flip 2 coins. This attack does 10 damage times the number of heads.,10×
pop9-12,Defense Curl,"Flip a coin. If heads, prevent all damage done to Buneary by attacks during your opponent's next turn.",
pop9-13,Serial Swipes,Flip 4 coins. This attack does 10 damage times the number of heads.,10×
pop9-13,Sleepy,"If you have Piplup in play, this attack does 40 damage plus 20 more damage and the Defending Pokémon is now Asleep.",40+
pop9-14,Push Down,Your opponent switches the Defending Pokémon with 1 of his or her Benched Pokémon.,10
pop9-15,Growl,"During your opponent's next turn, any damage done by attacks from the Defending Pokémon is reduced by 20 (before applying Weakness and Resistance).",
pop9-15,Numb,"If Pikachu evolved from Pichu during this turn, the Defending Pokémon is now Paralyzed.",30
pop9-16,Water Sport,"If Piplup has less Energy attached to it than the Defending Pokémon, this attack does 10 damage plus more 10 more damage.",10+
pop9-16,Wavelet,"If you have Buizel in play, this attack does 10 damage to each of your opponent's Benched Pokémon. (Don't apply Weakness and Resistance for Benched Pokémon.)",40
pop9-17,Absorb,Remove 1 damage counter from Turtwig.,10
pop9-17,Parboil,"If you have Chimchar in play, this attack does 40 damage plus 20 more damage and the Defending Pokémon is now Burned.",40+
pl2-15,Needle Shock,The Defending Pokémon is now Paralyzed and Poisoned. Ignore this effect if any of your Pokémon used Needle Shock during your last turn.,30
pl2-33,Pick and Collect,"Search your discard pile for up to 4 basic Energy cards, show them to your opponent, and put them into your hand.",
pl2-33,Roll Over,"Flip a coin. If heads, both Snorlax and the Defending Pokémon are now Asleep. If tails, Snorlax is now Asleep.",60
pl2-36,Cold Crush,Discard an Energy card attached to Walrein and then discard an Energy card attached to the Defending Pokémon.,70
pl2-44,Heavy Metal,Flip a coin for each Metal Energy attached to Lairon. This attack does 10 damage plus 20 more damage for each heads.,10+
pl2-44,Granite Head,"During your opponent's next turn, any damage done to Lairon by attacks is reduced by 10 (after applying Weakness and Resistance).",40
pl2-53,Energy Typhoon,"Does 20 damage times the number of Energy cards in your opponent's discard pile. Then, put those Energy cards on top of your opponent's deck. Your opponent shuffles his or her deck afterward.",20×
pl2-53,Quick Attack,"Flip a coin. If heads, this attack does 20 damage plus 20 more damage.",20+
pl2-57,Iron Head,Flip a coin until you get tails. This attack does 10 damage times the number of heads.,10×
pl2-57,Ram,,20
pl2-58,Scary Face,"Flip a coin. If heads, the Defending Pokémon can't attack or retreat during your opponent's next turn.",
pl2-58,Whirlpool,"Flip a coin. If heads, discard an Energy attached to the Defending Pokémon.",10
pl2-59,Signs of Evolution,"Search your deck for up to 2 cards that evolve from Eevee, show them to your opponent, and put them into your hand. Shuffle your deck afterward.",
pl2-59,Bounce,Switch Eevee with 1 of your Benched Pokémon.,10
pl2-63,Stoke,Search your deck for a Fire Energy card and attach it to Growlithe. Shuffle your deck afterward.,
pl2-63,Take Down,Growlithe does 10 damage to itself.,50
pl2-64,Push Down,Your opponent switches the Defending Pokémon with 1 of his or her Benched Pokémon.,10
pl2-64,Endeavor,Flip 2 coins. This attack does 30 damage plus 20 more damage for each heads.,30+
pl2-66,Dangerous Evolution,"The Defending Pokémon is now Poisoned. Flip a coin. If heads, search your deck for an Evolution card that evolves from Kakuna and put it onto Kakuna. (This counts as evolving Kakuna.) Shuffle your deck afterward.",
pl2-67,Triple Smash,Flip 3 coins. This attack does 10 damage plus 20 more damage for each heads.,10+
pl2-68,Offensive Gas,"Flip a coin. If heads, the Defending Pokémon is now Confused and Poisoned.",
pl2-68,Gas Bomb,"Koffing does 30 damage to itself, and don't apply Weakness and Resistance to this damage.",30
pl2-69,Rest,Remove all Special Conditions and 6 damage counters from Munchlax. Munchlax is now Asleep.,
pl2-70,Errand-Running,"Search your deck for a Trainer card, show it to your opponent, and put it into your hand. Shuffle your deck afterward.",
pl2-71,Scratch,,10
pl2-71,Offer Help,"Search your deck for a Supporter card, show it to your opponent, and put it into your hand. Shuffle your deck afterward.",
pl2-72,Leer,"Flip a coin. If heads, the Defending Pokémon can't attack during your opponent's next turn.",
pl2-72,Horn Hazard,"Flip a coin. If tails, this attack does nothing.",40
pl2-73,Jump Tackle,"Nidorina does 10 damage to itself, and don't apply Weakness and Resistance to this damage.",30
pl2-73,Stress Poison,"If Nidorina has any damage counters on it, this attack does 40 damage plus 20 more damage and the Defending Pokémon is now Poisoned.",40+
pl2-74,Toxic,The Defending Pokémon is now Poisoned. Put 2 damage counters instead of 1 on the Defending Pokémon between turns.,
pl2-74,Frustration,Choose 1 of your opponent's Pokémon that doesn't have any damage counters on it. This attack does 40 damage to that Pokémon. (Don't apply Weakness and Resistance for Benched Pokémon.),
pl2-75,Blind,"If the Defending Pokémon tries to attack during your opponent's next turn, your opponent flips a coin. If tails, that attack does nothing.",10
pl2-75,Feint Attack,"Choose 1 of your opponent's Pokémon. This attack does 30 damage to that Pokémon. This attack's damage isn't affected by Weakness, Resistance, Poké-Powers, Poké-Bodies, or any other effects on that Pokémon.",
pl2-77,Find Ice,"Search your deck for up to 2 Water Energy cards, show them to your opponent, and put them into your hand. Shuffle your deck afterward.",
pl2-77,Sheer Cold,"Flip a coin. If heads, the Defending Pokémon can't attack during your opponent's next turn.",20
pl2-78,Harden,"During your opponent's next turn, if Seedot would be damaged by an attack, prevent that attack's damage done to Seedot if that damage is 40 or less.",
pl2-78,Astonish,"Choose 1 card from your opponent's hand without looking. Look at that card you chose, then have your opponent shuffle that card into his or her deck.",10
pl2-79,Ripple,"Flip a coin. If heads, put 1 damage counter on each of your opponent's Pokémon.",
pl2-79,Brine,Choose 1 of your opponent's Pokémon that has any damage counters on it. This attack does 20 damage to that Pokémon. (Don't apply Weakness and Resistance for Benched Pokémon.),
pl2-80,Healing Sea,"Flip 2 coins. Choose 1 of your Pokémon. For each heads, remove 1 damage counter from that Pokémon.",
pl2-80,Mud Shot,,20
pl2-82,Powder Snow,The Defending Pokémon is now Asleep.,
pl2-82,Ice Ball,,20
pl2-83,Cosmic Draw,"If your opponent has any Evolved Pokémon in play, draw 3 cards.",
pl2-83,Swift,"This attack's damage isn't affected by Weakness, Resistance, Poké-Powers, Poké-Bodies, or any other effects on the Defending Pokémon.",10
pl2-84,Grind,Does 10 damage times the amount of Energy attached to Trapinch.,10×
pl2-86,Rescue String,"Search your discard pile for up to 5 Pokémon, show them to your opponent, and shuffle them into your deck.",
pl2-86,Needling Sting,"Flip a coin. If heads, this attack does 10 damage plus 10 more damage.",10+
pl2-112,Gnaw,,10
pl2-112,Thunder Jolt,"Flip a coin. If tails, Pikachu does 10 damage to itself.",30
pl2-113,Thundershock,"Flip a coin. If heads, the Defending Pokémon is now Paralyzed.",10
pl2-113,Fly,"Flip a coin. If tails, this attack does nothing. If heads, prevent all effects of an attack, including damage, done to Flying Pikachu during your opponent's next turn.",30
pl2-114,Surf,,30
pl3-7,Geo Impact,"If you have a Stadium card in play, this attack does 20 damage to each of your opponent's Benched Pokémon that is the same type as the Defending Pokémon. (Don't apply Weakness and Resistance for Benched Pokémon.)",60
pl3-10,Raging Drill,Does 30 damage plus 10 more damage for each damage counter on Rhyperior.,30+
pl3-10,Deep Scrap,"If the Defending Pokémon would be Knocked Out by this attack, discard the top 3 cards from your opponent's deck.",60
pl3-16,Sharp Beak,"Flip a coin. If heads, this attack does 30 damage plus 10 more damage.",30+
pl3-16,Ice Beam,"Flip a coin. If heads, the Defending Pokémon is now Paralyzed.",50
pl3-18,Moving Fire,You may move a Fire Energy card attached to 1 of your Benched Pokémon to Camerupt.,30
pl3-18,Volcanic Crash,"Flip 3 coins. For each tails, discard the top card of your deck. Ignore this effect if your opponent has any Water Pokémon in play.",100
pl3-21,Heal Bell,Remove 3 damage counters from each of your Pokémon.,
pl3-21,Super Psywave,Choose 1 of your opponent's Pokémon. Count the amount of Energy attached to that Pokémon. Put that many damage counters on the Pokémon.,
pl3-22,Antique Magic,Put 3 damage counters on any Pokémon (both yours and your opponent's) in any way you like.,
pl3-22,Synchro Attack,"If the Defending Pokémon has the same remaining HP as Claydol, this attack's base damage is 90 instead of 30.",30
pl3-25,Drill Peck,,50
pl3-29,Riot,Does 30 damage plus 10 more damage for each Pokémon that isn't an evolved Pokémon in play (both yours and your opponent's).,30+
pl3-32,Gravity Wave,Does 30 damage to each of your opponent's Benched Pokémon that doesn't have a Retreat Cost. (Don't apply Weakness and Resistance for Benched Pokémon.),30
pl3-34,Channeling,Your opponent draws 2 cards.,60
pl3-34,Chakra Points,Does 10 damage plus 10 more damage for each card in your opponent's hand.,10+
pl3-36,Wing Attack,,20
pl3-36,Sky Attack,"Flip a coin. If tails, this attack does nothing.",80
pl3-37,Desperate Slap,"If Mr. Mime already has 5 or more damage counters on it, this attack does 20 damage plus 40 more damage.",20+
pl3-38,Nutritional Support,Search your deck for up to 2 Grass Energy cards and attach them to any of your Pokémon in any way you like. Shuffle your deck afterward.,
pl3-38,Hibernation Spore,"The Defending Pokémon is now Asleep. Flip 2 coins instead of 1 between turns. If either of them is tails, the Defending Pokémon is still Asleep.",40
pl3-39,Top Drop,"Discard the top card from your opponent's deck. If you discarded a Pokémon, this attack does damage equal to the HP of that Pokémon.",
pl3-39,Brick Break,"This attack's damage isn't affected by Resistance, Poké-Powers, Poké-Bodies, or any other effects on the Defending Pokémon.",40
pl3-42,Needle,"Flip a coin. If heads, the Defending Pokémon is now Paralyzed and Poisoned.",40
pl3-43,Horn Pierce,"Flip 2 coins. If either of them is tails, this attack does nothing.",90
pl3-43,Endure,"Flip a coin. If heads, during your opponent's next turn, if Seaking would be Knocked Out by damage from an attack, Seaking is not Knocked Out and its remaining HP becomes 10 instead.",30
pl3-44,Spike Wound,Choose 1 of your opponent's Pokémon that has any damage counters on it. This attack does 30 damage to that Pokémon. (Don't apply Weakness and Resistance for Benched Pokémon.),
pl3-45,Luna Turn,"If Lunatone is in your discard pile, this attack does 30 damage plus 30 more damage. Then, search your discard pile for Lunatone, show it to your opponent, and shuffle it into your deck.",30+
pl3-46,Synchro Removal,"If any Energy card attached to Spinda is the same type as any Energy card attached to the Defending Pokémon, discard 1 of those Energy cards from the Defending Pokémon.",
pl3-46,Pulled Punch,"If the Defending Pokémon already has any damage counters on it, this attack's base damage is 10 instead of 30.",30
pl3-47,Rest,Remove all Special Conditions and 4 damage counters from Wailord. Wailord is now Asleep.,
pl3-47,Giant Wave,Wailord can't use Giant Wave during your next turn.,100
pl3-48,Drill Peck,,30
pl3-48,Lightning Wing,"Flip a coin. If heads, this attack does 50 damage plus 20 more damage.",50+
pl3-50,Overrun,Does 10 damage to 1 of your opponent's Benched Pokémon. (Don't apply Weakness and Resistance for Benched Pokémon.),20
pl3-50,Combustion,,40
pl3-51,Rolling Tackle,,20
pl3-51,Tail Rap,Flip 2 coins. This attack does 30 damage times the number of heads.,30×
pl3-52,Hover Hit,The Retreat Cost for the Defending Pokémon is 0 until the end of your next turn.,40
pl3-52,Crash Bomber,"If the Defending Pokémon has any Special Energy cards attached to it, this attack does 20 damage plus 40 more damage. Then, discard a Special Energy card attached to the Defending Pokémon.",20+
pl3-53,Vine Whip,,20
pl3-53,Swallow,"Flip a coin. If heads, remove from Carnivine the number of damage counters equal to the damage you did to the Defending Pokémon.",30
pl3-55,Ram,,20
pl3-55,Petal Dance,Flip 3 coins. This attack does 30 damage times the number of heads. Cherrim is now Confused.,30×
pl3-57,Ram,,20
pl3-57,Gust,,40
pl3-58,Razor Fin,,20
pl3-58,Jet Screw,"Flip a coin. If heads, this attack does 30 damage plus 10 more damage.",30+
pl3-59,Healing Scale,Remove 1 damage counter from each of your Pokémon.,
pl3-59,Sand Tomb,The Defending Pokémon can't retreat during your opponent's next turn.,30
pl3-61,Double Headbutt,Flip 2 coins. This attack does 10 damage times the number of heads.,10×
pl3-61,Mud Shot,,40
pl3-62,Cut,,50
pl3-63,Ice Beam,"Flip a coin. If heads, the Defending Pokémon is now Paralyzed.",20
pl3-63,Rear Kick,,40
pl3-64,Smash Kick,,30
pl3-64,Stomp Off,Discard the top card from your opponent's deck.,50
pl3-65,Smokescreen,"If the Defending Pokémon tries to attack during your opponent's next turn, your opponent flips a coin. If tails, that attack does nothing.",
pl3-65,Fireworks,"Flip a coin. If tails, discard a Fire Energy attached to Magmar.",30
pl3-67,Mud Shot,,50
pl3-68,Skim Attack,Draw 2 cards.,30
pl3-69,Psychic,Does 40 damage plus 10 more damage for each Energy attached to the Defending Pokémon.,40+
pl3-70,Cleansing Ring,"You may discard 2 cards from your hand. If you do, remove 4 damage counters from 1 of your Pokémon.",20
pl3-70,Scale Blow,Does 90 damage minus 10 damage for each card in your hand.,90-
pl3-71,Call for Family,Search your deck for up to 2 Lightning Basic Pokémon and put them onto your Bench. Shuffle your deck afterward.,
pl3-71,Trash Charge,Search your discard pile for a Lightning Energy card and attach it to 1 of your Pokémon.,10
pl3-72,Switcheroo,"Move a Pokémon Tool card attached to 1 of your opponent's Pokémon to another of your opponent's Pokémon (excluding Pokémon that already has a Pokémon Tool attached to it). (If an effect of this attack is prevented, this attack does nothing.)",
pl3-72,Flap,,20
pl3-73,Circling Dive,This attack does 10 damage to each of your opponent's Pokémon. (Don't apply Weakness and Resistance for Benched Pokémon.) Switch Ninjask with 1 of your Benched Pokémon.,
pl3-73,Parallel Drain,Remove from 1 of your Pokémon the number of damage counters equal to the damage you did to the Defending Pokémon.,30
pl3-74,Draw In,Search your discard pile for up to 2 Fire Energy cards and attach them to Numel.,
pl3-74,Combustion,,40
pl3-75,Gripthrow,"Flip a coin. If heads, your opponent returns the Defending Pokémon and all cards attached to it to his or her hand.",
pl3-75,Sever,"If the Defending Pokémon is a Stage 2 Pokémon, this attack does 50 damage plus 30 more damage.",50+
pl3-76,Greedy Draw,"If you have the same number of cards or less in your hand as your opponent, draw cards until you have 1 more card than your opponent. (If you have more cards in your hand than your opponent, this attack does nothing.)",
pl3-76,Hand Charge,Attach a Lightning Energy card from your hand to 1 of your Pokémon.,10
pl3-77,Quick Attack,"Flip a coin. If heads, this attack does 10 damage plus 30 more damage.",10+
pl3-77,Gigashock,Does 10 damage to 2 of your opponent's Benched Pokémon. (Don't apply Weakness and Resistance for Benched Pokémon.),60
pl3-79,Grand Swell,Choose 1 of your opponent's Pokémon. This attack does 30 damage to that Pokémon for each Pokémon Tool and Stadium card your opponent has in play. (Don't apply Weakness and Resistance for Benched Pokémon.),
pl3-79,Amnesia,Choose 1 of the Defending Pokémon's attacks. That Pokémon can't use that attack during your opponent's next turn.,30
pl3-80,Fury Attack,Flip 3 coins. This attack does 20 damage times the number of heads.,20×
pl3-80,Rock Tumble,This attack's damage isn't affected by Resistance.,60
pl3-81,Cut,,20
pl3-81,Poison Seed,The Defending Pokémon is now Poisoned.,30
pl3-82,Discharge,Discard all Lightning Energy attached to Rotom. Flip a coin for each Energy card you discarded. This attack does 40 damage times the number of heads.,40×
pl3-82,Uproar,This attack does 10 damage to each of your opponent's Pokémon. (Don't apply Weakness and Resistance for Benched Pokémon.),
pl3-85,Double Peck,Flip 2 coins. This attack does 20 damage times the number of heads.,20×
pl3-85,Air Crash,"Flip a coin. If heads, discard an Energy card attached to the Defending Pokémon.",30
pl3-87,Hydro Pump,Does 20 damage plus 10 more damage for each Water Energy attached to Wailmer but not used to pay for this attack's Energy cost. You can't add more than 20 damage in this way.,20+
pl3-87,Take Down,Wailmer does 20 damage to itself.,50
pl3-88,Supersonic,"Flip a coin. If heads, the Defending Pokémon is now Confused.",
pl3-88,Air Slash,"Flip a coin. If tails, discard an Energy attached to Yanma.",20
pl3-89,Spinning Attack,,10
pl3-89,Quick Turn,Flip 2 coins. This attack does 20 damage times the number of heads.,20×
pl3-90,Pit Search,"Search your deck for a Stadium card, show it to your opponent, and put it into your hand. Shuffle your deck afterward.",
pl3-90,Ram,,10
pl3-91,Whimsy Tackle,"Flip a coin. If tails, this attack does nothing.",20
pl3-92,Tackle,,10
pl3-92,Wave Splash,,20
pl3-93,Tackle,,10
pl3-93,Vine Whip,,20
pl3-94,Bounce,Switch Buneary with 1 of your Benched Pokémon.,
pl3-94,Mini Drain,Remove 1 damage counter from Buneary.,20
pl3-95,Call for Family,Search your deck for a Basic Pokémon and put it onto your Bench. Shuffle your deck afterward.,
pl3-95,Nosedive,"Flip a coin. If tails, Chatot does 10 damage to itself.",30
pl3-96,Growth,Attach a Grass Energy from your hand to Cherubi.,
pl3-96,Razor Leaf,,10
pl3-97,Chop,,10
pl3-97,Jump On,"Flip a coin. If heads, this attack does 10 damage plus 20 more damage.",10+
pl3-98,Chime,Search your opponent's discard pile for a Supporter card and use the effect of that card as the effect of this attack. (The Supporter card remains in your opponent's discard pile.),
pl3-99,Nap,Remove 2 damage counters from Combee.,
pl3-99,Zzzt,,20
pl3-100,Crabhammer,,10
pl3-100,Sharp Pincers,"Flip a coin. If heads, this attack does 10 damage plus 10 more damage.",10+
pl3-101,Hook,,10
pl3-101,Corkscrew Punch,,20
pl3-102,Take Down,Doduo does 10 damage to itself.,20
pl3-103,Reckless Charge,Drifloon does 10 damage to itself.,20
pl3-103,Collect,Draw a card.,
pl3-104,Surprise Attack,"Flip a coin. If tails, this attack does nothing.",20
pl3-104,Count and Draw,Draw a card for each of your opponent's Pokémon that isn't an Evolved Pokémon.,
pl3-105,Knuckle Punch,,10
pl3-105,Focus Fist,"Flip a coin. If tails, this attack does nothing.",30
pl3-106,Sand Attack,"If the Defending Pokémon tries to attack during your opponent's next turn, your opponent flips a coin. If tails, that attack does nothing.",
pl3-106,Bite,,10
pl3-107,Flail,Does 10 damage times the number of damage counters on Goldeen.,10×
pl3-107,Fury Attack,Flip 3 coins. This attack does 10 damage times the number of heads.,10×
pl3-108,Smash Kick,,10
pl3-108,Fireworks,"Flip a coin. If tails, discard a Fire Energy attached to Growlithe.",30
pl3-109,Headbutt,,10
pl3-109,Beat,,20
pl3-110,Flail Around,Flip 3 coins. This attack does 10 damage times the number of heads.,10×
pl3-111,Speed Ball,,10
pl3-111,Quick Attack,"Flip a coin. If heads, this attack does 10 damage plus 20 more damage.",10+
pl3-112,Extra Punch,"If the Defending Pokémon is a Pokémon LV.X, this attack does 10 damage plus 50 more damage.",10+
pl3-113,Psyshot,,10
pl3-113,Karate Chop,Does 30 damage minus 10 damage for each damage counter on Meditite.,30-
pl3-114,Scratch,,10
pl3-114,Double Kick,Flip 2 coins. This attack does 20 damage times the number of heads.,20×
pl3-115,Encore,Choose 1 of the Defending Pokémon's attacks. That Pokémon can use only that attack during your opponent's next turn.,
pl3-116,Mud Sport,"If Mudkip has less Energy attached to it than the Defending Pokémon, this attack does 10 damage plus 10 more damage.",10+
pl3-116,Surf,,20
pl3-117,Call for Family,Search your deck for a Basic Pokémon and put it onto your Bench. Shuffle your deck afterward.,
pl3-117,Dash Attack,Choose 1 of your opponent's Benched Pokémon. This attack does 10 damage to that Pokémon. (Don't apply Weakness and Resistance for Benched Pokémon.),
pl3-118,Tail Slap,,10
pl3-118,Pachi,"Flip a coin. If heads, this attack does 10 damage plus 10 more damage.",10+
pl3-119,Spore,The Defending Pokémon is now Asleep.,
pl3-119,Stomp,"Flip a coin. If heads, this attack does 10 damage plus 10 more damage.",10+
pl3-120,Gnaw,,10
pl3-120,Thundershock,"Flip a coin. If heads, the Defending Pokémon is now Paralyzed.",20
pl3-121,Pound,,10
pl3-121,Surf,,20
pl3-122,Stomp,"Flip a coin. If heads, this attack does 10 damage plus 20 more damage.",10+
pl3-122,Horn Drill,,50
pl3-123,Vine Slap,,10
pl3-123,Spit Poison,"Flip a coin. If heads, the Defending Pokémon is now Poisoned.",10
pl3-124,Scratch,,20
pl3-125,Tail Slap,,10
pl3-125,Icy Wind,"Flip a coin. If heads, the Defending Pokémon is now Asleep.",20
pl3-126,Bite,,20
pl3-127,Stun Spore,"Flip a coin. If heads, the Defending Pokémon is now Paralyzed.",
pl3-127,Tackle,,20
pl3-128,Poison Sting,"Flip a coin. If heads, the Defending Pokémon is now Poisoned.",10
pl3-128,Tail Smash,"Flip a coin. If tails, this attack does nothing.",40
pl3-129,Peck,,20
pl3-130,Quick Attack,"Flip a coin. If heads, this attack does 10 damage plus 10 more damage.",10+
pl3-131,Shell Attack,,10
pl3-131,Stomp,"Flip a coin. If heads, this attack does 20 damage plus 10 more damage.",20+
pl3-132,Tone-Deaf,"Flip a coin. If heads, the Defending Pokémon is now Confused.",
pl3-132,Rollout,,20
pl3-133,Quick Turn,Flip 2 coins. This attack does 10 damage times the number of heads.,10×
pl3-148,Diamond Dust,"Flip a coin. If heads, the Defending Pokémon is now Paralyzed and this attack does 10 damage to each of your opponent's Benched Pokémon. (Don't apply Weakness and Resistance for Benched Pokémon.)",20
pl3-149,Hyper Flame,"Flip a coin. If heads, discard a Fire Energy attached to Moltres. If tails, discard all Energy attached to Moltres.",60
pl3-150,Lightning Burn,"Flip a coin. If heads, this attack does 30 damage to 1 of your opponent's Benched Pokémon. (Don't apply Weakness and Resistance for Benched Pokémon.) If tails, Zapdos does 30 damage to itself.",30
pl3-SH7,Dwindling Wave,Does 80 damage minus 10 damage for each damage counter on Milotic.,80-
pl3-SH8,Deep Sea Pressure,"During your opponent's next turn, the Defending Pokémon's Retreat Cost is ColorlessColorless more.",20
pl3-SH8,Aqua Wave,Flip 2 coins. This attack does 40 damage plus 10 more damage for each heads.,40+
pl3-SH9,Sonicboom,This attack's damage isn't affected by Weakness or Resistance.,10
pl3-SH9,Baton Pass,"You may switch Yanma with 1 of your Benched Pokémon. If you do, move as many Energy cards attached to Yanma as you like to the new Active Pokémon.",30
pl4-2,Ground Frost,"If there is any Stadium Card in play, this attack does nothing.",50
pl4-3,Fire Fang,The Defending Pokémon is now Burned.,20
pl4-3,Magma Mantle,Discard the top 3 cards of your deck. This attack does 60 damage plus 20 more damage for each Fire or Metal Energy card you discarded.,60+
pl4-4,Primal Scythe,"You may discard Helix Fossil, Dome Fossil, or Old Amber from your hand. If you do, this attack does 20 damage plus 50 more damage.",20+
pl4-4,Rock Slide,Does 10 damage to 2 of your opponent's Benched Pokémon. (Don't apply Weakness and Resistance for Benched Pokémon.),60
pl4-5,Flash,"If the Defending Pokémon tries to attack during your opponent's next turn, your opponent flips a coin. If tails, that attack does nothing.",30
pl4-5,Gadget Bolt,"If Luxray has a Pokémon Tool card attached to it, you may do 100 damage instead of 60 to the Defending Pokémon. If you do, discard that Pokémon Tool card.",60
pl4-6,Cloak Party,"Search your deck for up to 3 in any combination of Burmy and Wormadam, show them to your opponent, and put them into your hand. Shuffle your deck afterward.",
pl4-6,Energy Assist,Search your discard pile for a basic Energy card and attach it to 1 of your Benched Pokémon.,30
pl4-9,Damage Roller,"Put damage counters on the Defending Pokémon until the Defending Pokémon has the same remaining HP as Swalot. (If the Defending Pokémon has the same or less remaining HP as Swalot, this attack does nothing.)",
pl4-9,Entangle Tackle,"You may do 50 damage plus 30 more damage. If you do, this attack does 30 damage to 1 of your Pokémon, and don't apply Weakness and Resistance to this damage.",50+
pl4-10,Leaf Guard,"During your opponent's next turn, any damage done to Tangrowth by attacks is reduced by 20 (after applying Weakness and Resistance).",30
pl4-10,Swallow Up,"Before doing damage, count the remaining HP of the Defending Pokémon and Tangrowth. If the Defending Pokémon has fewer remaining HP than Tangrowth's, this attack does 120 damage instead.",50
pl4-11,Corner,The Defending Pokémon can't retreat during your opponent's next turn.,20
pl4-11,Convert Blow,"If Toxicroak has any Psychic Energy attached to it, the Defending Pokémon is now Poisoned. If Toxicroak has any Fighting Energy attached to it, this attack does 30 damage plus 30 more damage.",30+
pl4-13,Hyper Beam,"Flip a coin. If heads, discard an Energy card attached to the Defending Pokémon.",30
pl4-14,Oracle Arrow,Choose 1 of your opponent's Pokémon that has any damage counters on it. This attack does 40 damage to that Pokémon. (Don't apply Weakness and Resistance for Benched Pokémon.),
pl4-14,Antigravity,The Retreat Cost for Bronzong is 0 until the end of your next turn.,60
pl4-15,Worry Seed,"Flip a coin. If heads, the Defending Pokémon is now Confused.",30
pl4-16,Shadow Skip,Does 10 damage to 1 of your opponent's Benched Pokémon. (Don't apply Weakness and Resistance for Benched Pokémon.) You may switch Gengar with 1 of your Benched Pokémon.,60
pl4-17,Sharpshooting,Choose 1 of your opponent's Pokémon. This attack does 40 damage to that Pokémon. (Don't apply Weakness and Resistance for Benched Pokémon.),
pl4-17,Poison Jab,The Defending Pokémon is now Poisoned.,60
pl4-18,Wreck,"If there is any Stadium card in play, this attack does 20 damage plus 50 more damage. Discard that Stadium card.",20+
pl4-18,Avalanche,"Flip a coin. If heads, this attack does 10 damage to each of your opponent's Benched Pokémon. (Don't apply Weakness and Resistance for Benched Pokémon.)",50
pl4-20,Push Out,Your opponent switches the Defending Pokémon with 1 of his or her Benched Pokémon.,50
pl4-20,Vortex Chop,"If the Defending Pokémon has any Resistance, this attack's base damage is 120 instead of 60.",60
pl4-21,Hover Heal,Remove all Special Conditions from Lopunny.,40
pl4-22,Second Bite,Does 20 damage plus 10 more damage for each damage counter on the Defending Pokémon.,20+
pl4-22,Swift,"This attack's damage isn't affected by Weakness, Resistance, Poké-Powers, Poké-Bodies, or any other effects on the Defending Pokémon.",50
pl4-23,Time Spiral,Choose 1 of your opponent's Evolved Pokémon. Remove the highest Stage Evolution card from that Pokémon and have your opponent shuffle that card into his or her deck.,
pl4-23,Primal Tentacles,"Does 30 damage plus 10 more damage for each Helix Fossil, Dome Fossil, and Old Amber in your discard pile.",30+
pl4-24,Water Pulse,The Defending Pokémon is now Asleep.,30
pl4-24,Continuous Crush,"Flip a coin until you get tails. For each heads, discard an Energy card attached to the Defending Pokémon.",70
pl4-25,Baby Steps,"Look at the top 5 cards of your deck, choose 1 of them, and put it into your hand. Shuffle the other cards back into your deck.",
pl4-27,Boosted Voltage,"If Raichu has a Pokémon Tool card attached to it, this attack does 20 damage to each of your opponent's Benched Pokémon that isn't an Evolved Pokémon. (Don't apply Weakness and Resistance for Benched Pokémon.)",20
pl4-27,Thunder Blast,Discard a Lightning Energy card attached to Raichu.,70
pl4-29,Recruit,"Look at your opponent's hand, choose a Supporter card you find there, and discard it. Then, use the effect of that card as the effect of this attack.",
pl4-29,Extend Fang,"If Raticate has a Pokémon Tool card attached to it, this attack does 20 damage plus 40 more damage.",20+
pl4-31,Leaf Supply,You may attach a basic Energy card from your hand to 1 of your Pokémon.,30
pl4-31,Dual Cut,Flip 2 coins. This attack does 70 damage times the number of heads.,70×
pl4-33,Wide Laser,This attack does 10 damage to each of your opponent's Pokémon. (Don't apply Weakness and Resistance for Benched Pokémon.),
pl4-33,Hyper Beam,"Flip a coin. If heads, discard an Energy card attached to the Defending Pokémon.",50
pl4-34,Speed Dive,,10
pl4-34,Extrasensory,"If you have the same number of cards in your hand as your opponent, this attack does 30 damage plus 30 more damage.",30+
pl4-35,Slam,Flip 2 coins. This attack does 30 damage times the number of heads.,30×
pl4-35,Fire Punch,,50
pl4-36,Lick,"Flip a coin. If heads, the Defending Pokémon is now Paralyzed.",10
pl4-36,Night Shade,Does 10 damage to 1 of your opponent's Benched Pokémon. (Don't apply Weakness and Resistance for Benched Pokémon.),10
pl4-37,Tackle,,30
pl4-37,Double-edge,Graveler does 10 damage to itself.,70
pl4-38,Detect,"Flip a coin. If heads, prevent all effects of an attack, including damage, done to Grovyle during your opponent's next turn.",
pl4-38,Blade Arms,,30
pl4-39,Quick Attack,"Flip a coin. If heads, this attack does 20 damage plus 10 more damage.",20+
pl4-39,Cut,,50
pl4-40,Endure,"Flip a coin. If heads, during your opponent's next turn, if Gulpin would be Knocked Out by damage from an attack, Gulpin is not Knocked Out and its remaining HP becomes 10 instead.",
pl4-40,Pound,,10
pl4-41,Tongue Spring,Choose 1 of your opponent's Pokémon. This attack does 20 damage to that Pokémon. (Don't apply Weakness and Resistance for Benched Pokémon.),
pl4-42,Psyshot,,20
pl4-42,Shadow Bind,The Defending Pokémon can't retreat during your opponent's next turn.,30
pl4-43,Kick,,20
pl4-43,Discharge,Discard all Lightning Energy attached to Luxio. Flip a coin for each Energy card you discarded. This attack does 40 damage times the number of heads.,40×
pl4-44,Tackle,,20
pl4-44,Head Bolt,,60
pl4-45,Water Ball,Does 20 damage plus 10 more damage for each Water Energy attached to Pelipper.,
pl4-45,Wing Attack,,60
pl4-46,Ascension,Search your deck for a card that evolves from Ponyta and put it onto Ponyta. (This counts as evolving Ponyta.) Shuffle your deck afterward.,
pl4-46,Combustion,,20
pl4-47,Searing Flame,The Defending Pokémon is now Burned.,10
pl4-47,Flare,,40
pl4-48,Scrunch,"Flip a coin. If heads, prevent all damage done to Shelgon during your opponent's next turn.",
pl4-48,Dragon Bump,"If Shelgon has any basic Fire Energy and any basic Water Energy attached to it, this attack does 40 damage plus 20 more damage.",40+
pl4-49,Magical Needle,Remove 2 damage counters from 1 of your Benched Pokémon.,20
pl4-49,Cloak Scale,"If you have Wormadam Sandy Cloak in play, the Defending Pokémon is now Burned, Confused, and Poisoned.",50
pl4-50,Hang Down,,30
pl4-50,Cloak Headbutt,"If you have Wormadam Trash Cloak in play, this attack does 60 damage plus 30 more damage.",60+
pl4-51,Cloak Shard,"Choose 1 of your opponent's Pokémon. This attack does 10 damage to that Pokémon. If you have Wormadam Plant Cloak in play, this attack does 40 damage to that Pokémon instead. (Don't apply Weakness and Resistance for Benched Pokémon.)",
pl4-51,Serve Trash,"You may search your opponent's discard pile for any 1 card, show it to your opponent, and put it on top of his or her deck.",30
pl4-52,Smash Kick,,10
pl4-52,Super Singe,"Flip a coin. If heads, the Defending Pokémon is now Burned.",20
pl4-54,Hypnosis,"Flip a coin. If heads, the Defending Pokémon is now Asleep.",10
pl4-54,Spinning Attack,,20
pl4-55,Bunny Hop,Choose 1 of your opponent's Pokémon that doesn't have any damage counters on it. This attack does 20 damage to that Pokémon. (Don't apply Weakness and Resistance for Benched Pokémon.),
pl4-56,Tackle,,20
pl4-57,Tackle,,20
pl4-58,Tackle,,20
pl4-59,Call for Friends,"Search your deck for a Fire Basic Pokémon, show it to your opponent, and put it into your hand. Shuffle your deck afterward.",
pl4-59,Steady Firebreathing,,20
pl4-60,Ram,,10
pl4-60,Solarbeam,,20
pl4-61,Astonish,"Choose 1 card from your opponent's hand without looking. Look at that card you chose, then have your opponent shuffle that card into his or her deck.",
pl4-61,Punch,,30
pl4-62,Zap Kick,,10
pl4-62,Thunder Jolt,"Flip a coin. If tails, Electrike does 10 damage to itself.",30
pl4-63,Bite,,10
pl4-64,Gnaw,,10
pl4-64,Suffocating Gas,,20
pl4-65,Stone Barrage,Flip a coin until you get tails. This attack does 10 damage times the number of heads.,10×
pl4-66,Collect,Draw a card.,
pl4-66,Drool,,20
pl4-67,Fast Evolution,"Search your deck for up to 2 Evolution cards, show them to your opponent, and put them into your hand. Shuffle your deck afterward.",
pl4-67,Speed Attack,,30
pl4-68,Sand Attack,"If the Defending Pokémon tries to attack during your opponent's next turn, your opponent flips a coin. If tails, that attack does nothing.",
pl4-68,Magnum Punch,,30
pl4-69,Harden,"During your opponent's next turn, if Nosepass would be damaged by an attack, prevent that attack's damage done to Nosepass if that damage is 30 or less.",
pl4-69,Knock Away,"Flip a coin. If heads, this attack does 20 damage plus 10 more damage.",20+
pl4-70,Collect,Draw 3 cards.,
pl4-70,Tickle,"Flip a coin. If heads, the Defending Pokémon is now Paralyzed.",20
pl4-71,Pika Ball,,10
pl4-71,Mega Shot,Discard all Lightning Energy attached to Pikachu and then choose 1 of your opponent's Pokémon. This attack does 40 damage to that Pokémon. (Don't apply Weakness and Resistance for Benched Pokémon.),
pl4-72,Tackle,,10
pl4-72,Stomp,"Flip a coin. If heads, this attack does 10 damage plus 20 more damage.",10
pl4-73,Lunge,"Flip a coin. If tails, this attack does nothing.",30
pl4-74,Gnaw,,10
pl4-74,Swagger,"Flip a coin. If heads, discard an Energy card attached to the Defending Pokémon.",20
pl4-75,Ice Breath,"Flip a coin. If heads, the Defending Pokémon is now Paralyzed.",
pl4-75,Double Headbutt,Flip 2 coins. This attack does 20 damage times the number of heads.,20×
pl4-76,Absorb,Remove 1 damage counter from Tangela.,10
pl4-76,Sleep Powder,The Defending Pokémon is now Asleep.,20
pl4-77,Collect,Draw a card.,
pl4-77,Stun Spore,"Flip a coin. If heads, the Defending Pokémon is now Paralyzed.",30
pl4-78,Tail Crush,"Flip a coin. If heads, this attack does 20 damage plus 10 more damage.",20+
pl4-79,Pound,,10
pl4-79,Slash,,20
pl4-80,Glide,,10
pl4-80,Slashing Strike,"During your next turn, Wingull can't use Slashing Strike.",30
pl4-81,Rain Splash,,20
pl4-AR1,Prize Count,"If you have more Prize cards left than your opponent, this attack does 20 damage plus 60 more damage.",20+
pl4-AR2,Leaf Refresh,Remove 3 damage counters from each of your Benched Pokémon.,30
pl4-AR3,Bright Flame,"Flip a coin. If tails, discard 2 Energy attached to Arceus.",80
pl4-AR4,Fastwave,"This attack's damage isn't affected by Resistance, Poké-Powers, Poké-Bodies, or any other effects on the Defending Pokémon.",50
pl4-AR5,Ripple Swell,"If you have 6 Arceus in play and each of them is a different type, search your deck for up to 6 basic Energy cards. Attach each of those Energy cards to a different Pokémon you have in play. Shuffle your deck afterward.",
pl4-AR5,Sky Spear,Choose 1 of your opponent's Pokémon. This attack does 80 damage to that Pokémon. (Don't apply Weakness and Resistance for Benched Pokémon.) Remove all Energy cards attached to Arceus and put them in the Lost Zone.,
pl4-AR6,Lightning Turn,Switch Arceus with 1 of your Benched Pokémon.,30
pl4-AR7,Mind Bend,The Defending Pokémon is now Confused.,40
pl4-AR8,Break Ground,Does 10 damage to each of your Benched Pokémon. (Don't apply Weakness and Resistance for Benched Pokémon.),60
pl4-AR9,Metal Barrier,"Prevent all effects of attacks, including damage, done to Arceus by Pokémon LV.X during your opponent's next turn.",40
pl4-SH10,Dragon Rage,"Flip 2 coins. If either of them is tails, this attack does nothing.",40
pl4-SH11,Blue Fire,Discard all Fire Energy attached to Ponyta.,50
pl4-SH12,Payback,"If your opponent has only 1 Prize card left, this attack does 10 damage plus 30 more damage.",10+
xyp-XY179,Body Slam,"Flip a coin. If heads, your opponent's Active Pokémon is now Paralyzed.",50
xyp-XY202,Charge,Search your deck for a Lightning Energy card and attach it to this Pokémon. Shuffle your deck afterward.,
xyp-XY202,Thunderbolt,Discard all Energy attached to this Pokémon.,70
xy12-3,String Shot,"Flip a coin. If heads, your opponent's Active Pokémon is now Paralyzed.",10
xy12-4,Stiffen,"During your opponent's next turn, any damage done to this Pokémon by attacks is reduced by 40 (after applying Weakness and Resistance).",
xy12-4,Stun Spore,"Flip a coin. If heads, your opponent's Active Pokémon is now Paralyzed.",20
xy12-5,Poison Sting,"Flip a coin. If heads, your opponent's Active Pokémon is now Poisoned.",10
xy12-6,Stiffen,"During your opponent's next turn, any damage done to this Pokémon by attacks is reduced by 40 (after applying Weakness and Resistance).",
xy12-6,Poison Powder,"Flip a coin. If heads, your opponent's Active Pokémon is now Poisoned.",20
xy12-7,Poison Sting,Your opponent's Active Pokémon is now Poisoned.,30
xy12-7,Swarming Sting,This attack does 40 damage times the number of Beedrill you have in play to 1 of your opponent's Pokémon. (Don't apply Weakness and Resistance for Benched Pokémon.),
xy12-8,Bind,"Flip a coin. If heads, your opponent's Active Pokémon is now Paralyzed.",20
xy12-8,Poison Powder,Your opponent's Active Pokémon is now Poisoned.,30
xy12-9,Scratch,,10
xy12-9,Ember,Discard a Fire Energy attached to this Pokémon.,30
xy12-10,Slash,,50
xy12-10,Flamethrower,Discard a Fire Energy attached to this Pokémon.,90
xy12-11,Fire Spin,Discard 3 Energy attached to this Pokémon.,200
xy12-14,Confuse Ray,"Flip a coin. If heads, your opponent's Active Pokémon is now Confused.",20
xy12-15,Lure,Switch 1 of your opponent's Benched Pokémon with his or her Active Pokémon. The new Active Pokémon can't retreat during your opponent's next turn.,
xy12-15,Fire Blast,Discard a Fire Energy attached to this Pokémon.,120
xy12-17,Hind Kick,Switch this Pokémon with 1 of your Benched Pokémon.,10
xy12-17,Flare,,20
xy12-18,Scorching Breath,This Pokémon can't attack during your next turn.,150
xy12-19,Smash Kick,,20
xy12-19,Flame Tail,,30
xy12-20,Fire Punch,,30
xy12-20,Flamethrower,Discard a Fire Energy attached to this Pokémon.,60
xy12-23,Water Gun,,30
xy12-24,Amnesia,Choose 1 of your opponent's Active Pokémon's attacks. That Pokémon can't use that attack during your opponent's next turn.,30
xy12-24,Double Slap,Flip 2 coins. This attack does 50 damage times the number of heads.,50×
xy12-25,Dashing Punch,"If this Pokémon was on the Bench and became your Active Pokémon this turn, this attack does 50 more damage.",50+
xy12-25,Whirlpool,Discard an Energy attached to your opponent's Active Pokémon.,80
xy12-28,Growl,"During your opponent's next turn, any damage done by attacks from the Defending Pokémon is reduced by 20 (before applying Weakness and Resistance).",
xy12-28,Headbutt,,20
xy12-29,Super Deep Dive,Heal 40 damage from this Pokémon. Switch this Pokémon with 1 of your Benched Pokémon.,
xy12-29,Take Down,This Pokémon does 20 damage to itself.,90
xy12-30,Quick Blow,"Flip a coin. If heads, this attack does 10 more damage.",10+
xy12-31,Star Freeze,"Flip a coin. If heads, your opponent's Active Pokémon is now Paralyzed.",30
xy12-33,Flail,This attack does 10 damage times the number of damage counters on this Pokémon.,10×
xy12-34,Bubble Beam,"Flip a coin. If heads, your opponent's Active Pokémon is now Paralyzed.",50
xy12-34,Dragon Rage,"Flip 2 coins. If either of them is tails, this attack does nothing.",180
xy12-35,Gnaw,,10
xy12-35,Thunder Jolt,"Flip a coin. If tails, this Pokémon does 10 damage to itself.",30
xy12-36,Energize,Attach a Lightning Energy card from your discard pile to this Pokémon.,
xy12-36,Spark Bolt,"You may discard all Energy attached to this Pokémon. If you do, this attack does 70 more damage.",70+
xy12-37,Thunder Wave,"Flip a coin. If heads, your opponent's Active Pokémon is now Paralyzed.",
xy12-37,Self-Destruct,This Pokémon does 50 damage to itself.,50
xy12-38,Thunder Wave,"Flip a coin. If heads, your opponent's Active Pokémon is now Paralyzed.",30
xy12-38,Self-Destruct,This Pokémon does 80 damage to itself.,80
xy12-39,Continuous Tumble,Flip a coin until you get tails. This attack does 10 damage times the number of heads.,10×
xy12-40,Head Bolt,,70
xy12-41,Thunder Shock,"Flip a coin. If heads, your opponent's Active Pokémon is now Paralyzed.",10
xy12-41,Thunder Punch,"Flip a coin. If heads, this attack does 10 more damage. If tails, this Pokémon does 10 damage to itself.",30+
xy12-42,Thunder,This Pokémon does 30 damage to itself.,90
xy12-42,Thunderbolt,Discard all Energy attached to this Pokémon.,170
xy12-43,Double Stab,Flip 2 coins. This attack does 10 damage times the number of heads.,10×
xy12-44,Horn Attack,,20
xy12-44,Fury Attack,Flip 3 coins. This attack does 30 damage times the number of heads.,30×
xy12-45,Rumble,The Defending Pokémon can't retreat during your opponent's next turn.,40
xy12-45,Tail Swing,This attack does 20 damage to each of your opponent's Benched Basic Pokémon. (Don't apply Weakness and Resistance for Benched Pokémon.),100
xy12-47,Little Grudge,"During your opponent's next turn, if this Pokémon is Knocked Out by damage from an attack, discard an Energy attached to the Attacking Pokémon.",
xy12-47,Nightmare,"Flip a coin. If heads, your opponent's Active Pokémon is now Asleep.",20
xy12-48,Hypnosis,Your opponent's Active Pokémon is now Asleep.,
xy12-48,Dream Eater,"If your opponent's Active Pokémon is not Asleep, this attack does nothing.",80
xy12-49,Pound,,10
xy12-49,Confuse Ray,Your opponent's Active Pokémon is now Confused.,10
xy12-50,Foul Gas,"Flip a coin. If heads, your opponent's Active Pokémon is now Poisoned. If tails, your opponent's Active Pokémon is now Confused.",10
xy12-51,Psychic,This attack does 20 more damage for each Energy attached to your opponent's Active Pokémon.,20+
xy12-51,Barrier,"During your opponent's next turn, prevent all effects of attacks, including damage, done to this Pokémon. If 1 of your Pokémon used Barrier during your last turn, this attack can't be used.",
xy12-53,Psy Bolt,"Flip a coin. If heads, your opponent's Active Pokémon is now Paralyzed.",30
xy12-54,Sand Attack,"If the Defending Pokémon tries to attack during your opponent's next turn, your opponent flips a coin. If tails, that attack does nothing.",10
xy12-55,Dig Through,This attack does 30 damage to 1 of your opponent's Benched Pokémon. (Don't apply Weakness and Resistance for Benched Pokémon.),
xy12-56,Slash,,40
xy12-56,Earthquake,This attack does 20 damage to each of your Benched Pokémon. (Don't apply Weakness and Resistance for Benched Pokémon.),130
xy12-57,Dual Chop,Flip 2 coins. This attack does 20 damage times the number of heads.,20×
xy12-58,Karate Chop,This attack does 60 damage minus 10 damage for each damage counter on this Pokémon.,60-
xy12-58,Submission,This Pokémon does 20 damage to itself.,80
xy12-59,Seismic Toss,,120
xy12-61,Harden,"During your opponent's next turn, if this Pokémon would be damaged by an attack, prevent that attack's damage done to this Pokémon if that damage is 60 or less.",
xy12-61,Rock Throw,,40
xy12-62,Jab,,30
xy12-62,Special Punch,,90
xy12-63,Sing,"Flip a coin. If heads, your opponent's Active Pokémon is now Asleep.",
xy12-63,Metronome,Choose 1 of your opponent's Active Pokémon's attacks and use it as this attack.,
xy12-66,Bite,,10
xy12-67,Crunch,Discard an Energy attached to your opponent's Active Pokémon.,10
xy12-67,Shadowy Bite,This attack does 60 damage times the number of Special Energy cards in your opponent's discard pile.,60×
xy12-68,Leek Slap,This Pokémon can't use Leek Slap during your next turn.,50
xy12-68,Pot Smash,,50
xy12-69,Fury Attack,Flip 3 coins. This attack does 10 damage times the number of heads.,10×
xy12-70,Scrunch,"Flip a coin. If heads, prevent all damage done to this Pokémon by attacks during your opponent's next turn.",
xy12-70,Double-Edge,This Pokémon does 80 damage to itself.,80
xy12-71,Conversion 3,"Choose Grass, Fire, Water, Lightning, Psychic, Fighting, Darkness, Metal, Fairy, or Dragon type. The Defending Pokémon's Weakness is now that type until the end of your next turn. (The amount of Weakness doesn't change.)",
xy12-110,Thunder Shock,"Flip a coin. If heads, your opponent's Active Pokémon is now Paralyzed.",10
xy12-110,Fly,"Flip a coin. If tails, this attack does nothing. If heads, prevent all effects of attacks, including damage, done to this Pokémon during your opponent's next turn.",30
xy12-111,Surf,,30
swshp-SWSH137,Slow Ballad,Heal 30 damage from both Active Pokémon.,
swshp-SWSH137,Beatdown Smash,"During your next turn, this Pokémon can't use Beatdown Smash.",160
cel25c-2_A,Hydro Pump,Does 40 damage plus 10 more damage for each Water Energy attached to Blastoise but not used to pay for this attack's Energy cost. Extra Water Energy after the 2nd doesn't count.,40+
cel25c-4_A,Fire Spin,Discard 2 Energy cards attached to Charizard in order to use this attack.,100
cel25c-8_A,Ice Beam,"Flip a coin. If heads, the Defending Pokémon is now Paralyzed.",30
cel25c-15_A1,Solarbeam,,60
cel25c-20_A,Eeeeeeek,"Shuffle your hand into your deck, then draw 7 cards.",
cel25c-24_A,Birthday Surprise,"If it's not your birthday, this attack does 30 damage. If it is your birthday, flip a coin. If heads, this attack does 30 damage plus 50 more damage; if tails, this attack does 30 damage.",30+
cel25c-66_A,Gold Scale,"Your opponent may draw 2 cards. Either way, you may draw 2 cards.",
cel25c-66_A,Dragon Bond,"Search your deck for a card named Gyarados, Dark Gyarados, or Shining Gyarados. Show it to your opponent and put it into your hand. Shuffle your deck afterward.",
