card_id,pname,set_name,is_custom,image_url,generation,release_date,rarity,pokemon_type,subtype,hp,level,flavour_text
base1-1,Alakazam,Base,False,https://images.pokemontcg.io/base1/1_hires.png,Base,1/9/1999,Rare Holo,['Psychic'],['Stage 2'],80,42,Its brain can outperform a supercomputer. Its intelligence quotient is said to be 5000.
base1-2,Blastoise,Base,False,https://images.pokemontcg.io/base1/2_hires.png,Base,1/9/1999,Rare Holo,['Water'],['Stage 2'],100,52,A brutal Pokémon with pressurized water jets on its shell. They are used for high-speed tackles.
base1-3,Chansey,Base,False,https://images.pokemontcg.io/base1/3_hires.png,Base,1/9/1999,Rare Holo,['Colorless'],['Basic'],120,55,A rare and elusive Pokémon that is said to bring happiness to those who manage to catch it.
base1-4,Charizard,Base,False,https://images.pokemontcg.io/base1/4_hires.png,Base,1/9/1999,Rare Holo,['Fire'],['Stage 2'],120,76,Spits fire that is hot enough to melt boulders. Known to unintentionally cause forest fires.
base1-5,Clefairy,Base,False,https://images.pokemontcg.io/base1/5_hires.png,Base,1/9/1999,Rare Holo,['Colorless'],['Basic'],40,14,Its magical and cute appeal has many admirers. It is rare and found only in certain areas.
base1-6,Gyarados,Base,False,https://images.pokemontcg.io/base1/6_hires.png,Base,1/9/1999,Rare Holo,['Water'],['Stage 1'],100,41,"Rarely seen in the wild. Huge and vicious, it is capable of destroying entire cities in a rage."
base1-7,Hitmonchan,Base,False,https://images.pokemontcg.io/base1/7_hires.png,Base,1/9/1999,Rare Holo,['Fighting'],['Basic'],70,33,"While seeming to do nothing, it fires punches in lightning-fast volleys that are impossible to see."
base1-8,Machamp,Base,False,https://images.pokemontcg.io/base1/8_hires.png,Base,1/9/1999,Rare Holo,['Fighting'],['Stage 2'],100,67,"Using its amazing muscles, it throws powerful punches that can knock its victim clear over the horizon."
base1-9,Magneton,Base,False,https://images.pokemontcg.io/base1/9_hires.png,Base,1/9/1999,Rare Holo,['Lightning'],['Stage 1'],60,28,Formed by several Magnemites linked together. It frequently appears when sunspots flare up.
base1-10,Mewtwo,Base,False,https://images.pokemontcg.io/base1/10_hires.png,Base,1/9/1999,Rare Holo,['Psychic'],['Basic'],60,53,A scientist created this Pokémon after years of horrific gene-splicing and DNA engineering experiments.
base1-11,Nidoking,Base,False,https://images.pokemontcg.io/base1/11_hires.png,Base,1/9/1999,Rare Holo,['Grass'],['Stage 2'],90,23,"Uses its powerful tail in battle to smash, constrict, then break its prey's bones."
base1-12,Ninetales,Base,False,https://images.pokemontcg.io/base1/12_hires.png,Base,1/9/1999,Rare Holo,['Fire'],['Stage 1'],80,32,"Very smart and very vengeful. Grabbing one of its many tails could result in a 1,000-year curse."
base1-13,Poliwrath,Base,False,https://images.pokemontcg.io/base1/13_hires.png,Base,1/9/1999,Rare Holo,['Water'],['Stage 2'],90,48,An adept swimmer at both the front crawl and breaststroke. Easily overtakes the best human swimmers.
base1-14,Raichu,Base,False,https://images.pokemontcg.io/base1/14_hires.png,Base,1/9/1999,Rare Holo,['Lightning'],['Stage 1'],80,40,Its long tail serves as a ground to protect itself from its own high-voltage power.
base1-15,Venusaur,Base,False,https://images.pokemontcg.io/base1/15_hires.png,Base,1/9/1999,Rare Holo,['Grass'],['Stage 2'],100,67,This plant blooms when it is absorbing solar energy. It stays on the move to seek sunlight.
base1-16,Zapdos,Base,False,https://images.pokemontcg.io/base1/16_hires.png,Base,1/9/1999,Rare Holo,['Lightning'],['Basic'],90,64,A legendary bird Pokémon said to appear from clouds while wielding enormous lightning bolts.
base1-17,Beedrill,Base,False,https://images.pokemontcg.io/base1/17_hires.png,Base,1/9/1999,Rare,['Grass'],['Stage 2'],80,32,"Flies at high speed and attacks using the large, venomous stingers on its forelegs and tail."
base1-18,Dragonair,Base,False,https://images.pokemontcg.io/base1/18_hires.png,Base,1/9/1999,Rare,['Colorless'],['Stage 1'],80,33,A mystical Pokémon that exudes a gentle aura. Has the ability to change climate conditions.
base1-19,Dugtrio,Base,False,https://images.pokemontcg.io/base1/19_hires.png,Base,1/9/1999,Rare,['Fighting'],['Stage 1'],70,36,A team of Diglett triplets. It triggers huge earthquakes by burrowing 60 miles underground.
base1-20,Electabuzz,Base,False,https://images.pokemontcg.io/base1/20_hires.png,Base,1/9/1999,Rare,['Lightning'],['Basic'],70,35,"Normally found near power plants, it can wander away and cause major blackouts in cities."
base1-21,Electrode,Base,False,https://images.pokemontcg.io/base1/21_hires.png,Base,1/9/1999,Rare,['Lightning'],['Stage 1'],80,40,It stores electrical energy under very high pressure. It often explodes with little or no provocation.
base1-22,Pidgeotto,Base,False,https://images.pokemontcg.io/base1/22_hires.png,Base,1/9/1999,Rare,['Colorless'],['Stage 1'],60,36,"Very protective of its sprawling territory, this Pokémon will fiercely peck at any intruder."
base1-23,Arcanine,Base,False,https://images.pokemontcg.io/base1/23_hires.png,Base,1/9/1999,Uncommon,['Fire'],['Stage 1'],100,45,"A Pokémon that has been long admired for its beauty. It runs gracefully, as if on wings."
base1-24,Charmeleon,Base,False,https://images.pokemontcg.io/base1/24_hires.png,Base,1/9/1999,Uncommon,['Fire'],['Stage 1'],80,32,"When it swings its burning tail, it raises the temperature to unbearably high levels."
base1-25,Dewgong,Base,False,https://images.pokemontcg.io/base1/25_hires.png,Base,1/9/1999,Uncommon,['Water'],['Stage 1'],80,42,Stores thermal energy in its body. Swims at a steady 8 knots even in intensely cold waters.
base1-26,Dratini,Base,False,https://images.pokemontcg.io/base1/26_hires.png,Base,1/9/1999,Uncommon,['Colorless'],['Basic'],40,10,"Long considered a mythical Pokémon until recently, when a small colony was found living underwater."
base1-27,Farfetch'd,Base,False,https://images.pokemontcg.io/base1/27_hires.png,Base,1/9/1999,Uncommon,['Colorless'],['Basic'],50,20,The sprig of green onions it holds is its weapon. This sprig is used much like a metal sword.
base1-28,Growlithe,Base,False,https://images.pokemontcg.io/base1/28_hires.png,Base,1/9/1999,Uncommon,['Fire'],['Basic'],60,18,Very protective of its territory. It will bark and bite to repel intruders from its space.
base1-29,Haunter,Base,False,https://images.pokemontcg.io/base1/29_hires.png,Base,1/9/1999,Uncommon,['Psychic'],['Stage 1'],60,22,"Because of its ability to slip through block walls, it is said to be from another dimension."
base1-30,Ivysaur,Base,False,https://images.pokemontcg.io/base1/30_hires.png,Base,1/9/1999,Uncommon,['Grass'],['Stage 1'],60,20,"When the bulb on its back grows large, the Pokémon seems to lose the ability to stand on its hind legs."
base1-31,Jynx,Base,False,https://images.pokemontcg.io/base1/31_hires.png,Base,1/9/1999,Uncommon,['Psychic'],['Basic'],70,23,"Merely by meditating, the Pokémon launches a powerful psychic energy attack."
base1-32,Kadabra,Base,False,https://images.pokemontcg.io/base1/32_hires.png,Base,1/9/1999,Uncommon,['Psychic'],['Stage 1'],60,38,It emits special alpha waves from its body that induce headaches even to those just nearby.
base1-33,Kakuna,Base,False,https://images.pokemontcg.io/base1/33_hires.png,Base,1/9/1999,Uncommon,['Grass'],['Stage 1'],80,23,"Almost incapable of moving, this Pokémon can only harden its shell to protect itself from predators."
base1-34,Machoke,Base,False,https://images.pokemontcg.io/base1/34_hires.png,Base,1/9/1999,Uncommon,['Fighting'],['Stage 1'],80,40,Its muscular body is so powerful that it must wear a power-save belt to help regulate its motions.
base1-35,Magikarp,Base,False,https://images.pokemontcg.io/base1/35_hires.png,Base,1/9/1999,Uncommon,['Water'],['Basic'],30,8,"In the distant past, it was stronger than its horribly weak descendants that exist today."
base1-36,Magmar,Base,False,https://images.pokemontcg.io/base1/36_hires.png,Base,1/9/1999,Uncommon,['Fire'],['Basic'],50,24,Its body always burns with an orange glow that enables it to hide perfectly among flames.
base1-37,Nidorino,Base,False,https://images.pokemontcg.io/base1/37_hires.png,Base,1/9/1999,Uncommon,['Grass'],['Stage 1'],60,25,An aggressive Pokémon that is quick to attack. The horn on its head secretes a powerful venom.
base1-38,Poliwhirl,Base,False,https://images.pokemontcg.io/base1/38_hires.png,Base,1/9/1999,Uncommon,['Water'],['Stage 1'],60,28,"Capable of living in or out of water. When out of water, it sweats to keep its body slimy."
base1-39,Porygon,Base,False,https://images.pokemontcg.io/base1/39_hires.png,Base,1/9/1999,Uncommon,['Colorless'],['Basic'],30,12,A Pokémon that consists entirely of programming code. Capable of moving freely in cyberspace.
base1-40,Raticate,Base,False,https://images.pokemontcg.io/base1/40_hires.png,Base,1/9/1999,Uncommon,['Colorless'],['Stage 1'],60,41,It uses its whiskers to maintain its balance. It seems to slow down if they are cut off.
base1-41,Seel,Base,False,https://images.pokemontcg.io/base1/41_hires.png,Base,1/9/1999,Uncommon,['Water'],['Basic'],60,12,The protruding horn on its head is very hard. This horn is used for bashing through thick ice.
base1-42,Wartortle,Base,False,https://images.pokemontcg.io/base1/42_hires.png,Base,1/9/1999,Uncommon,['Water'],['Stage 1'],70,22,"Often hides in water to stalk unweary prey. When swimming quickly, it moves its ears to maintain balance."
base1-43,Abra,Base,False,https://images.pokemontcg.io/base1/43_hires.png,Base,1/9/1999,Common,['Psychic'],['Basic'],30,10,"Using its ability to read minds, it will identify impending danger and teleport to safety."
base1-44,Bulbasaur,Base,False,https://images.pokemontcg.io/base1/44_hires.png,Base,1/9/1999,Common,['Grass'],['Basic'],40,13,"A strange seed was planted on its back at birth. Thus, a plant sprouted and now grows with this Pokémon."
base1-45,Caterpie,Base,False,https://images.pokemontcg.io/base1/45_hires.png,Base,1/9/1999,Common,['Grass'],['Basic'],40,13,Its short feet are tipped with suction pads that enable it to tirelessly climb slopes and walls.
base1-46,Charmander,Base,False,https://images.pokemontcg.io/base1/46_hires.png,Base,1/9/1999,Common,['Fire'],['Basic'],50,10,"Obviously prefers hot places. If it gets caught in the rain, steam is said to spout from the tip of its tail."
base1-47,Diglett,Base,False,https://images.pokemontcg.io/base1/47_hires.png,Base,1/9/1999,Common,['Fighting'],['Basic'],30,8,"Lives about three feet underground, where it feeds on plant roots. It sometimes appears above ground."
base1-48,Doduo,Base,False,https://images.pokemontcg.io/base1/48_hires.png,Base,1/9/1999,Common,['Colorless'],['Basic'],50,10,A bird that makes up for its poor flying with its fast foot speed. Leaves giant footprints.
base1-49,Drowzee,Base,False,https://images.pokemontcg.io/base1/49_hires.png,Base,1/9/1999,Common,['Psychic'],['Basic'],50,10,"Puts enemies to sleep, then eats their dreams. Occasionally gets sick from eating bad dreams."
base1-50,Gastly,Base,False,https://images.pokemontcg.io/base1/50_hires.png,Base,1/9/1999,Common,['Psychic'],['Basic'],30,8,"Almost invisible, this gaseous Pokémon cloaks the target and puts it to sleep without notice."
base1-51,Koffing,Base,False,https://images.pokemontcg.io/base1/51_hires.png,Base,1/9/1999,Common,['Grass'],['Basic'],50,13,"Because it stores several kinds of toxic gases in its body, it is prone to exploding without warning."
base1-52,Machop,Base,False,https://images.pokemontcg.io/base1/52_hires.png,Base,1/9/1999,Common,['Fighting'],['Basic'],50,20,Loves to build its muscles. It trains in all styles of martial arts to become even stronger.
base1-53,Magnemite,Base,False,https://images.pokemontcg.io/base1/53_hires.png,Base,1/9/1999,Common,['Lightning'],['Basic'],40,13,Uses anti-gravity to stay suspended. Appears without warning and uses attacks like Thunder Wave.
base1-54,Metapod,Base,False,https://images.pokemontcg.io/base1/54_hires.png,Base,1/9/1999,Common,['Grass'],['Stage 1'],70,21,"It is vulnerable to attack because its shell is soft, exposing its weak and tender body."
base1-55,Nidoran ♂,Base,False,https://images.pokemontcg.io/base1/55_hires.png,Base,1/9/1999,Common,['Grass'],['Basic'],40,20,"Stiffens its ears to sense danger. The larger, more powerful of its horns secretes venom."
base1-56,Onix,Base,False,https://images.pokemontcg.io/base1/56_hires.png,Base,1/9/1999,Common,['Fighting'],['Basic'],90,12,"As it grows, the stone portions of its body harden to become similar to a diamond, though colored black."
base1-57,Pidgey,Base,False,https://images.pokemontcg.io/base1/57_hires.png,Base,1/9/1999,Common,['Colorless'],['Basic'],40,8,A common sight in forests and woods. It flaps its wings at ground level to kick up blinding sand.
base1-58,Pikachu,Base,False,https://images.pokemontcg.io/base1/58_hires.png,Base,1/9/1999,Common,['Lightning'],['Basic'],40,12,"When several of these Pokémon gather, their electricity can cause lightning storms."
base1-59,Poliwag,Base,False,https://images.pokemontcg.io/base1/59_hires.png,Base,1/9/1999,Common,['Water'],['Basic'],40,13,Its newly grown legs prevent it from running. It appears to prefer swimming over trying to stand.
base1-60,Ponyta,Base,False,https://images.pokemontcg.io/base1/60_hires.png,Base,1/9/1999,Common,['Fire'],['Basic'],40,10,Its hooves are 10 times harder than diamonds. It can trample anything flat in moments.
base1-61,Rattata,Base,False,https://images.pokemontcg.io/base1/61_hires.png,Base,1/9/1999,Common,['Colorless'],['Basic'],30,9,"Bites anything when it attacks. Small and very quick, it is a common sight in many places."
base1-62,Sandshrew,Base,False,https://images.pokemontcg.io/base1/62_hires.png,Base,1/9/1999,Common,['Fighting'],['Basic'],40,12,Burrows deep underground in arid locations far from water. It only emerges to hunt for food.
base1-63,Squirtle,Base,False,https://images.pokemontcg.io/base1/63_hires.png,Base,1/9/1999,Common,['Water'],['Basic'],40,8,"After birth, its back swells and hardens into a shell. It powerfully sprays foam from its mouth."
base1-64,Starmie,Base,False,https://images.pokemontcg.io/base1/64_hires.png,Base,1/9/1999,Common,['Water'],['Stage 1'],60,28,Its central core glows with the seven colors of the rainbow. Some people value this core as a gem.
base1-65,Staryu,Base,False,https://images.pokemontcg.io/base1/65_hires.png,Base,1/9/1999,Common,['Water'],['Basic'],40,15,An enigmatic Pokémon that can effortlessly regenerate any appendage it loses in battle.
base1-66,Tangela,Base,False,https://images.pokemontcg.io/base1/66_hires.png,Base,1/9/1999,Common,['Grass'],['Basic'],50,8,Its whole body is swathed with wide vines that are similar to seaweed. These vines shake as it walks.
base1-67,Voltorb,Base,False,https://images.pokemontcg.io/base1/67_hires.png,Base,1/9/1999,Common,['Lightning'],['Basic'],40,10,"Usually found in power plants. Easily mistaken for a Monster Ball, it has zapped many people."
base1-68,Vulpix,Base,False,https://images.pokemontcg.io/base1/68_hires.png,Base,1/9/1999,Common,['Fire'],['Basic'],50,11,"At the time of birth, it has just one tail. Its tail splits from the tip as it grows older."
base1-69,Weedle,Base,False,https://images.pokemontcg.io/base1/69_hires.png,Base,1/9/1999,Common,['Grass'],['Basic'],40,12,"Often found in forests, eating leaves. It has a sharp, venomous stinger on its head."
base2-1,Clefable,Jungle,False,https://images.pokemontcg.io/base2/1_hires.png,Base,6/16/1999,Rare Holo,['Colorless'],['Stage 1'],70,34,A timid Fairy Pokémon that is rarely seen. It will run and hide the moment it senses people.
base2-2,Electrode,Jungle,False,https://images.pokemontcg.io/base2/2_hires.png,Base,6/16/1999,Rare Holo,['Lightning'],['Stage 1'],90,42,It stores electrical energy under very high pressure. It often explodes with little or no provocation.
base2-3,Flareon,Jungle,False,https://images.pokemontcg.io/base2/3_hires.png,Base,6/16/1999,Rare Holo,['Fire'],['Stage 1'],70,28,"When storing thermal energy in its body, its temperature could soar to over 1600 degrees."
base2-4,Jolteon,Jungle,False,https://images.pokemontcg.io/base2/4_hires.png,Base,6/16/1999,Rare Holo,['Lightning'],['Stage 1'],70,29,"It accumulates negative ions from the atmosphere to blast out 10,000-volt lightning bolts."
base2-5,Kangaskhan,Jungle,False,https://images.pokemontcg.io/base2/5_hires.png,Base,6/16/1999,Rare Holo,['Colorless'],['Basic'],90,40,The infant rarely ventures out of its mother's protective pouch until it is three years old.
base2-6,Mr. Mime,Jungle,False,https://images.pokemontcg.io/base2/6_hires.png,Base,6/16/1999,Rare Holo,['Psychic'],['Basic'],40,28,"If interrupted while miming, it will slap around the enemy with its broad hands."
base2-7,Nidoqueen,Jungle,False,https://images.pokemontcg.io/base2/7_hires.png,Base,6/16/1999,Rare Holo,['Grass'],['Stage 2'],90,43,Its hard scales provide strong protection. It uses its hefty bulk to execute powerful moves.
base2-8,Pidgeot,Jungle,False,https://images.pokemontcg.io/base2/8_hires.png,Base,6/16/1999,Rare Holo,['Colorless'],['Stage 2'],80,40,"When hunting, it skims the surface of water at high speed to pick off unwary prey such as Magikarp."
base2-9,Pinsir,Jungle,False,https://images.pokemontcg.io/base2/9_hires.png,Base,6/16/1999,Rare Holo,['Grass'],['Basic'],60,24,"If it fails to crush the victim in its pincers, it will swing its victim around and toss it hard."
base2-10,Scyther,Jungle,False,https://images.pokemontcg.io/base2/10_hires.png,Base,6/16/1999,Rare Holo,['Grass'],['Basic'],70,25,"With ninja-like agility and speed, it can create the illusion that there is more than one of it."
base2-11,Snorlax,Jungle,False,https://images.pokemontcg.io/base2/11_hires.png,Base,6/16/1999,Rare Holo,['Colorless'],['Basic'],90,20,"Very lazy. Just eats and sleeps. As its rotund bulk builds, it becomes steadily more slothful."
base2-12,Vaporeon,Jungle,False,https://images.pokemontcg.io/base2/12_hires.png,Base,6/16/1999,Rare Holo,['Water'],['Stage 1'],80,42,Lives close to water. Its long tail is ridged with a fin that is often mistaken for a mermaid's.
base2-13,Venomoth,Jungle,False,https://images.pokemontcg.io/base2/13_hires.png,Base,6/16/1999,Rare Holo,['Grass'],['Stage 1'],70,28,The dust-like scales covering its wings are color coded to indicate the kinds of poison it has.
base2-14,Victreebel,Jungle,False,https://images.pokemontcg.io/base2/14_hires.png,Base,6/16/1999,Rare Holo,['Grass'],['Stage 2'],80,42,"Said to live in huge colonies deep in jungles, although no one has ever returned from there."
base2-15,Vileplume,Jungle,False,https://images.pokemontcg.io/base2/15_hires.png,Base,6/16/1999,Rare Holo,['Grass'],['Stage 2'],80,35,"The larger its petals, the more toxic pollen it contains. Its big head is heavy and hard to hold up."
base2-16,Wigglytuff,Jungle,False,https://images.pokemontcg.io/base2/16_hires.png,Base,6/16/1999,Rare Holo,['Colorless'],['Stage 1'],80,36,"The body is soft and rubbery. When angered, it will suck in air and inflate itself to an enormous size."
base2-17,Clefable,Jungle,False,https://images.pokemontcg.io/base2/17_hires.png,Base,6/16/1999,Rare,['Colorless'],['Stage 1'],70,34,A timid Fairy Pokémon that is rarely seen. It will run and hide the moment it senses people.
base2-18,Electrode,Jungle,False,https://images.pokemontcg.io/base2/18_hires.png,Base,6/16/1999,Rare,['Lightning'],['Stage 1'],90,42,It stores electrical energy under very high pressure. It often explodes with little or no provocation.
base2-19,Flareon,Jungle,False,https://images.pokemontcg.io/base2/19_hires.png,Base,6/16/1999,Rare,['Fire'],['Stage 1'],70,28,"When storing thermal energy in its body, its temperature could soar to over 1600 degrees."
base2-20,Jolteon,Jungle,False,https://images.pokemontcg.io/base2/20_hires.png,Base,6/16/1999,Rare,['Lightning'],['Stage 1'],70,29,"It accumulates negative ions from the atmosphere to blast out 10,000-volt lightning bolts."
base2-21,Kangaskhan,Jungle,False,https://images.pokemontcg.io/base2/21_hires.png,Base,6/16/1999,Rare,['Colorless'],['Basic'],90,40,The infant rarely ventures out of its mother's protective pouch until it is three years old.
base2-22,Mr. Mime,Jungle,False,https://images.pokemontcg.io/base2/22_hires.png,Base,6/16/1999,Rare,['Psychic'],['Basic'],40,28,"If interrupted while miming, it will slap around the enemy with its broad hands."
base2-23,Nidoqueen,Jungle,False,https://images.pokemontcg.io/base2/23_hires.png,Base,6/16/1999,Rare,['Grass'],['Stage 2'],90,43,Its hard scales provide strong protection. It uses its hefty bulk to execute powerful moves.
base2-24,Pidgeot,Jungle,False,https://images.pokemontcg.io/base2/24_hires.png,Base,6/16/1999,Rare,['Colorless'],['Stage 2'],80,40,"When hunting, it skims the surface of water at high speed to pick off unwary prey such as Magikarp."
base2-25,Pinsir,Jungle,False,https://images.pokemontcg.io/base2/25_hires.png,Base,6/16/1999,Rare,['Grass'],['Basic'],60,24,"If it fails to crush the victim in its pincers, it will swing its victim around and toss it hard."
base2-26,Scyther,Jungle,False,https://images.pokemontcg.io/base2/26_hires.png,Base,6/16/1999,Rare,['Grass'],['Basic'],70,25,"With ninja-like agility and speed, it can create the illusion that there is more than one of it."
base2-27,Snorlax,Jungle,False,https://images.pokemontcg.io/base2/27_hires.png,Base,6/16/1999,Rare,['Colorless'],['Basic'],90,20,"Very lazy. Just eats and sleeps. As its rotund bulk builds, it becomes steadily more slothful."
base2-28,Vaporeon,Jungle,False,https://images.pokemontcg.io/base2/28_hires.png,Base,6/16/1999,Rare,['Water'],['Stage 1'],80,42,Lives close to water. Its long tail is ridged with a fin that is often mistaken for a mermaid's.
base2-29,Venomoth,Jungle,False,https://images.pokemontcg.io/base2/29_hires.png,Base,6/16/1999,Rare,['Grass'],['Stage 1'],70,28,The dust-like scales covering its wings are color coded to indicate the kinds of poison it has.
base2-30,Victreebel,Jungle,False,https://images.pokemontcg.io/base2/30_hires.png,Base,6/16/1999,Rare,['Grass'],['Stage 2'],80,42,"Said to live in huge colonies deep in jungles, although no one has ever returned from there."
base2-31,Vileplume,Jungle,False,https://images.pokemontcg.io/base2/31_hires.png,Base,6/16/1999,Rare,['Grass'],['Stage 2'],80,35,"The larger its petals, the more toxic pollen it contains. Its big head is heavy and hard to hold up."
base2-32,Wigglytuff,Jungle,False,https://images.pokemontcg.io/base2/32_hires.png,Base,6/16/1999,Rare,['Colorless'],['Stage 1'],80,36,"The body is soft and rubbery. When angered, it will suck in air and inflate itself to an enormous size."
base2-33,Butterfree,Jungle,False,https://images.pokemontcg.io/base2/33_hires.png,Base,6/16/1999,Uncommon,['Grass'],['Stage 2'],70,28,"In battle, it flaps its wings at high speed to release highly toxic dust into the air."
base2-34,Dodrio,Jungle,False,https://images.pokemontcg.io/base2/34_hires.png,Base,6/16/1999,Uncommon,['Colorless'],['Stage 1'],70,28,"Uses its three brains to execute complex plans. While two heads sleep, one head stays awake."
base2-35,Exeggutor,Jungle,False,https://images.pokemontcg.io/base2/35_hires.png,Base,6/16/1999,Uncommon,['Grass'],['Stage 1'],80,35,"Legend has it that on rare occasions, one of its heads will drop off and continue on as an Exeggcute."
base2-36,Fearow,Jungle,False,https://images.pokemontcg.io/base2/36_hires.png,Base,6/16/1999,Uncommon,['Colorless'],['Stage 1'],70,27,"With its huge and magnificent wings, it can keep aloft without ever having to land for rest."
base2-37,Gloom,Jungle,False,https://images.pokemontcg.io/base2/37_hires.png,Base,6/16/1999,Uncommon,['Grass'],['Stage 1'],60,35,The fluid that oozes from its mouth isn't drool; it is a nectar that is used to attract prey.
base2-38,Lickitung,Jungle,False,https://images.pokemontcg.io/base2/38_hires.png,Base,6/16/1999,Uncommon,['Colorless'],['Basic'],90,10,Its tongue can be extended like a chameleon's. It leaves a stinging sensation when it licks enemies.
base2-39,Marowak,Jungle,False,https://images.pokemontcg.io/base2/39_hires.png,Base,6/16/1999,Uncommon,['Fighting'],['Stage 1'],60,26,The bone it holds is its key weapon. It throws the bone skillfully like a boomerang to K.O. targets.
base2-40,Nidorina,Jungle,False,https://images.pokemontcg.io/base2/40_hires.png,Base,6/16/1999,Uncommon,['Grass'],['Stage 1'],70,24,The female's horn develops slowly. Prefers physical attacks such as clawing and biting.
base2-41,Parasect,Jungle,False,https://images.pokemontcg.io/base2/41_hires.png,Base,6/16/1999,Uncommon,['Grass'],['Stage 1'],60,28,A host-parasite pair in which the parasite mushroom has taken over the host bug. Prefers damp places.
base2-42,Persian,Jungle,False,https://images.pokemontcg.io/base2/42_hires.png,Base,6/16/1999,Uncommon,['Colorless'],['Stage 1'],70,25,"Although its fur has many admirers, it is tough to raise as a pet because of its fickle meanness."
base2-43,Primeape,Jungle,False,https://images.pokemontcg.io/base2/43_hires.png,Base,6/16/1999,Uncommon,['Fighting'],['Stage 1'],70,45,Always furious and tenacious to boot. It will not abandon chasing its quarry until its quarry is caught.
base2-44,Rapidash,Jungle,False,https://images.pokemontcg.io/base2/44_hires.png,Base,6/16/1999,Uncommon,['Fire'],['Stage 1'],70,33,"Very competitive, this Pokémon will chase anything that moves fast in the hopes of racing it."
base2-45,Rhydon,Jungle,False,https://images.pokemontcg.io/base2/45_hires.png,Base,6/16/1999,Uncommon,['Fighting'],['Stage 1'],100,48,"Protected by an armor-like hide, it is capable of living in molten lava of 3600 degrees."
base2-46,Seaking,Jungle,False,https://images.pokemontcg.io/base2/46_hires.png,Base,6/16/1999,Uncommon,['Water'],['Stage 1'],70,28,"In the autumn spawning season, they can be seen swimming powerfully up rivers and creeks."
base2-47,Tauros,Jungle,False,https://images.pokemontcg.io/base2/47_hires.png,Base,6/16/1999,Uncommon,['Colorless'],['Basic'],60,24,"When it targets an enemy, it charges furiously while whipping its body with its long tails."
base2-48,Weepinbell,Jungle,False,https://images.pokemontcg.io/base2/48_hires.png,Base,6/16/1999,Uncommon,['Grass'],['Stage 1'],70,28,"It spits out poisonpowder to immobilize the enemy, and then finishes the enemy with a spray of acid."
base2-49,Bellsprout,Jungle,False,https://images.pokemontcg.io/base2/49_hires.png,Base,6/16/1999,Common,['Grass'],['Basic'],40,11,A carnivorous Pokémon that traps and eats bugs. It uses its root feet to soak up needed moisture.
base2-50,Cubone,Jungle,False,https://images.pokemontcg.io/base2/50_hires.png,Base,6/16/1999,Common,['Fighting'],['Basic'],40,13,"Because it never removes its skull helmet, no one has ever seen this Pokémon's real face."
base2-51,Eevee,Jungle,False,https://images.pokemontcg.io/base2/51_hires.png,Base,6/16/1999,Common,['Colorless'],['Basic'],50,12,Its genetic code is irregular. It may mutate if it is exposed to radiation from elemental stones.
base2-52,Exeggcute,Jungle,False,https://images.pokemontcg.io/base2/52_hires.png,Base,6/16/1999,Common,['Grass'],['Basic'],50,14,"Often mistaken for eggs. When disturbed, they quickly gather and attack in swarms."
base2-53,Goldeen,Jungle,False,https://images.pokemontcg.io/base2/53_hires.png,Base,6/16/1999,Common,['Water'],['Basic'],40,12,"Its tail fin billows like an elegant ballroom dress, giving it the nickname ""Water Queen."""
base2-54,Jigglypuff,Jungle,False,https://images.pokemontcg.io/base2/54_hires.png,Base,6/16/1999,Common,['Colorless'],['Basic'],60,14,"When its huge eyes light up, it sings a mysteriously soothing melody that lulls its enemies to sleep."
base2-55,Mankey,Jungle,False,https://images.pokemontcg.io/base2/55_hires.png,Base,6/16/1999,Common,['Fighting'],['Basic'],30,7,"Extremely quick to anger. It could be docile one moment, then thrashing away the next."
base2-56,Meowth,Jungle,False,https://images.pokemontcg.io/base2/56_hires.png,Base,6/16/1999,Common,['Colorless'],['Basic'],50,15,Adores circular objects. Wanders the streets on a nightly basis to look for dropped loose change.
base2-57,Nidoran ♀,Jungle,False,https://images.pokemontcg.io/base2/57_hires.png,Base,6/16/1999,Common,['Grass'],['Basic'],60,13,"Although small, its venomous barbs make this Pokémon dangerous. The female has smaller horns."
base2-58,Oddish,Jungle,False,https://images.pokemontcg.io/base2/58_hires.png,Base,6/16/1999,Common,['Grass'],['Basic'],50,8,"During the day, it keeps its face buried in the ground. At night, it wanders around sowing its seeds."
base2-59,Paras,Jungle,False,https://images.pokemontcg.io/base2/59_hires.png,Base,6/16/1999,Common,['Grass'],['Basic'],40,8,Burrows to suck tree roots. The mushrooms on its back grow by drawing nutrients from the bug host.
base2-60,Pikachu,Jungle,False,https://images.pokemontcg.io/base2/60_hires.png,Base,6/16/1999,Common,['Lightning'],['Basic'],50,14,"When several of these Pokémon gather, their electricity can build and cause lightning storms."
base2-61,Rhyhorn,Jungle,False,https://images.pokemontcg.io/base2/61_hires.png,Base,6/16/1999,Common,['Fighting'],['Basic'],70,18,"Its massive bones are 1,000 times harder than human bones. It can easily knock a trailer flying."
base2-62,Spearow,Jungle,False,https://images.pokemontcg.io/base2/62_hires.png,Base,6/16/1999,Common,['Colorless'],['Basic'],50,13,Eats bugs in grassy areas. It has to flap its short wings at high speeds to stay airborne.
base2-63,Venonat,Jungle,False,https://images.pokemontcg.io/base2/63_hires.png,Base,6/16/1999,Common,['Grass'],['Basic'],40,12,Lives in the shadows of tall trees where it eats insects. It is attracted by light at night.
basep-1,Pikachu,Wizards Black Star Promos,False,https://images.pokemontcg.io/basep/1_hires.png,Base,7/1/1999,Promo,['Lightning'],['Basic'],60,16,"When several of these Pokémon gather, their electricity could build and cause lightning storms."
basep-2,Electabuzz,Wizards Black Star Promos,False,https://images.pokemontcg.io/basep/2_hires.png,Base,7/1/1999,Promo,['Lightning'],['Basic'],60,20,"A wild Pokémon with a short temper. It is able to distinguish colors, and likes the color red."
basep-3,Mewtwo,Wizards Black Star Promos,False,https://images.pokemontcg.io/basep/3_hires.png,Base,7/1/1999,Promo,['Psychic'],['Basic'],70,60,Years of genetic experiments resulted in the creation of this never-before-seen violent Pokémon.
basep-4,Pikachu,Wizards Black Star Promos,False,https://images.pokemontcg.io/basep/4_hires.png,Base,7/1/1999,Promo,['Lightning'],['Basic'],50,13,"When several of these Pokémon gather, they attract so much electricity that they can cause lightning to strike."
basep-5,Dragonite,Wizards Black Star Promos,False,https://images.pokemontcg.io/basep/5_hires.png,Base,7/1/1999,Promo,['Colorless'],['Stage 2'],90,43,This Pokémon can fly is spite of its large bulk. It is said to be able to circumnavigate the earth in just 16 hours.
basep-6,Arcanine,Wizards Black Star Promos,False,https://images.pokemontcg.io/basep/6_hires.png,Base,7/1/1999,Promo,['Fire'],['Stage 1'],70,34,A legendary Pokémon famous for its beauty. It looks almost as if it flies when it runs.
basep-7,Jigglypuff,Wizards Black Star Promos,False,https://images.pokemontcg.io/basep/7_hires.png,Base,7/1/1999,Promo,['Colorless'],['Basic'],50,12,"When its huge eyes light up, it sings a mysteriously soothing melody that lulls its enemies to sleep."
basep-8,Mew,Wizards Black Star Promos,False,https://images.pokemontcg.io/basep/8_hires.png,Base,7/1/1999,Promo,['Psychic'],['Basic'],50,23,So rare that it is still said to be a mirage by many experts. Only a few people have seen it worldwide.
basep-9,Mew,Wizards Black Star Promos,False,https://images.pokemontcg.io/basep/9_hires.png,Base,7/1/1999,Promo,['Psychic'],['Basic'],50,51,So rare that it is still said to be a mirage by many experts. Only a few people have seen it worldwide.
basep-10,Meowth,Wizards Black Star Promos,False,https://images.pokemontcg.io/basep/10_hires.png,Base,7/1/1999,Promo,['Colorless'],['Basic'],50,13,Adores circular objects. Wanders the streets on a nightly basis to look for dropped loose change.
basep-11,Eevee,Wizards Black Star Promos,False,https://images.pokemontcg.io/basep/11_hires.png,Base,7/1/1999,Promo,['Colorless'],['Basic'],30,7,Its genetic code is irregular. It may mutate if it is exposed to radiation from elemental stones.
basep-12,Mewtwo,Wizards Black Star Promos,False,https://images.pokemontcg.io/basep/12_hires.png,Base,7/1/1999,Promo,['Psychic'],['Basic'],60,13,A scientist created this Pokémon after years of horrific gene-splicing and DNA engineering experiments.
basep-13,Venusaur,Wizards Black Star Promos,False,https://images.pokemontcg.io/basep/13_hires.png,Base,7/1/1999,Promo,['Grass'],['Stage 2'],100,16,This plant blooms when it is absorbing solar energy. It stays on the move to seek sunlight.
basep-14,Mewtwo,Wizards Black Star Promos,False,https://images.pokemontcg.io/basep/14_hires.png,Base,7/1/1999,Promo,['Psychic'],['Basic'],70,60,Years of genetic experiments resulted in the creation of this never-before-seen violent Pokémon.
basep-15,Cool Porygon,Wizards Black Star Promos,False,https://images.pokemontcg.io/basep/15_hires.png,Base,7/1/1999,Promo,['Colorless'],['Basic'],50,15,A Pokémon that consists entirely of programming code. Capable of moving freely in cyberspace.
basep-17,Dark Persian,Wizards Black Star Promos,False,https://images.pokemontcg.io/basep/17_hires.png,Base,7/1/1999,Promo,['Colorless'],['Stage 1'],60,28,Popular with women because of its beautiful fur. The leader of the Rockets keeps one as a pet.
basep-18,Team Rocket's Meowth,Wizards Black Star Promos,False,https://images.pokemontcg.io/basep/18_hires.png,Base,7/1/1999,Promo,['Colorless'],['Basic'],40,30,"This Pokémon is more active at night. It likes bright, shiny things and cannot resist taking them and adding them to its collection."
basep-20,Psyduck,Wizards Black Star Promos,False,https://images.pokemontcg.io/basep/20_hires.png,Base,7/1/1999,Promo,['Water'],['Basic'],50,15,"While lulling its enemies with its vacant look, this wily Pokémon will use psychokinetic powers."
basep-21,Moltres,Wizards Black Star Promos,False,https://images.pokemontcg.io/basep/21_hires.png,Base,7/1/1999,Promo,['Fire'],['Basic'],70,33,The flames on this legendary Pokémon's wings burn so brightly that they can make night seem like day.
basep-22,Articuno,Wizards Black Star Promos,False,https://images.pokemontcg.io/basep/22_hires.png,Base,7/1/1999,Promo,['Water'],['Basic'],70,34,"This legendary Pokémon is said to freeze the water in the air during winter, causing snow."
basep-23,Zapdos,Wizards Black Star Promos,False,https://images.pokemontcg.io/basep/23_hires.png,Base,7/1/1999,Promo,['Lightning'],['Basic'],70,30,This legendary Pokémon is said to be present wherever there is a lightning storm.
basep-24,_____'s Pikachu,Wizards Black Star Promos,False,https://images.pokemontcg.io/basep/24_hires.png,Base,7/1/1999,Promo,['Lightning'],['Basic'],50,17,Your Birthdate: ______________________________
basep-25,Flying Pikachu,Wizards Black Star Promos,False,https://images.pokemontcg.io/basep/25_hires.png,Base,7/1/1999,Promo,['Lightning'],['Basic'],40,12,"By learning how to fly, Pikachu overcame its weakness to Fighting Pokémon."
basep-26,Pikachu,Wizards Black Star Promos,False,https://images.pokemontcg.io/basep/26_hires.png,Base,7/1/1999,Promo,['Lightning'],['Basic'],40,9,It uses its sensitive tail to sense its environment and has been known to react violently if its tail is grabbed.
basep-27,Pikachu,Wizards Black Star Promos,False,https://images.pokemontcg.io/basep/27_hires.png,Base,7/1/1999,Promo,['Lightning'],['Basic'],30,5,"When several of these Pokémon gather, their electricity can cause lightning storms."
basep-28,Surfing Pikachu,Wizards Black Star Promos,False,https://images.pokemontcg.io/basep/28_hires.png,Base,7/1/1999,Promo,['Lightning'],['Basic'],50,32,"One summer, a group of Pikachus was found riding the waves at the local beach."
basep-29,Marill,Wizards Black Star Promos,False,https://images.pokemontcg.io/basep/29_hires.png,Base,7/1/1999,Promo,['Water'],['Basic'],50,64,"The tip of its tail, which contains oil that is lighter than water, lets it swim without drowning."
basep-30,Togepi,Wizards Black Star Promos,False,https://images.pokemontcg.io/basep/30_hires.png,Base,7/1/1999,Promo,['Colorless'],['Basic'],30,8,"Still only a hatchling, it uses poison to chase off its enemies when threatened."
basep-31,Cleffa,Wizards Black Star Promos,False,https://images.pokemontcg.io/basep/31_hires.png,Base,7/1/1999,Promo,['Colorless'],['Baby'],30,5,"Because of its unusual, star-like silhouette, people believe that it came here on a meteor."
basep-32,Smeargle,Wizards Black Star Promos,False,https://images.pokemontcg.io/basep/32_hires.png,Base,7/1/1999,Promo,['Colorless'],['Basic'],40,21,"Once it becomes an adult, it has a tendency to let its comrades plant footprints on its back."
basep-33,Scizor,Wizards Black Star Promos,False,https://images.pokemontcg.io/basep/33_hires.png,Base,7/1/1999,Promo,['Metal'],['Stage 1'],70,36,Its wings are not used for flying. They are flapped at high speed to adjust its body temperature.
basep-34,Entei,Wizards Black Star Promos,False,https://images.pokemontcg.io/basep/34_hires.png,Base,7/1/1999,Promo,['Fire'],['Basic'],80,37,"Volcanoes erupt when it barks. Unable to restrain its extreme power, it races headlong around the land."
basep-35,Pichu,Wizards Black Star Promos,False,https://images.pokemontcg.io/basep/35_hires.png,Base,7/1/1999,Promo,['Lightning'],['Baby'],30,4,It is not yet skilled at storing electricity. It may send out a jolt if amused or startled.
basep-36,Igglybuff,Wizards Black Star Promos,False,https://images.pokemontcg.io/basep/36_hires.png,Base,7/1/1999,Promo,['Colorless'],['Baby'],30,5,"Its extremely flexible and elastic body makes it bounce continuously—anytime, anywhere."
basep-37,Hitmontop,Wizards Black Star Promos,False,https://images.pokemontcg.io/basep/37_hires.png,Base,7/1/1999,Promo,['Fighting'],['Basic'],60,29,"It launches kicks while spinning. If it spins at high speed, it may bore its way into the ground."
basep-38,Unown [J],Wizards Black Star Promos,False,https://images.pokemontcg.io/basep/38_hires.png,Base,7/1/1999,Promo,['Psychic'],['Basic'],40,17,Their shapes look like hieroglyphs on ancient tablets. It is said that the two are somehow related.
basep-39,Misdreavus,Wizards Black Star Promos,False,https://images.pokemontcg.io/basep/39_hires.png,Base,7/1/1999,Promo,['Psychic'],['Basic'],50,23,"It loves to bite and yank people's hair from behind without warning, just to see their shocked reactions."
basep-43,Machamp,Wizards Black Star Promos,False,https://images.pokemontcg.io/basep/43_hires.png,Base,7/1/1999,Promo,['Fighting'],['Stage 2'],90,54,"Using its amazing muscles, it throws powerful punches that can knock its victim clear over the horizon."
basep-44,Magmar,Wizards Black Star Promos,False,https://images.pokemontcg.io/basep/44_hires.png,Base,7/1/1999,Promo,['Fire'],['Basic'],60,27,Its body always burns with an orange glow that enables it to hide perfectly among flames.
basep-45,Scyther,Wizards Black Star Promos,False,https://images.pokemontcg.io/basep/45_hires.png,Base,7/1/1999,Promo,['Grass'],['Basic'],60,23,"With ninja-like agility and speed, it can create the illusion that there is more than one."
basep-46,Electabuzz,Wizards Black Star Promos,False,https://images.pokemontcg.io/basep/46_hires.png,Base,7/1/1999,Promo,['Lightning'],['Basic'],60,22,"Normally found near power plants, it can wander away and cause major blackouts in cities."
basep-47,Mew,Wizards Black Star Promos,False,https://images.pokemontcg.io/basep/47_hires.png,Base,7/1/1999,Promo,['Psychic'],['Basic'],40,8,So rare that it is still said to be a mirage by many experts. Only a few people have seen it worldwide.
basep-48,Articuno,Wizards Black Star Promos,False,https://images.pokemontcg.io/basep/48_hires.png,Base,7/1/1999,Promo,['Water'],['Basic'],80,34,A legendary bird Pokémon that is said to appear to doomed people who are lost in icy mountains.
basep-49,Snorlax,Wizards Black Star Promos,False,https://images.pokemontcg.io/basep/49_hires.png,Base,7/1/1999,Promo,['Colorless'],['Basic'],90,35,"Very lazy. Just eats and sleeps. As its rotund bulk builds, it becomes steadily more slothful."
base3-1,Aerodactyl,Fossil,False,https://images.pokemontcg.io/base3/1_hires.png,Base,10/10/1999,Rare Holo,['Fighting'],['Stage 1'],60,28,A ferocious prehistoric Pokémon that goes for the enemy's throat with its serrated saw-like fangs.
base3-2,Articuno,Fossil,False,https://images.pokemontcg.io/base3/2_hires.png,Base,10/10/1999,Rare Holo,['Water'],['Basic'],70,35,A legendary bird Pokémon that is said to appear to doomed people who are lost in icy mountains.
base3-3,Ditto,Fossil,False,https://images.pokemontcg.io/base3/3_hires.png,Base,10/10/1999,Rare Holo,['Colorless'],['Basic'],50,20,Capable of copying an enemy's genetic code to instantly transform itself into a duplicate of the enemy.
base3-4,Dragonite,Fossil,False,https://images.pokemontcg.io/base3/4_hires.png,Base,10/10/1999,Rare Holo,['Colorless'],['Stage 2'],100,45,An extremely rarely seen marine Pokémon. Its intelligence is said to match that of humans.
base3-5,Gengar,Fossil,False,https://images.pokemontcg.io/base3/5_hires.png,Base,10/10/1999,Rare Holo,['Psychic'],['Stage 2'],80,38,"Under a full moon, this Pokémon likes to mimic the shadows of people and laugh at their fright."
base3-6,Haunter,Fossil,False,https://images.pokemontcg.io/base3/6_hires.png,Base,10/10/1999,Rare Holo,['Psychic'],['Stage 1'],50,17,"Because of its ability to slip through block walls, it is said to be from another dimension."
base3-7,Hitmonlee,Fossil,False,https://images.pokemontcg.io/base3/7_hires.png,Base,10/10/1999,Rare Holo,['Fighting'],['Basic'],60,30,"When in a hurry, its legs lengthen progressively. It runs smoothly with extra long, loping strides."
base3-8,Hypno,Fossil,False,https://images.pokemontcg.io/base3/8_hires.png,Base,10/10/1999,Rare Holo,['Psychic'],['Stage 1'],90,36,"When it locks eyes with an enemy, it will use a mix of psi moves such as Hypnosis and Confusion."
base3-9,Kabutops,Fossil,False,https://images.pokemontcg.io/base3/9_hires.png,Base,10/10/1999,Rare Holo,['Fighting'],['Stage 2'],60,30,Its sleek shape is perfect for swimming. It slashes prey with its claws and drains the body fluids.
base3-10,Lapras,Fossil,False,https://images.pokemontcg.io/base3/10_hires.png,Base,10/10/1999,Rare Holo,['Water'],['Basic'],80,12,A Pokémon that has been overhunted almost to extinction. It can ferry people across water.
base3-11,Magneton,Fossil,False,https://images.pokemontcg.io/base3/11_hires.png,Base,10/10/1999,Rare Holo,['Lightning'],['Stage 1'],80,35,Formed by several Magnemites linked together. They frequently appear when sunspots flare up.
base3-12,Moltres,Fossil,False,https://images.pokemontcg.io/base3/12_hires.png,Base,10/10/1999,Rare Holo,['Fire'],['Basic'],70,35,Known as the legendary bird of fire. Every flap of its wings creates a dazzling flash of flames.
base3-13,Muk,Fossil,False,https://images.pokemontcg.io/base3/13_hires.png,Base,10/10/1999,Rare Holo,['Grass'],['Stage 1'],70,34,"Thickly covered with a filthy, vile sludge. It is so toxic, even its footprints contain poison."
base3-14,Raichu,Fossil,False,https://images.pokemontcg.io/base3/14_hires.png,Base,10/10/1999,Rare Holo,['Lightning'],['Stage 1'],90,45,Its long tail serves as a ground to protect itself from its own high-voltage power.
base3-15,Zapdos,Fossil,False,https://images.pokemontcg.io/base3/15_hires.png,Base,10/10/1999,Rare Holo,['Lightning'],['Basic'],80,40,A legendary thunderbird Pokémon whose anger is said to cause storms. Some say it has lived above the clouds for thousands of years.
base3-16,Aerodactyl,Fossil,False,https://images.pokemontcg.io/base3/16_hires.png,Base,10/10/1999,Rare,['Fighting'],['Stage 1'],60,28,A ferocious prehistoric Pokémon that goes for the enemy's throat with its serrated saw-like fangs.
base3-17,Articuno,Fossil,False,https://images.pokemontcg.io/base3/17_hires.png,Base,10/10/1999,Rare,['Water'],['Basic'],70,35,A legendary bird Pokémon that is said to appear to doomed people who are lost in icy mountains.
base3-18,Ditto,Fossil,False,https://images.pokemontcg.io/base3/18_hires.png,Base,10/10/1999,Rare,['Colorless'],['Basic'],50,20,Capable of copying an enemy's genetic code to instantly transform itself into a duplicate of the enemy.
base3-19,Dragonite,Fossil,False,https://images.pokemontcg.io/base3/19_hires.png,Base,10/10/1999,Rare,['Colorless'],['Stage 2'],100,45,An extremely rarely seen marine Pokémon. Its intelligence is said to match that of humans.
base3-20,Gengar,Fossil,False,https://images.pokemontcg.io/base3/20_hires.png,Base,10/10/1999,Rare,['Psychic'],['Stage 2'],80,38,"Under a full moon, this Pokémon likes to mimic the shadows of people and laugh at their fright."
base3-21,Haunter,Fossil,False,https://images.pokemontcg.io/base3/21_hires.png,Base,10/10/1999,Rare,['Psychic'],['Stage 1'],50,17,"Because of its ability to slip through block walls, it is said to be from another dimension."
base3-22,Hitmonlee,Fossil,False,https://images.pokemontcg.io/base3/22_hires.png,Base,10/10/1999,Rare,['Fighting'],['Basic'],60,30,"When in a hurry, its legs lengthen progressively. It runs smoothly with extra long, loping strides."
base3-23,Hypno,Fossil,False,https://images.pokemontcg.io/base3/23_hires.png,Base,10/10/1999,Rare,['Psychic'],['Stage 1'],90,36,"When it locks eyes with an enemy, it will use a mix of psi moves such as Hypnosis and Confusion."
base3-24,Kabutops,Fossil,False,https://images.pokemontcg.io/base3/24_hires.png,Base,10/10/1999,Rare,['Fighting'],['Stage 2'],60,30,Its sleek shape is perfect for swimming. It slashes prey with its claws and drains the body fluids. 
base3-25,Lapras,Fossil,False,https://images.pokemontcg.io/base3/25_hires.png,Base,10/10/1999,Rare,['Water'],['Basic'],80,31,A Pokémon that has been overhunted almost to extinction. It can ferry people across water.
base3-26,Magneton,Fossil,False,https://images.pokemontcg.io/base3/26_hires.png,Base,10/10/1999,Rare,['Lightning'],['Stage 1'],80,35,Formed by several Magnemites linked together. They frequently appear when sunspots flare up.
base3-27,Moltres,Fossil,False,https://images.pokemontcg.io/base3/27_hires.png,Base,10/10/1999,Rare,['Fire'],['Basic'],70,35,Known as the legendary bird of fire. Every flap of its wings creates a dazzling flash of flames.
base3-28,Muk,Fossil,False,https://images.pokemontcg.io/base3/28_hires.png,Base,10/10/1999,Rare,['Grass'],['Stage 1'],70,34,"Thickly covered with a filthy, vile sludge. It is so toxic, even its footprints contain poison."
base3-29,Raichu,Fossil,False,https://images.pokemontcg.io/base3/29_hires.png,Base,10/10/1999,Rare,['Lightning'],['Stage 1'],90,45,Its long tail serves as a ground to protect itself from its own high voltage power.
base3-30,Zapdos,Fossil,False,https://images.pokemontcg.io/base3/30_hires.png,Base,10/10/1999,Rare,['Lightning'],['Basic'],80,40,A legendary thunderbird Pokémon whose anger is said to cause storms. Some say it has lived above the clouds for thousands of years.
base3-31,Arbok,Fossil,False,https://images.pokemontcg.io/base3/31_hires.png,Base,10/10/1999,Uncommon,['Grass'],['Stage 1'],60,27,It is rumored that the ferocious warning markings on its belly differ from area to area.
base3-32,Cloyster,Fossil,False,https://images.pokemontcg.io/base3/32_hires.png,Base,10/10/1999,Uncommon,['Water'],['Stage 1'],50,25,"When attacked, it launches its horns in quick volleys. Its innards have never been seen."
base3-33,Gastly,Fossil,False,https://images.pokemontcg.io/base3/33_hires.png,Base,10/10/1999,Uncommon,['Psychic'],['Basic'],50,17,"A mysterious Pokémon. Some say it is a lifeform from another dimension, while other believe it is formed from smog."
base3-34,Golbat,Fossil,False,https://images.pokemontcg.io/base3/34_hires.png,Base,10/10/1999,Uncommon,['Grass'],['Stage 1'],60,29,"Once it strikes, it will not stop draining energy from the victim even if it gets too heavy to fly."
base3-35,Golduck,Fossil,False,https://images.pokemontcg.io/base3/35_hires.png,Base,10/10/1999,Uncommon,['Water'],['Stage 1'],70,27,"Often seen swimming elegantly by lake shores. It is often mistaken for the Japanese monster, Kappa."
base3-36,Golem,Fossil,False,https://images.pokemontcg.io/base3/36_hires.png,Base,10/10/1999,Uncommon,['Fighting'],['Stage 2'],80,36,Its boulder-like body is extremely hard. It can easily withstand dynamite blasts without damage.
base3-37,Graveler,Fossil,False,https://images.pokemontcg.io/base3/37_hires.png,Base,10/10/1999,Uncommon,['Fighting'],['Stage 1'],60,29,Rolls down slopes to move. It rolls over any obstacle without slowing or changing its direction.
base3-38,Kingler,Fossil,False,https://images.pokemontcg.io/base3/38_hires.png,Base,10/10/1999,Uncommon,['Water'],['Stage 1'],60,27,"The large pincer has 10,000 horsepower of crushing power. However, its huge size makes it unwieldy to use."
base3-39,Magmar,Fossil,False,https://images.pokemontcg.io/base3/39_hires.png,Base,10/10/1999,Uncommon,['Fire'],['Basic'],70,31,Found at the mouths of volcanoes and extremely hard to spot. There are very few instances of capturing this Pokémon.
base3-40,Omastar,Fossil,False,https://images.pokemontcg.io/base3/40_hires.png,Base,10/10/1999,Uncommon,['Water'],['Stage 2'],70,32,A prehistoric Pokémon that died out when its heavy shell made it impossible for it to catch prey.
base3-41,Sandslash,Fossil,False,https://images.pokemontcg.io/base3/41_hires.png,Base,10/10/1999,Uncommon,['Fighting'],['Stage 1'],70,33,Curls up into a spiny ball when threatened. It can roll while curled up to attack or escape.
base3-42,Seadra,Fossil,False,https://images.pokemontcg.io/base3/42_hires.png,Base,10/10/1999,Uncommon,['Water'],['Stage 1'],60,23,Capable of swimming backward by rapidly flapping its wing-like pectoral fins and stout tail.
base3-43,Slowbro,Fossil,False,https://images.pokemontcg.io/base3/43_hires.png,Base,10/10/1999,Uncommon,['Psychic'],['Stage 1'],60,26,The Shellder that is latched onto Slowpoke's tail is said to feed on the host's left-over scraps.
base3-44,Tentacruel,Fossil,False,https://images.pokemontcg.io/base3/44_hires.png,Base,10/10/1999,Uncommon,['Water'],['Stage 1'],60,21,"The tentacles are normally kept short. On hunts, they are extended to ensnare and immobilize prey."
base3-45,Weezing,Fossil,False,https://images.pokemontcg.io/base3/45_hires.png,Base,10/10/1999,Uncommon,['Grass'],['Stage 1'],60,27,"Where two kinds of poison gases meet, two Koffings can fuse into a Weezing over many years."
base3-46,Ekans,Fossil,False,https://images.pokemontcg.io/base3/46_hires.png,Base,10/10/1999,Common,['Grass'],['Basic'],40,10,Moves silently and stealthily. Eats the eggs of birds such as Pidgey and Spearow whole.
base3-47,Geodude,Fossil,False,https://images.pokemontcg.io/base3/47_hires.png,Base,10/10/1999,Common,['Fighting'],['Basic'],50,16,"Found in fields and mountains. Mistaking them for boulders, people often step or trip on them."
base3-48,Grimer,Fossil,False,https://images.pokemontcg.io/base3/48_hires.png,Base,10/10/1999,Common,['Grass'],['Basic'],50,17,Appears in filthy areas. Thrives by sucking up polluted sludge that is pumped out of factories.
base3-49,Horsea,Fossil,False,https://images.pokemontcg.io/base3/49_hires.png,Base,10/10/1999,Common,['Water'],['Basic'],40,19,Known to shoot down flying bugs with precision blasts of ink from the surface of the water.
base3-50,Kabuto,Fossil,False,https://images.pokemontcg.io/base3/50_hires.png,Base,10/10/1999,Common,['Fighting'],['Stage 1'],30,9,A Pokémon that was resurrected from a fossil found in what was once the ocean floor eons ago.
base3-51,Krabby,Fossil,False,https://images.pokemontcg.io/base3/51_hires.png,Base,10/10/1999,Common,['Water'],['Basic'],50,20,"Its pincers are not only powerful weapons, they are used for balance when walking sideways."
base3-52,Omanyte,Fossil,False,https://images.pokemontcg.io/base3/52_hires.png,Base,10/10/1999,Common,['Water'],['Stage 1'],40,19,"Although long extinct, in rare cases, it can be genetically resurrected from fossils."
base3-53,Psyduck,Fossil,False,https://images.pokemontcg.io/base3/53_hires.png,Base,10/10/1999,Common,['Water'],['Basic'],50,15,"While lulling its enemies with its vacant look, this wily Pokémon will use psychokinetic powers."
base3-54,Shellder,Fossil,False,https://images.pokemontcg.io/base3/54_hires.png,Base,10/10/1999,Common,['Water'],['Basic'],30,8,Its hard shell repels any kind of attack. It is vulnerable only when its shell is open.
base3-55,Slowpoke,Fossil,False,https://images.pokemontcg.io/base3/55_hires.png,Base,10/10/1999,Common,['Psychic'],['Basic'],50,18,Incredibly slow and dopey. It takes 5 seconds for it to feel pain when under attack.
base3-56,Tentacool,Fossil,False,https://images.pokemontcg.io/base3/56_hires.png,Base,10/10/1999,Common,['Water'],['Basic'],30,10,Drifts in shallow seas. Anglers who hook them by accident are often punished by its stinging acid.
base3-57,Zubat,Fossil,False,https://images.pokemontcg.io/base3/57_hires.png,Base,10/10/1999,Common,['Grass'],['Basic'],40,10,Forms colonies in perpetually dark places. Uses ultrasonic waves to identify and approach targets.
base4-1,Alakazam,Base Set 2,False,https://images.pokemontcg.io/base4/1_hires.png,Base,2/24/2000,Rare Holo,['Psychic'],['Stage 2'],80,42,Its brain can outperform a supercomputer. Its intelligence quotient is said to be 5000.
base4-2,Blastoise,Base Set 2,False,https://images.pokemontcg.io/base4/2_hires.png,Base,2/24/2000,Rare Holo,['Water'],['Stage 2'],100,52,A brutal Pokémon with pressurized water jets on its shell. They are used for high-speed tackles.
base4-3,Chansey,Base Set 2,False,https://images.pokemontcg.io/base4/3_hires.png,Base,2/24/2000,Rare Holo,['Colorless'],['Basic'],120,55,A rare and elusive Pokémon that is said to bring happiness to those who manage to catch it.
base4-4,Charizard,Base Set 2,False,https://images.pokemontcg.io/base4/4_hires.png,Base,2/24/2000,Rare Holo,['Fire'],['Stage 2'],120,76,Spits fire that is hot enough to melt boulders. Known to unintentionally cause forest fires.
base4-5,Clefable,Base Set 2,False,https://images.pokemontcg.io/base4/5_hires.png,Base,2/24/2000,Rare Holo,['Colorless'],['Stage 1'],70,34,A timid Fairy Pokémon that is rarely seen. It will run and hide the moment it senses people.
base4-6,Clefairy,Base Set 2,False,https://images.pokemontcg.io/base4/6_hires.png,Base,2/24/2000,Rare Holo,['Colorless'],['Basic'],40,14,Its magical and cute appeal has many admirers. It is rare and found only in certain areas.
base4-7,Gyarados,Base Set 2,False,https://images.pokemontcg.io/base4/7_hires.png,Base,2/24/2000,Rare Holo,['Water'],['Stage 1'],100,41,"Rarely seen in the wild. Huge and vicious, it is capable of destroying entire cities in a rage."
base4-8,Hitmonchan,Base Set 2,False,https://images.pokemontcg.io/base4/8_hires.png,Base,2/24/2000,Rare Holo,['Fighting'],['Basic'],70,33,"While seeming to do nothing, it fires punches in lightning-fast volleys that are impossible to see."
base4-9,Magneton,Base Set 2,False,https://images.pokemontcg.io/base4/9_hires.png,Base,2/24/2000,Rare Holo,['Lightning'],['Stage 1'],60,28,Formed by several Magnemites linked together. It frequently appears when sunspots flare up.
base4-10,Mewtwo,Base Set 2,False,https://images.pokemontcg.io/base4/10_hires.png,Base,2/24/2000,Rare Holo,['Psychic'],['Basic'],60,53,A scientist created this Pokémon after years of horrific gene-splicing and DNA engineering experiments.
base4-11,Nidoking,Base Set 2,False,https://images.pokemontcg.io/base4/11_hires.png,Base,2/24/2000,Rare Holo,['Grass'],['Stage 2'],90,23,"Uses its powerful tail in battle to smash, constrict, then break its prey's bones."
base4-12,Nidoqueen,Base Set 2,False,https://images.pokemontcg.io/base4/12_hires.png,Base,2/24/2000,Rare Holo,['Grass'],['Stage 2'],90,43,Its hard scales provide strong protection. It uses its hefty bulk to execute powerful moves.
base4-13,Ninetales,Base Set 2,False,https://images.pokemontcg.io/base4/13_hires.png,Base,2/24/2000,Rare Holo,['Fire'],['Stage 1'],80,32,"Very smart and very vengeful. Grabbing one of its many tails could result in a 1,000-year curse."
base4-14,Pidgeot,Base Set 2,False,https://images.pokemontcg.io/base4/14_hires.png,Base,2/24/2000,Rare Holo,['Colorless'],['Stage 2'],80,40,"When hunting, it skims the surface of water at high speed to pick off unwary prey such as Magikarp."
base4-15,Poliwrath,Base Set 2,False,https://images.pokemontcg.io/base4/15_hires.png,Base,2/24/2000,Rare Holo,['Water'],['Stage 2'],90,48,An adept swimmer at both the front crawl and breaststroke. Easily overtakes the best human swimmers.
base4-16,Raichu,Base Set 2,False,https://images.pokemontcg.io/base4/16_hires.png,Base,2/24/2000,Rare Holo,['Lightning'],['Stage 1'],80,40,Its long tail serves as a ground to protect itself from its own high-voltage power.
base4-17,Scyther,Base Set 2,False,https://images.pokemontcg.io/base4/17_hires.png,Base,2/24/2000,Rare Holo,['Grass'],['Basic'],70,25,"With ninja-like agility and speed, it can create the illusion that there is more than one of it."
base4-18,Venusaur,Base Set 2,False,https://images.pokemontcg.io/base4/18_hires.png,Base,2/24/2000,Rare Holo,['Grass'],['Stage 2'],100,67,This plant blooms when it is absorbing solar energy. It stays on the move to seek sunlight.
base4-19,Wigglytuff,Base Set 2,False,https://images.pokemontcg.io/base4/19_hires.png,Base,2/24/2000,Rare Holo,['Colorless'],['Stage 1'],80,36,"The body is soft and rubbery. When angered, it will suck in air and inflate itself to an enormous size."
base4-20,Zapdos,Base Set 2,False,https://images.pokemontcg.io/base4/20_hires.png,Base,2/24/2000,Rare Holo,['Lightning'],['Basic'],90,64,A legendary bird Pokémon said to appear from clouds while wielding enormous lightning bolts.
base4-21,Beedrill,Base Set 2,False,https://images.pokemontcg.io/base4/21_hires.png,Base,2/24/2000,Rare,['Grass'],['Stage 2'],80,32,"Flies at high speed and attacks using the large, venomous stingers on its forelegs and tail."
base4-22,Dragonair,Base Set 2,False,https://images.pokemontcg.io/base4/22_hires.png,Base,2/24/2000,Rare,['Colorless'],['Stage 1'],80,33,A mystical Pokémon that exudes a gentle aura. Has the ability to change climate conditions.
base4-23,Dugtrio,Base Set 2,False,https://images.pokemontcg.io/base4/23_hires.png,Base,2/24/2000,Rare,['Fighting'],['Stage 1'],70,36,A team of Diglett triplets. It triggers huge earthquakes by burrowing 60 miles underground.
base4-24,Electabuzz,Base Set 2,False,https://images.pokemontcg.io/base4/24_hires.png,Base,2/24/2000,Rare,['Lightning'],['Basic'],70,35,"Normally found near power plants, it can wander away and cause major blackouts in cities."
base4-25,Electrode,Base Set 2,False,https://images.pokemontcg.io/base4/25_hires.png,Base,2/24/2000,Rare,['Lightning'],['Stage 1'],80,40,It stores electrical energy under very high pressure. It often explodes with little or no provocation.
base4-26,Kangaskhan,Base Set 2,False,https://images.pokemontcg.io/base4/26_hires.png,Base,2/24/2000,Rare,['Colorless'],['Basic'],90,40,The infant rarely ventures out of its mother's protective pouch until it is three years old.
base4-27,Mr. Mime,Base Set 2,False,https://images.pokemontcg.io/base4/27_hires.png,Base,2/24/2000,Rare,['Psychic'],['Basic'],40,28,"If interrupted while miming, it will slap around the enemy with its broad hands."
base4-28,Pidgeotto,Base Set 2,False,https://images.pokemontcg.io/base4/28_hires.png,Base,2/24/2000,Rare,['Colorless'],['Stage 1'],60,36,"Very protective of its sprawling territory, this Pokémon will fiercely peck at any intruder."
base4-29,Pinsir,Base Set 2,False,https://images.pokemontcg.io/base4/29_hires.png,Base,2/24/2000,Rare,['Grass'],['Basic'],60,24,"If it fails to crush the victim in its pincers, it will swing its victim around and toss it hard."
base4-30,Snorlax,Base Set 2,False,https://images.pokemontcg.io/base4/30_hires.png,Base,2/24/2000,Rare,['Colorless'],['Basic'],90,20,"Very lazy. Just eats and sleeps. As its rotund bulk builds, it becomes steadily more slothful."
base4-31,Venomoth,Base Set 2,False,https://images.pokemontcg.io/base4/31_hires.png,Base,2/24/2000,Rare,['Grass'],['Stage 1'],70,28,The dust-like scales covering its wings are color coded to indicate the kinds of poison it has.
base4-32,Victreebel,Base Set 2,False,https://images.pokemontcg.io/base4/32_hires.png,Base,2/24/2000,Rare,['Grass'],['Stage 2'],80,42,"Said to live in huge colonies deep in jungles, although no one has ever returned from there."
base4-33,Arcanine,Base Set 2,False,https://images.pokemontcg.io/base4/33_hires.png,Base,2/24/2000,Uncommon,['Fire'],['Stage 1'],100,45,"A Pokémon that has been long admired for its beauty. It runs gracefully, as if on wings."
base4-34,Butterfree,Base Set 2,False,https://images.pokemontcg.io/base4/34_hires.png,Base,2/24/2000,Uncommon,['Grass'],['Stage 2'],70,28,"In battle, it flaps its wings at high speed to release highly toxic dust into the air."
base4-35,Charmeleon,Base Set 2,False,https://images.pokemontcg.io/base4/35_hires.png,Base,2/24/2000,Uncommon,['Fire'],['Stage 1'],80,32,"When it swings its burning tail, it raises the temperature to unbearably high levels."
base4-36,Dewgong,Base Set 2,False,https://images.pokemontcg.io/base4/36_hires.png,Base,2/24/2000,Uncommon,['Water'],['Stage 1'],80,42,Stores thermal energy in its body. Swims at a steady 8 knots even in intensely cold waters.
base4-37,Dodrio,Base Set 2,False,https://images.pokemontcg.io/base4/37_hires.png,Base,2/24/2000,Uncommon,['Colorless'],['Stage 1'],70,28,"Uses its three brains to execute complex plans. While two heads sleep, one head stays awake."
base4-38,Dratini,Base Set 2,False,https://images.pokemontcg.io/base4/38_hires.png,Base,2/24/2000,Uncommon,['Colorless'],['Basic'],40,10,"Long considered a mythical Pokémon until recently, when a small colony was found living underwater."
base4-39,Exeggutor,Base Set 2,False,https://images.pokemontcg.io/base4/39_hires.png,Base,2/24/2000,Uncommon,['Grass'],['Stage 1'],80,35,"Legend has it that on rare occasions, one of its heads will drop off and continue on as an Exeggcute."
base4-40,Farfetch'd,Base Set 2,False,https://images.pokemontcg.io/base4/40_hires.png,Base,2/24/2000,Uncommon,['Colorless'],['Basic'],50,20,The sprig of green onions it holds is its weapon. This sprig is used much like a metal sword.
base4-41,Fearow,Base Set 2,False,https://images.pokemontcg.io/base4/41_hires.png,Base,2/24/2000,Uncommon,['Colorless'],['Stage 1'],70,27,"With its huge and magnificent wings, it can keep aloft without ever having to land for rest."
base4-42,Growlithe,Base Set 2,False,https://images.pokemontcg.io/base4/42_hires.png,Base,2/24/2000,Uncommon,['Fire'],['Basic'],60,18,Very protective of its territory. It will bark and bite to repel intruders from its space.
base4-43,Haunter,Base Set 2,False,https://images.pokemontcg.io/base4/43_hires.png,Base,2/24/2000,Uncommon,['Psychic'],['Stage 1'],60,22,"Because of its ability to slip through block walls, it is said to be from another dimension."
base4-44,Ivysaur,Base Set 2,False,https://images.pokemontcg.io/base4/44_hires.png,Base,2/24/2000,Uncommon,['Grass'],['Stage 1'],60,20,"When the bulb on its back grows large, the Pokémon seems to lose the ability to stand on its hind legs."
base4-45,Jynx,Base Set 2,False,https://images.pokemontcg.io/base4/45_hires.png,Base,2/24/2000,Uncommon,['Psychic'],['Basic'],70,23,"Merely by meditating, the Pokémon launches a powerful psychic energy attack."
base4-46,Kadabra,Base Set 2,False,https://images.pokemontcg.io/base4/46_hires.png,Base,2/24/2000,Uncommon,['Psychic'],['Stage 1'],60,38,It emits special alpha waves from its body that induce headaches even to those just nearby.
base4-47,Kakuna,Base Set 2,False,https://images.pokemontcg.io/base4/47_hires.png,Base,2/24/2000,Uncommon,['Grass'],['Stage 1'],80,23,"Almost incapable of moving, this Pokémon can only harden its shell to protect itself from predators."
base4-48,Lickitung,Base Set 2,False,https://images.pokemontcg.io/base4/48_hires.png,Base,2/24/2000,Uncommon,['Colorless'],['Basic'],90,10,Its tongue can be extended like a chameleon's. It leaves a stinging sensation when it licks enemies.
base4-49,Machoke,Base Set 2,False,https://images.pokemontcg.io/base4/49_hires.png,Base,2/24/2000,Uncommon,['Fighting'],['Stage 1'],80,40,Its muscular body is so powerful that it must wear a power-save belt to help regulate its motions.
base4-50,Magikarp,Base Set 2,False,https://images.pokemontcg.io/base4/50_hires.png,Base,2/24/2000,Uncommon,['Water'],['Basic'],30,8,"In the distant past, it was stronger than its horribly weak descendants that exist today."
base4-51,Magmar,Base Set 2,False,https://images.pokemontcg.io/base4/51_hires.png,Base,2/24/2000,Uncommon,['Fire'],['Basic'],50,24,Its body always burns with an orange glow that enables it to hide perfectly among flames.
base4-52,Marowak,Base Set 2,False,https://images.pokemontcg.io/base4/52_hires.png,Base,2/24/2000,Uncommon,['Fighting'],['Stage 1'],60,26,The bone it holds is its key weapon. It throws the bone skillfully like a boomerang to K.O. targets.
base4-53,Nidorina,Base Set 2,False,https://images.pokemontcg.io/base4/53_hires.png,Base,2/24/2000,Uncommon,['Grass'],['Stage 1'],70,24,The female's horn develops slowly. Prefers physical attacks such as clawing and biting.
base4-54,Nidorino,Base Set 2,False,https://images.pokemontcg.io/base4/54_hires.png,Base,2/24/2000,Uncommon,['Grass'],['Stage 1'],60,25,An aggressive Pokémon that is quick to attack. The horn on its head secretes a powerful venom.
base4-55,Parasect,Base Set 2,False,https://images.pokemontcg.io/base4/55_hires.png,Base,2/24/2000,Uncommon,['Grass'],['Stage 1'],60,28,A host-parasite pair in which the parasite mushroom has taken over the host bug. Prefers damp places.
base4-56,Persian,Base Set 2,False,https://images.pokemontcg.io/base4/56_hires.png,Base,2/24/2000,Uncommon,['Colorless'],['Stage 1'],70,25,"Although its fur has many admirers, it is tough to raise as a pet because of its fickle meanness."
base4-57,Poliwhirl,Base Set 2,False,https://images.pokemontcg.io/base4/57_hires.png,Base,2/24/2000,Uncommon,['Water'],['Stage 1'],60,28,"Capable of living in or out of water. When out of water, it sweats to keep its body slimy."
base4-58,Raticate,Base Set 2,False,https://images.pokemontcg.io/base4/58_hires.png,Base,2/24/2000,Uncommon,['Colorless'],['Stage 1'],60,41,It uses its whiskers to maintain its balance. It seems to slow down if they are cut off.
base4-59,Rhydon,Base Set 2,False,https://images.pokemontcg.io/base4/59_hires.png,Base,2/24/2000,Uncommon,['Fighting'],['Stage 1'],100,48,"Protected by an armor-like hide, it is capable of living in molten lava of 3600 degrees."
base4-60,Seaking,Base Set 2,False,https://images.pokemontcg.io/base4/60_hires.png,Base,2/24/2000,Uncommon,['Water'],['Stage 1'],70,28,"In the autumn spawning season, they can be seen swimming powerfully up rivers and creeks."
base4-61,Seel,Base Set 2,False,https://images.pokemontcg.io/base4/61_hires.png,Base,2/24/2000,Uncommon,['Water'],['Basic'],60,12,The protruding horn on its head is very hard. This horn is used for bashing through thick ice.
base4-62,Tauros,Base Set 2,False,https://images.pokemontcg.io/base4/62_hires.png,Base,2/24/2000,Uncommon,['Colorless'],['Basic'],60,24,"When it targets an enemy, it charges furiously while whipping its body with its long tails."
base4-63,Wartortle,Base Set 2,False,https://images.pokemontcg.io/base4/63_hires.png,Base,2/24/2000,Uncommon,['Water'],['Stage 1'],70,22,"Often hides in water to stalk unweary prey. When swimming quickly, it moves its ears to maintain balance."
base4-64,Weepinbell,Base Set 2,False,https://images.pokemontcg.io/base4/64_hires.png,Base,2/24/2000,Uncommon,['Grass'],['Stage 1'],70,28,"It spits out poisonpowder to immobilize the enemy, and then finishes the enemy with a spray of acid."
base4-65,Abra,Base Set 2,False,https://images.pokemontcg.io/base4/65_hires.png,Base,2/24/2000,Common,['Psychic'],['Basic'],30,10,"Using its ability to read minds, it will identify impending danger and teleport to safety."
base4-66,Bellsprout,Base Set 2,False,https://images.pokemontcg.io/base4/66_hires.png,Base,2/24/2000,Common,['Grass'],['Basic'],40,11,A carnivorous Pokémon that traps and eats bugs. It uses its root feet to soak up needed moisture.
base4-67,Bulbasaur,Base Set 2,False,https://images.pokemontcg.io/base4/67_hires.png,Base,2/24/2000,Common,['Grass'],['Basic'],40,13,"A strange seed was planted on its back at birth. Thus, a plant sprouted and now grows with this Pokémon."
base4-68,Caterpie,Base Set 2,False,https://images.pokemontcg.io/base4/68_hires.png,Base,2/24/2000,Common,['Grass'],['Basic'],40,13,Its short feet are tipped with suction pads that enable it to tirelessly climb slopes and walls.
base4-69,Charmander,Base Set 2,False,https://images.pokemontcg.io/base4/69_hires.png,Base,2/24/2000,Common,['Fire'],['Basic'],50,10,"Obviously prefers hot places. If it gets caught in the rain, steam is said to spout from the tip of its tail."
base4-70,Cubone,Base Set 2,False,https://images.pokemontcg.io/base4/70_hires.png,Base,2/24/2000,Common,['Fighting'],['Basic'],40,13,"Because it never removes its skull helmet, no one has ever seen this Pokémon's real face."
base4-71,Diglett,Base Set 2,False,https://images.pokemontcg.io/base4/71_hires.png,Base,2/24/2000,Common,['Fighting'],['Basic'],30,8,"Lives about three feet underground, where it feeds on plant roots. It sometimes appears above ground."
base4-72,Doduo,Base Set 2,False,https://images.pokemontcg.io/base4/72_hires.png,Base,2/24/2000,Common,['Colorless'],['Basic'],50,10,A bird that makes up for its poor flying with its fast foot speed. Leaves giant footprints.
base4-73,Drowzee,Base Set 2,False,https://images.pokemontcg.io/base4/73_hires.png,Base,2/24/2000,Common,['Psychic'],['Basic'],50,10,"Puts enemies to sleep, then eats their dreams. Occasionally gets sick from eating bad dreams."
base4-74,Exeggcute,Base Set 2,False,https://images.pokemontcg.io/base4/74_hires.png,Base,2/24/2000,Common,['Grass'],['Basic'],50,14,"Often mistaken for eggs. When disturbed, they quickly gather and attack in swarms."
base4-75,Gastly,Base Set 2,False,https://images.pokemontcg.io/base4/75_hires.png,Base,2/24/2000,Common,['Psychic'],['Basic'],30,8,"Almost invisible, this gaseous Pokémon cloaks the target and puts it to sleep without notice."
base4-76,Goldeen,Base Set 2,False,https://images.pokemontcg.io/base4/76_hires.png,Base,2/24/2000,Common,['Water'],['Basic'],40,12,"Its tail fin billows like an elegant ballroom dress, giving it the nickname ""Water Queen."""
base4-77,Jigglypuff,Base Set 2,False,https://images.pokemontcg.io/base4/77_hires.png,Base,2/24/2000,Common,['Colorless'],['Basic'],60,14,"When its huge eyes light up, it sings a mysteriously soothing melody that lulls its enemies to sleep."
base4-78,Machop,Base Set 2,False,https://images.pokemontcg.io/base4/78_hires.png,Base,2/24/2000,Common,['Fighting'],['Basic'],50,20,Loves to build its muscles. It trains in all styles of martial arts to become even stronger.
base4-79,Magnemite,Base Set 2,False,https://images.pokemontcg.io/base4/79_hires.png,Base,2/24/2000,Common,['Lightning'],['Basic'],40,13,Uses anti-gravity to stay suspended. Appears without warning and uses attacks like Thunder Wave.
base4-80,Meowth,Base Set 2,False,https://images.pokemontcg.io/base4/80_hires.png,Base,2/24/2000,Common,['Colorless'],['Basic'],50,15,Adores circular objects. Wanders the streets on a nightly basis to look for dropped loose change.
base4-81,Metapod,Base Set 2,False,https://images.pokemontcg.io/base4/81_hires.png,Base,2/24/2000,Common,['Grass'],['Stage 1'],70,21,"It is vulnerable to attack because its shell is soft, exposing its weak and tender body."
base4-82,Nidoran ♀,Base Set 2,False,https://images.pokemontcg.io/base4/82_hires.png,Base,2/24/2000,Common,['Grass'],['Basic'],60,13,"Although small, its venomous barbs make this Pokémon dangerous. The female has smaller horns."
base4-83,Nidoran ♂,Base Set 2,False,https://images.pokemontcg.io/base4/83_hires.png,Base,2/24/2000,Common,['Grass'],['Basic'],40,20,"Stiffens its ears to sense danger. The larger, more powerful of its horns secretes venom."
base4-84,Onix,Base Set 2,False,https://images.pokemontcg.io/base4/84_hires.png,Base,2/24/2000,Common,['Fighting'],['Basic'],90,12,"As it grows, the stone portions of its body harden to become similar to a diamond, though colored black."
base4-85,Paras,Base Set 2,False,https://images.pokemontcg.io/base4/85_hires.png,Base,2/24/2000,Common,['Grass'],['Basic'],40,8,Burrows to suck tree roots. The mushrooms on its back grow by drawing nutrients from the bug host.
base4-86,Pidgey,Base Set 2,False,https://images.pokemontcg.io/base4/86_hires.png,Base,2/24/2000,Common,['Colorless'],['Basic'],40,8,A common sight in forests and woods. It flaps its wings at ground level to kick up blinding sand.
base4-87,Pikachu,Base Set 2,False,https://images.pokemontcg.io/base4/87_hires.png,Base,2/24/2000,Common,['Lightning'],['Basic'],40,12,"When several of these Pokémon gather, their electricity can cause lightning storms."
base4-88,Poliwag,Base Set 2,False,https://images.pokemontcg.io/base4/88_hires.png,Base,2/24/2000,Common,['Water'],['Basic'],40,13,Its newly grown legs prevent it from running. It appears to prefer swimming over trying to stand.
base4-89,Rattata,Base Set 2,False,https://images.pokemontcg.io/base4/89_hires.png,Base,2/24/2000,Common,['Colorless'],['Basic'],30,9,"Bites anything when it attacks. Small and very quick, it is a common sight in many places."
base4-90,Rhyhorn,Base Set 2,False,https://images.pokemontcg.io/base4/90_hires.png,Base,2/24/2000,Common,['Fighting'],['Basic'],70,18,"Its massive bones are 1,000 times harder than human bones. It can easily knock a trailer flying."
base4-91,Sandshrew,Base Set 2,False,https://images.pokemontcg.io/base4/91_hires.png,Base,2/24/2000,Common,['Fighting'],['Basic'],40,12,Burrows deep underground in arid locations far from water. It only emerges to hunt for food.
base4-92,Spearow,Base Set 2,False,https://images.pokemontcg.io/base4/92_hires.png,Base,2/24/2000,Common,['Colorless'],['Basic'],50,13,Eats bugs in grassy areas. It has to flap its short wings at high speeds to stay airborne.
base4-93,Squirtle,Base Set 2,False,https://images.pokemontcg.io/base4/93_hires.png,Base,2/24/2000,Common,['Water'],['Basic'],40,8,"After birth, its back swells and hardens into a shell. It powerfully sprays foam from its mouth."
base4-94,Starmie,Base Set 2,False,https://images.pokemontcg.io/base4/94_hires.png,Base,2/24/2000,Common,['Water'],['Stage 1'],60,28,Its central core glows with the seven colors of the rainbow. Some people value this core as a gem.
base4-95,Staryu,Base Set 2,False,https://images.pokemontcg.io/base4/95_hires.png,Base,2/24/2000,Common,['Water'],['Basic'],40,15,An enigmatic Pokémon that can effortlessly regenerate any appendage it loses in battle.
base4-96,Tangela,Base Set 2,False,https://images.pokemontcg.io/base4/96_hires.png,Base,2/24/2000,Common,['Grass'],['Basic'],50,8,Its whole body is swathed with wide vines that are similar to seaweed. These vines shake as it walks.
base4-97,Venonat,Base Set 2,False,https://images.pokemontcg.io/base4/97_hires.png,Base,2/24/2000,Common,['Grass'],['Basic'],40,12,Lives in the shadows of tall trees where it eats insects. It is attracted by light at night.
base4-98,Voltorb,Base Set 2,False,https://images.pokemontcg.io/base4/98_hires.png,Base,2/24/2000,Common,['Lightning'],['Basic'],40,10,"Usually found in power plants. Easily mistaken for a Poké Ball, it has zapped many people."
base4-99,Vulpix,Base Set 2,False,https://images.pokemontcg.io/base4/99_hires.png,Base,2/24/2000,Common,['Fire'],['Basic'],50,11,"At the time of birth, it has just one tail. Its tail splits from the tip as it grows older."
base4-100,Weedle,Base Set 2,False,https://images.pokemontcg.io/base4/100_hires.png,Base,2/24/2000,Common,['Grass'],['Basic'],40,12,"Often found in forests, eating leaves. It has a sharp, venomous stinger on its head."
base5-1,Dark Alakazam,Team Rocket,False,https://images.pokemontcg.io/base5/1_hires.png,Base,4/24/2000,Rare Holo,['Psychic'],['Stage 2'],60,30,"Almost as if it were being controlled by something else, it never changes expressions, even in the middle of battle."
base5-2,Dark Arbok,Team Rocket,False,https://images.pokemontcg.io/base5/2_hires.png,Base,4/24/2000,Rare Holo,['Grass'],['Stage 1'],60,25,"Freezes its prey with its stare. If you should encounter one, remember not to look into its eyes."
base5-3,Dark Blastoise,Team Rocket,False,https://images.pokemontcg.io/base5/3_hires.png,Base,4/24/2000,Rare Holo,['Water'],['Stage 2'],70,28,An aggressive Pokémon that tackles anything it sees.
base5-4,Dark Charizard,Team Rocket,False,https://images.pokemontcg.io/base5/4_hires.png,Base,4/24/2000,Rare Holo,['Fire'],['Stage 2'],80,38,"Seemingly possessed, it spews fire like a volcano, trying to burn all it sees."
base5-5,Dark Dragonite,Team Rocket,False,https://images.pokemontcg.io/base5/5_hires.png,Base,4/24/2000,Rare Holo,['Colorless'],['Stage 2'],70,33,"Sometimes called ""The God of Destruction."" Its wings are able to support it in spite of its massive weight."
base5-6,Dark Dugtrio,Team Rocket,False,https://images.pokemontcg.io/base5/6_hires.png,Base,4/24/2000,Rare Holo,['Fighting'],['Stage 1'],50,18,Digs large sinkholes in the ground and tries to trap its enemies in them.
base5-7,Dark Golbat,Team Rocket,False,https://images.pokemontcg.io/base5/7_hires.png,Base,4/24/2000,Rare Holo,['Grass'],['Stage 1'],50,25,"Sneaks up silently on its prey and attacks it from behind, sometimes killing it with one bite."
base5-8,Dark Gyarados,Team Rocket,False,https://images.pokemontcg.io/base5/8_hires.png,Base,4/24/2000,Rare Holo,['Water'],['Stage 1'],70,31,"Normally found only in the deep ocean, it has recently been seen in shallow waters as well."
base5-9,Dark Hypno,Team Rocket,False,https://images.pokemontcg.io/base5/9_hires.png,Base,4/24/2000,Rare Holo,['Psychic'],['Stage 1'],60,26,Carries a pendulum with it always. Sometimes appears near less-traveled roads and schools at dusk.
base5-10,Dark Machamp,Team Rocket,False,https://images.pokemontcg.io/base5/10_hires.png,Base,4/24/2000,Rare Holo,['Fighting'],['Stage 2'],70,30,It is almost impossible to defend against a Machamp's four powerful arms.
base5-11,Dark Magneton,Team Rocket,False,https://images.pokemontcg.io/base5/11_hires.png,Base,4/24/2000,Rare Holo,['Lightning'],['Stage 1'],60,26,The number of incidents of hackers using Magnetons to damage computer systems is steadily increasing.
base5-12,Dark Slowbro,Team Rocket,False,https://images.pokemontcg.io/base5/12_hires.png,Base,4/24/2000,Rare Holo,['Psychic'],['Stage 1'],60,27,"It loves nothing better than to be left alone, and so sometimes ends up being manipulated by unscrupulous people."
base5-13,Dark Vileplume,Team Rocket,False,https://images.pokemontcg.io/base5/13_hires.png,Base,4/24/2000,Rare Holo,['Grass'],['Stage 2'],60,29,"Perhaps because of their strong-smelling pollen, other Pokémon do not approach areas where Vileplumes live."
base5-14,Dark Weezing,Team Rocket,False,https://images.pokemontcg.io/base5/14_hires.png,Base,4/24/2000,Rare Holo,['Grass'],['Stage 1'],60,24,Researchers have observed these Pokémon reproducing in industrial waste sites.
base5-18,Dark Alakazam,Team Rocket,False,https://images.pokemontcg.io/base5/18_hires.png,Base,4/24/2000,Rare,['Psychic'],['Stage 2'],60,30,"Almost as if it were being controlled by something else, it never changes expressions, even in the middle of battle."
base5-19,Dark Arbok,Team Rocket,False,https://images.pokemontcg.io/base5/19_hires.png,Base,4/24/2000,Rare,['Grass'],['Stage 1'],60,25,"Freezes its prey with its stare. If you should encounter one, remember not to look into its eyes."
base5-20,Dark Blastoise,Team Rocket,False,https://images.pokemontcg.io/base5/20_hires.png,Base,4/24/2000,Rare,['Water'],['Stage 2'],70,28,An aggressive Pokémon that tackles anything it sees.
base5-21,Dark Charizard,Team Rocket,False,https://images.pokemontcg.io/base5/21_hires.png,Base,4/24/2000,Rare,['Fire'],['Stage 2'],80,38,"Seemingly possessed, it spews fire like a volcano, trying to burn all it sees."
base5-22,Dark Dragonite,Team Rocket,False,https://images.pokemontcg.io/base5/22_hires.png,Base,4/24/2000,Rare,['Colorless'],['Stage 2'],70,33,"Sometimes called ""The God of Destruction."" Its wings are able to support it in spite of its massive weight."
base5-23,Dark Dugtrio,Team Rocket,False,https://images.pokemontcg.io/base5/23_hires.png,Base,4/24/2000,Rare,['Fighting'],['Stage 1'],50,18,Digs large sinkholes in the ground and tries to trap its enemies in them.
base5-24,Dark Golbat,Team Rocket,False,https://images.pokemontcg.io/base5/24_hires.png,Base,4/24/2000,Rare,['Grass'],['Stage 1'],50,25,"Sneaks up silently on its prey and attacks it from behind, sometimes killing it with one bite."
base5-25,Dark Gyarados,Team Rocket,False,https://images.pokemontcg.io/base5/25_hires.png,Base,4/24/2000,Rare,['Water'],['Stage 1'],70,31,"Normally found only in the deep ocean, it has recently been seen in shallow waters as well."
base5-26,Dark Hypno,Team Rocket,False,https://images.pokemontcg.io/base5/26_hires.png,Base,4/24/2000,Rare,['Psychic'],['Stage 1'],60,26,Carries a pendulum with it always. Sometimes appears near less-traveled roads and schools at dusk.
base5-27,Dark Machamp,Team Rocket,False,https://images.pokemontcg.io/base5/27_hires.png,Base,4/24/2000,Rare,['Fighting'],['Stage 2'],70,30,It is almost impossible to defend against a Machamp's four powerful arms.
base5-28,Dark Magneton,Team Rocket,False,https://images.pokemontcg.io/base5/28_hires.png,Base,4/24/2000,Rare,['Lightning'],['Stage 1'],60,26,The number of incidents of hackers using Magnetons to damage computer systems is steadily increasing.
base5-29,Dark Slowbro,Team Rocket,False,https://images.pokemontcg.io/base5/29_hires.png,Base,4/24/2000,Rare,['Psychic'],['Stage 1'],60,27,"It loves nothing better than to be left alone, and so sometimes ends up being manipulated by unscrupulous people."
base5-30,Dark Vileplume,Team Rocket,False,https://images.pokemontcg.io/base5/30_hires.png,Base,4/24/2000,Rare,['Grass'],['Stage 2'],60,29,"Perhaps because of their strong-smelling pollen, other Pokémon do not approach areas where Vileplumes live."
base5-31,Dark Weezing,Team Rocket,False,https://images.pokemontcg.io/base5/31_hires.png,Base,4/24/2000,Rare,['Grass'],['Stage 1'],60,24,Researchers have observed these Pokémon reproducing in industrial waste sites.
base5-32,Dark Charmeleon,Team Rocket,False,https://images.pokemontcg.io/base5/32_hires.png,Base,4/24/2000,Uncommon,['Fire'],['Stage 1'],50,23,"Its tail is incredibly strong, able to lift up to 5 adult men."
base5-33,Dark Dragonair,Team Rocket,False,https://images.pokemontcg.io/base5/33_hires.png,Base,4/24/2000,Uncommon,['Colorless'],['Stage 1'],60,28,"As is fitting for a legendary Pokémon, it has many strange powers, including the ability to make rain or snow fall."
base5-34,Dark Electrode,Team Rocket,False,https://images.pokemontcg.io/base5/34_hires.png,Base,4/24/2000,Uncommon,['Lightning'],['Stage 1'],60,24,Some researchers hypothesize that Electrode may actually be a form of energy instead of having an actual body.
base5-35,Dark Flareon,Team Rocket,False,https://images.pokemontcg.io/base5/35_hires.png,Base,4/24/2000,Uncommon,['Fire'],['Stage 1'],50,23,A Pokémon with a hot temper that can't be controlled once it's angered. Capable of breathing flames hotter than 3000°.
base5-36,Dark Gloom,Team Rocket,False,https://images.pokemontcg.io/base5/36_hires.png,Base,4/24/2000,Uncommon,['Grass'],['Stage 1'],50,21,Its pollen has such a strong smell that it even confuses itself at times.
base5-37,Dark Golduck,Team Rocket,False,https://images.pokemontcg.io/base5/37_hires.png,Base,4/24/2000,Uncommon,['Water'],['Stage 1'],60,23,"When Psyducks evolve, their headaches disappear and they find themselves in possession of formidable mental powers."
base5-38,Dark Jolteon,Team Rocket,False,https://images.pokemontcg.io/base5/38_hires.png,Base,4/24/2000,Uncommon,['Lightning'],['Stage 1'],50,23,A dangerous Pokémon when angered. It likes to playfully shock people with the electricity it stores within its body.
base5-39,Dark Kadabra,Team Rocket,False,https://images.pokemontcg.io/base5/39_hires.png,Base,4/24/2000,Uncommon,['Psychic'],['Stage 1'],50,24,Some people say that Kadabras are responsible for many of the mysterious events reported in the news.
base5-40,Dark Machoke,Team Rocket,False,https://images.pokemontcg.io/base5/40_hires.png,Base,4/24/2000,Uncommon,['Fighting'],['Stage 1'],60,28,"While normally peaceful and friendly, the number of incidents involving cruel Machokes is rising."
base5-41,Dark Muk,Team Rocket,False,https://images.pokemontcg.io/base5/41_hires.png,Base,4/24/2000,Uncommon,['Grass'],['Stage 1'],60,25,"Muks appear suddenly, spreading sludge everywhere. Whenever one appears in a city, panic ensues."
base5-42,Dark Persian,Team Rocket,False,https://images.pokemontcg.io/base5/42_hires.png,Base,4/24/2000,Uncommon,['Colorless'],['Stage 1'],60,28,Popular with women because of its beautiful fur. The leader of the Rockets keeps one as a pet.
base5-43,Dark Primeape,Team Rocket,False,https://images.pokemontcg.io/base5/43_hires.png,Base,4/24/2000,Uncommon,['Fighting'],['Stage 1'],60,23,"Although Primeapes have always been mean, lately they seem to be becoming even more vicious and frenzied."
base5-44,Dark Rapidash,Team Rocket,False,https://images.pokemontcg.io/base5/44_hires.png,Base,4/24/2000,Uncommon,['Fire'],['Stage 1'],60,24,"A wild, uncontrollable Pokémon. When running, it looks like a comet streaking through the sky."
base5-45,Dark Vaporeon,Team Rocket,False,https://images.pokemontcg.io/base5/45_hires.png,Base,4/24/2000,Uncommon,['Water'],['Stage 1'],60,28,"A Pokémon capable of controlling water, so it is capable of creating giant whirlpools."
base5-46,Dark Wartortle,Team Rocket,False,https://images.pokemontcg.io/base5/46_hires.png,Base,4/24/2000,Uncommon,['Water'],['Stage 1'],60,21,"A Pokémon with a negative attitude, it hides in its shell whenever it's in a bad mood—which is often."
base5-47,Magikarp,Team Rocket,False,https://images.pokemontcg.io/base5/47_hires.png,Base,4/24/2000,Uncommon,['Water'],['Basic'],30,6,Recent research has revealed the presence of dragon DNA in this species of Pokémon.
base5-48,Porygon,Team Rocket,False,https://images.pokemontcg.io/base5/48_hires.png,Base,4/24/2000,Uncommon,['Colorless'],['Basic'],40,26,"More and more people play the slots every day, trying to win a Porygon."
base5-49,Abra,Team Rocket,False,https://images.pokemontcg.io/base5/49_hires.png,Base,4/24/2000,Common,['Psychic'],['Basic'],40,14,"It teleports itself away from danger, making it difficult to capture."
base5-50,Charmander,Team Rocket,False,https://images.pokemontcg.io/base5/50_hires.png,Base,4/24/2000,Common,['Fire'],['Basic'],40,9,"Many people find it cute and try to hold it, only to be burned by its tail."
base5-51,Dark Raticate,Team Rocket,False,https://images.pokemontcg.io/base5/51_hires.png,Base,4/24/2000,Common,['Colorless'],['Stage 1'],50,25,A Raticate's front teeth are incredibly powerful; it can destroy a two-story house with them in 5 minutes.
base5-52,Diglett,Team Rocket,False,https://images.pokemontcg.io/base5/52_hires.png,Base,4/24/2000,Common,['Fighting'],['Basic'],40,15,"It follows Onixes in their tunnels, looking for scraps of food they have left behind."
base5-53,Dratini,Team Rocket,False,https://images.pokemontcg.io/base5/53_hires.png,Base,4/24/2000,Common,['Colorless'],['Basic'],40,12,The capture of the first Dratini inspired the search for other legendary Pokémon.
base5-54,Drowzee,Team Rocket,False,https://images.pokemontcg.io/base5/54_hires.png,Base,4/24/2000,Common,['Psychic'],['Basic'],50,10,Not popular with girls because of its attitude. Can often be heard muttering to itself in a low voice.
base5-55,Eevee,Team Rocket,False,https://images.pokemontcg.io/base5/55_hires.png,Base,4/24/2000,Common,['Colorless'],['Basic'],40,9,"A rare and unique Pokémon about which little is known, as few have been captured."
base5-56,Ekans,Team Rocket,False,https://images.pokemontcg.io/base5/56_hires.png,Base,4/24/2000,Common,['Grass'],['Basic'],50,15,A carnivore that swallows its prey whole. Pidgeys and Spearows are its favorite food.
base5-57,Grimer,Team Rocket,False,https://images.pokemontcg.io/base5/57_hires.png,Base,4/24/2000,Common,['Grass'],['Basic'],40,10,"It has recently been found that Grimers are formed in waste-processing plants, and can move into towns via sewers."
base5-58,Koffing,Team Rocket,False,https://images.pokemontcg.io/base5/58_hires.png,Base,4/24/2000,Common,['Grass'],['Basic'],40,12,"First discovered in a weapons factory, this Pokémon can now be found almost anywhere."
base5-59,Machop,Team Rocket,False,https://images.pokemontcg.io/base5/59_hires.png,Base,4/24/2000,Common,['Fighting'],['Basic'],50,24,It's said that not even pro wrestlers can take down a Machop.
base5-60,Magnemite,Team Rocket,False,https://images.pokemontcg.io/base5/60_hires.png,Base,4/24/2000,Common,['Lightning'],['Basic'],40,12,"It is said that enough Magnemites and Magnetons gather in one place, they can create a powerful magnetic barrier."
base5-61,Mankey,Team Rocket,False,https://images.pokemontcg.io/base5/61_hires.png,Base,4/24/2000,Common,['Fighting'],['Basic'],40,14,"Normally friendly, it quickly becomes angry if it doesn't get what it wants."
base5-62,Meowth,Team Rocket,False,https://images.pokemontcg.io/base5/62_hires.png,Base,4/24/2000,Common,['Colorless'],['Basic'],40,10,"A popular Pokémon that earns money for its owner with its ""Pay Day"" ability."
base5-63,Oddish,Team Rocket,False,https://images.pokemontcg.io/base5/63_hires.png,Base,4/24/2000,Common,['Grass'],['Basic'],50,21,It wanders around at night sowing its seeds to create more Oddishes.
base5-64,Ponyta,Team Rocket,False,https://images.pokemontcg.io/base5/64_hires.png,Base,4/24/2000,Common,['Fire'],['Basic'],50,15,"A gentle grass-eater, it will allow riders on its back. However, anyone attempting to do so must be careful not to get burned."
base5-65,Psyduck,Team Rocket,False,https://images.pokemontcg.io/base5/65_hires.png,Base,4/24/2000,Common,['Water'],['Basic'],50,16,"It is often seen holding its head in its paws, as if it were suffering from a headache."
base5-66,Rattata,Team Rocket,False,https://images.pokemontcg.io/base5/66_hires.png,Base,4/24/2000,Common,['Colorless'],['Basic'],40,12,"Loves to eat walnuts, chestnuts, cheese, and milk."
base5-67,Slowpoke,Team Rocket,False,https://images.pokemontcg.io/base5/67_hires.png,Base,4/24/2000,Common,['Psychic'],['Basic'],50,16,"Although it knows how to fish, no other intelligent behavior has been detected in it."
base5-68,Squirtle,Team Rocket,False,https://images.pokemontcg.io/base5/68_hires.png,Base,4/24/2000,Common,['Water'],['Basic'],50,16,Cute Pokémon that charms people with its innocent eyes. Loves swimming all day long.
base5-69,Voltorb,Team Rocket,False,https://images.pokemontcg.io/base5/69_hires.png,Base,4/24/2000,Common,['Lightning'],['Basic'],40,13,"Usually seen only in power plants, it is sometimes seen in towns, apparently using the power lines to travel."
base5-70,Zubat,Team Rocket,False,https://images.pokemontcg.io/base5/70_hires.png,Base,4/24/2000,Common,['Grass'],['Basic'],40,9,"Lives in dark caves. Can occasionally be seen at night, when it flies in search of food."
base5-83,Dark Raichu,Team Rocket,False,https://images.pokemontcg.io/base5/83_hires.png,Base,4/24/2000,Rare Secret,['Lightning'],['Stage 1'],70,31,"Stores up electricity in its body, then suddenly releases it to surprise and shock everyone."
neo1-1,Ampharos,Neo Genesis,False,https://images.pokemontcg.io/neo1/1_hires.png,Neo,12/16/2000,Rare Holo,['Lightning'],['Stage 2'],80,40,The tail's tip shines brightly and can be seen from far away. It acts as a beacon for lost people.
neo1-2,Azumarill,Neo Genesis,False,https://images.pokemontcg.io/neo1/2_hires.png,Neo,12/16/2000,Rare Holo,['Water'],['Stage 1'],70,29,"By keeping still and listening intently, it can tell what is in even wild, fast-moving rivers."
neo1-3,Bellossom,Neo Genesis,False,https://images.pokemontcg.io/neo1/3_hires.png,Neo,12/16/2000,Rare Holo,['Grass'],['Stage 2'],70,36,"Plentiful in the tropics. When it dances, its petals rub together and make a pleasant ringing sound."
neo1-4,Feraligatr,Neo Genesis,False,https://images.pokemontcg.io/neo1/4_hires.png,Neo,12/16/2000,Rare Holo,['Water'],['Stage 2'],100,56,"When it bites with its massive and powerful jaws, it shakes its head and savagely tears its victim up."
neo1-5,Feraligatr,Neo Genesis,False,https://images.pokemontcg.io/neo1/5_hires.png,Neo,12/16/2000,Rare Holo,['Water'],['Stage 2'],120,69,"It is hard for it to support its own weight out of water, so it gets down on all fours. But it moves fast."
neo1-6,Heracross,Neo Genesis,False,https://images.pokemontcg.io/neo1/6_hires.png,Neo,12/16/2000,Rare Holo,['Grass'],['Basic'],60,28,"This powerful Pokémon thrusts its prized horn under its enemies' bellies, then lifts and throws them."
neo1-7,Jumpluff,Neo Genesis,False,https://images.pokemontcg.io/neo1/7_hires.png,Neo,12/16/2000,Rare Holo,['Grass'],['Stage 2'],70,35,"Once it catches the wind, it deftly controls its cotton-puff spores to float, even around the world."
neo1-8,Kingdra,Neo Genesis,False,https://images.pokemontcg.io/neo1/8_hires.png,Neo,12/16/2000,Rare Holo,['Water'],['Stage 2'],90,50,It is said that it usually hides in underwater caves. It can create whirlpools by yawning.
neo1-9,Lugia,Neo Genesis,False,https://images.pokemontcg.io/neo1/9_hires.png,Neo,12/16/2000,Rare Holo,['Colorless'],['Basic'],90,45,"It is said that it quietly spends its time deep at the bottom of the sea, because its powers are too strong."
neo1-10,Meganium,Neo Genesis,False,https://images.pokemontcg.io/neo1/10_hires.png,Neo,12/16/2000,Rare Holo,['Grass'],['Stage 2'],100,54,Meganium's breath has the power to revive dead grass and plants. It can make them healthy again.
neo1-11,Meganium,Neo Genesis,False,https://images.pokemontcg.io/neo1/11_hires.png,Neo,12/16/2000,Rare Holo,['Grass'],['Stage 2'],100,57,The aroma that rises from its petals contains a substance that calms aggressive feelings.
neo1-12,Pichu,Neo Genesis,False,https://images.pokemontcg.io/neo1/12_hires.png,Neo,12/16/2000,Rare Holo,['Lightning'],['Baby'],30,5,"Despite its small size, it can zap even adult humans. However, if it does so, it also surprises itself."
neo1-13,Skarmory,Neo Genesis,False,https://images.pokemontcg.io/neo1/13_hires.png,Neo,12/16/2000,Rare Holo,['Metal'],['Basic'],60,30,"Its sturdy wings look heavy, but they are actually hollow and light, allowing it to fly freely in the sky."
neo1-14,Slowking,Neo Genesis,False,https://images.pokemontcg.io/neo1/14_hires.png,Neo,12/16/2000,Rare Holo,['Psychic'],['Stage 1'],80,39,"When its head was bitten, toxins entered Slowpoke's head and unlocked an extraordinary power."
neo1-15,Steelix,Neo Genesis,False,https://images.pokemontcg.io/neo1/15_hires.png,Neo,12/16/2000,Rare Holo,['Metal'],['Stage 1'],110,64,"Its body has been compressed deep under the ground. As a result, it is even harder than a diamond."
neo1-16,Togetic,Neo Genesis,False,https://images.pokemontcg.io/neo1/16_hires.png,Neo,12/16/2000,Rare Holo,['Colorless'],['Stage 1'],60,31,"They say that it will appear before kindhearted, caring people and shower them with happiness."
neo1-17,Typhlosion,Neo Genesis,False,https://images.pokemontcg.io/neo1/17_hires.png,Neo,12/16/2000,Rare Holo,['Fire'],['Stage 2'],100,55,"If its rage peaks, it becomes so hot that anything that touches it will instantly go up in flames."
neo1-18,Typhlosion,Neo Genesis,False,https://images.pokemontcg.io/neo1/18_hires.png,Neo,12/16/2000,Rare Holo,['Fire'],['Stage 2'],100,57,"It has a secret, devastating move. It rubs its blazing fur together to cause huge explosions."
neo1-20,Cleffa,Neo Genesis,False,https://images.pokemontcg.io/neo1/20_hires.png,Neo,12/16/2000,Rare,['Colorless'],['Baby'],30,6,"Because of its unusual, star-like silhouette, people believe that it came here on a meteor."
neo1-21,Donphan,Neo Genesis,False,https://images.pokemontcg.io/neo1/21_hires.png,Neo,12/16/2000,Rare,['Fighting'],['Stage 1'],70,34,"It has sharp, hard tusks and a rugged hide. Its tackle is strong enough to knock down a house."
neo1-22,Elekid,Neo Genesis,False,https://images.pokemontcg.io/neo1/22_hires.png,Neo,12/16/2000,Rare,['Lightning'],['Baby'],30,6,"It rotates its arms to generate electricity, but it tires easily, so it charges up only a little bit."
neo1-23,Magby,Neo Genesis,False,https://images.pokemontcg.io/neo1/23_hires.png,Neo,12/16/2000,Rare,['Fire'],['Baby'],30,5,"Each and every time it inhales and exhales, hot embers dribble out of its mouth and nostrils."
neo1-24,Murkrow,Neo Genesis,False,https://images.pokemontcg.io/neo1/24_hires.png,Neo,12/16/2000,Rare,['Darkness'],['Basic'],50,25,"It is said that when chased, it lures its attacker onto dark mountain trails where the foe will get lost."
neo1-25,Sneasel,Neo Genesis,False,https://images.pokemontcg.io/neo1/25_hires.png,Neo,12/16/2000,Rare,['Darkness'],['Basic'],60,34,"Its paws conceal sharp claws. If attacked, it suddenly extends the claws and startles its enemy."
neo1-26,Aipom,Neo Genesis,False,https://images.pokemontcg.io/neo1/26_hires.png,Neo,12/16/2000,Uncommon,['Colorless'],['Basic'],40,18,Its tail is so powerful that it can use it to grab a tree branch and hold itself up in the air.
neo1-27,Ariados,Neo Genesis,False,https://images.pokemontcg.io/neo1/27_hires.png,Neo,12/16/2000,Uncommon,['Grass'],['Stage 1'],60,29,It spins string not only from its rear but also from its mouth. It's hard to tell which end is which.
neo1-28,Bayleef,Neo Genesis,False,https://images.pokemontcg.io/neo1/28_hires.png,Neo,12/16/2000,Uncommon,['Grass'],['Stage 1'],70,38,A spicy aroma emanates from around its neck. The aroma acts as a stimulant to restore health.
neo1-29,Bayleef,Neo Genesis,False,https://images.pokemontcg.io/neo1/29_hires.png,Neo,12/16/2000,Uncommon,['Grass'],['Stage 1'],80,39,"The scent of spices comes from around its neck. Somehow, sniffing it makes you want to fight."
neo1-30,Clefairy,Neo Genesis,False,https://images.pokemontcg.io/neo1/30_hires.png,Neo,12/16/2000,Uncommon,['Colorless'],['Basic'],50,19,The moonlight that it stores in the wings on its back apparently gives it the ability to float in midair.
neo1-31,Croconaw,Neo Genesis,False,https://images.pokemontcg.io/neo1/31_hires.png,Neo,12/16/2000,Uncommon,['Water'],['Stage 1'],70,34,"If it loses a fang, a new one grows back in its place. There are always 48 fangs lining its mouth."
neo1-32,Croconaw,Neo Genesis,False,https://images.pokemontcg.io/neo1/32_hires.png,Neo,12/16/2000,Uncommon,['Water'],['Stage 1'],80,41,"It opens its huge jaws wide when attacking. If it loses any fangs while biting, they grow back in."
neo1-33,Electabuzz,Neo Genesis,False,https://images.pokemontcg.io/neo1/33_hires.png,Neo,12/16/2000,Uncommon,['Lightning'],['Basic'],70,38,"Electricity runs across the surface of its body. In darkness, its entire body glows a whitish-blue."
neo1-34,Flaaffy,Neo Genesis,False,https://images.pokemontcg.io/neo1/34_hires.png,Neo,12/16/2000,Uncommon,['Lightning'],['Stage 1'],60,26,"As a result of storing too much electricity, it developed patches where even downy wool won't grow."
neo1-35,Furret,Neo Genesis,False,https://images.pokemontcg.io/neo1/35_hires.png,Neo,12/16/2000,Uncommon,['Colorless'],['Stage 1'],60,27,It makes a nest to suit its long and skinny body. The nest is impossible for other Pokémon to enter.
neo1-36,Gloom,Neo Genesis,False,https://images.pokemontcg.io/neo1/36_hires.png,Neo,12/16/2000,Uncommon,['Grass'],['Stage 1'],60,26,What appears to be drool is actually sweet honey. It is very sticky and clings stubbornly if touched.
neo1-37,Granbull,Neo Genesis,False,https://images.pokemontcg.io/neo1/37_hires.png,Neo,12/16/2000,Uncommon,['Colorless'],['Stage 1'],70,33,"It is actually timid and easily spooked. If attacked, it flails about to fend off its attacker."
neo1-38,Lanturn,Neo Genesis,False,https://images.pokemontcg.io/neo1/38_hires.png,Neo,12/16/2000,Uncommon,['Lightning'],['Stage 1'],70,26,The light it emits is so bright that it can illuminate the sea's surface from a depth of over three miles.
neo1-39,Ledian,Neo Genesis,False,https://images.pokemontcg.io/neo1/39_hires.png,Neo,12/16/2000,Uncommon,['Grass'],['Stage 1'],60,32,"When the stars flicker in the night sky, Ledian flutters about, scattering a glowing powder."
neo1-40,Magmar,Neo Genesis,False,https://images.pokemontcg.io/neo1/40_hires.png,Neo,12/16/2000,Uncommon,['Fire'],['Basic'],70,37,"It dislikes cold places, so it blows scorching flames to make the environment suitable for itself."
neo1-41,Miltank,Neo Genesis,False,https://images.pokemontcg.io/neo1/41_hires.png,Neo,12/16/2000,Uncommon,['Colorless'],['Basic'],70,32,"Its milk is packed with nutrition, making it the ultimate beverage for the sick or weary."
neo1-42,Noctowl,Neo Genesis,False,https://images.pokemontcg.io/neo1/42_hires.png,Neo,12/16/2000,Uncommon,['Colorless'],['Stage 1'],60,23,Its eyes are specially adapted. They concentrate even faint light and enable it to see in the dark.
neo1-43,Phanpy,Neo Genesis,False,https://images.pokemontcg.io/neo1/43_hires.png,Neo,12/16/2000,Uncommon,['Fighting'],['Basic'],40,11,"It swings its long snout around playfully, but, because it is so strong, that can be dangerous."
neo1-44,Piloswine,Neo Genesis,False,https://images.pokemontcg.io/neo1/44_hires.png,Neo,12/16/2000,Uncommon,['Water'],['Stage 1'],80,36,"Because the long hair all over its body obscures its sight, it just keeps charging repeatedly."
neo1-45,Quagsire,Neo Genesis,False,https://images.pokemontcg.io/neo1/45_hires.png,Neo,12/16/2000,Uncommon,['Water'],['Stage 1'],70,33,"Due to its relaxed and carefree attitude, it often bumps its head on boulders and boat hulls as it swims."
neo1-46,Quilava,Neo Genesis,False,https://images.pokemontcg.io/neo1/46_hires.png,Neo,12/16/2000,Uncommon,['Fire'],['Stage 1'],60,28,This Pokémon is fully covered by nonflammable fur. It can withstand any kind of fire attack.
neo1-47,Quilava,Neo Genesis,False,https://images.pokemontcg.io/neo1/47_hires.png,Neo,12/16/2000,Uncommon,['Fire'],['Stage 1'],70,35,Be careful if it turns its back during battle. It means that it will attack with the fire on its back.
neo1-48,Seadra,Neo Genesis,False,https://images.pokemontcg.io/neo1/48_hires.png,Neo,12/16/2000,Uncommon,['Water'],['Stage 1'],70,36,An examination of its cells revealed the presence of a gene not found in Horsea. It became a hot topic.
neo1-49,Skiploom,Neo Genesis,False,https://images.pokemontcg.io/neo1/49_hires.png,Neo,12/16/2000,Uncommon,['Grass'],['Stage 1'],60,28,The bloom on top of its head opens and closes as the temperature fluctuates up and down.
neo1-50,Sunflora,Neo Genesis,False,https://images.pokemontcg.io/neo1/50_hires.png,Neo,12/16/2000,Uncommon,['Grass'],['Stage 1'],70,36,"It converts sunlight into energy. In the darkness after sunset, it closes its petals and becomes still."
neo1-51,Togepi,Neo Genesis,False,https://images.pokemontcg.io/neo1/51_hires.png,Neo,12/16/2000,Uncommon,['Colorless'],['Basic'],40,14,A proverb claims that happiness will come to anyone who can make a sleeping Togepi stand up.
neo1-52,Xatu,Neo Genesis,False,https://images.pokemontcg.io/neo1/52_hires.png,Neo,12/16/2000,Uncommon,['Psychic'],['Stage 1'],80,10,They say that it stays still and quiet because it is seeing both the past and future at the same time.
neo1-53,Chikorita,Neo Genesis,False,https://images.pokemontcg.io/neo1/53_hires.png,Neo,12/16/2000,Common,['Grass'],['Basic'],40,12,A sweet aroma gently wafts from the leaf on its head. It is docile and loves to soak up the sun's rays.
neo1-54,Chikorita,Neo Genesis,False,https://images.pokemontcg.io/neo1/54_hires.png,Neo,12/16/2000,Common,['Grass'],['Basic'],50,19,Its pleasantly aromatic leaf has the ability to check the humidity and temperature.
neo1-55,Chinchou,Neo Genesis,False,https://images.pokemontcg.io/neo1/55_hires.png,Neo,12/16/2000,Common,['Lightning'],['Basic'],50,12,It shoots positive and negative electricity between the tips of its two antennae and zaps its enemies.
neo1-56,Cyndaquil,Neo Genesis,False,https://images.pokemontcg.io/neo1/56_hires.png,Neo,12/16/2000,Common,['Fire'],['Basic'],40,14,"It usually stays hunched over. If it is angry or surprised, it shoots flames out of its back."
neo1-57,Cyndaquil,Neo Genesis,False,https://images.pokemontcg.io/neo1/57_hires.png,Neo,12/16/2000,Common,['Fire'],['Basic'],50,21,"It is timid and always curls itself up in a ball. If attacked, it flares up its back for protection."
neo1-58,Girafarig,Neo Genesis,False,https://images.pokemontcg.io/neo1/58_hires.png,Neo,12/16/2000,Common,['Psychic'],['Basic'],60,20,"Its tail has a small brain of its own. Beware! If you get close, it may react to your scent and bite."
neo1-59,Gligar,Neo Genesis,False,https://images.pokemontcg.io/neo1/59_hires.png,Neo,12/16/2000,Common,['Fighting'],['Basic'],60,31,"It flies straight at its target's face, then clamps down on the startled victim to inject poison."
neo1-60,Hoothoot,Neo Genesis,False,https://images.pokemontcg.io/neo1/60_hires.png,Neo,12/16/2000,Common,['Colorless'],['Basic'],50,17,It always stands on one foot. It changes feet so fast that the movement can rarely be seen.
neo1-61,Hoppip,Neo Genesis,False,https://images.pokemontcg.io/neo1/61_hires.png,Neo,12/16/2000,Common,['Grass'],['Basic'],50,21,"To keep from being blown away by the wind, they gather in clusters. They do enjoy gentle breezes, though."
neo1-62,Horsea,Neo Genesis,False,https://images.pokemontcg.io/neo1/62_hires.png,Neo,12/16/2000,Common,['Water'],['Basic'],50,22,"If attacked by a larger enemy, it quickly swims to safety by adeptly controlling its dorsal fin."
neo1-63,Ledyba,Neo Genesis,False,https://images.pokemontcg.io/neo1/63_hires.png,Neo,12/16/2000,Common,['Grass'],['Basic'],40,19,"It is very timid. It's afraid to move if alone, but it's active if in a group."
neo1-64,Mantine,Neo Genesis,False,https://images.pokemontcg.io/neo1/64_hires.png,Neo,12/16/2000,Common,['Water'],['Basic'],60,31,"Swimming freely in open seas, it may fly out of the water and over the waves if it builds up enough speed."
neo1-65,Mareep,Neo Genesis,False,https://images.pokemontcg.io/neo1/65_hires.png,Neo,12/16/2000,Common,['Lightning'],['Basic'],40,12,"If static electricity builds in its body, its fleece doubles in volume. Touching it will shock you."
neo1-66,Marill,Neo Genesis,False,https://images.pokemontcg.io/neo1/66_hires.png,Neo,12/16/2000,Common,['Water'],['Basic'],40,9,"The end of its tail serves as a buoy that keeps it from drowning, even in a vicious current."
neo1-67,Natu,Neo Genesis,False,https://images.pokemontcg.io/neo1/67_hires.png,Neo,12/16/2000,Common,['Psychic'],['Basic'],30,10,"Because its wings aren't yet fully grown, it has to hop to get around. It is always staring at something."
neo1-68,Oddish,Neo Genesis,False,https://images.pokemontcg.io/neo1/68_hires.png,Neo,12/16/2000,Common,['Grass'],['Basic'],40,7,"Awakened by moonlight, it roams actively at night. In the day it stays quietly underground."
neo1-69,Onix,Neo Genesis,False,https://images.pokemontcg.io/neo1/69_hires.png,Neo,12/16/2000,Common,['Fighting'],['Basic'],60,22,It twists and squirms through the ground. The thunderous roar of its tunneling echoes a long way.
neo1-70,Pikachu,Neo Genesis,False,https://images.pokemontcg.io/neo1/70_hires.png,Neo,12/16/2000,Common,['Lightning'],['Basic'],50,15,It raises its tail to check its surroundings. The tail is sometimes struck by lightning in this pose.
neo1-71,Sentret,Neo Genesis,False,https://images.pokemontcg.io/neo1/71_hires.png,Neo,12/16/2000,Common,['Colorless'],['Basic'],40,13,"A very cautious Pokémon, it raises itself up using its tail to get a better view of its surroundings."
neo1-72,Shuckle,Neo Genesis,False,https://images.pokemontcg.io/neo1/72_hires.png,Neo,12/16/2000,Common,['Grass'],['Basic'],50,32,The Berries it stores in its vaselike shell decompose and become a gooey liquid.
neo1-73,Slowpoke,Neo Genesis,False,https://images.pokemontcg.io/neo1/73_hires.png,Neo,12/16/2000,Common,['Psychic'],['Basic'],50,20,"It lazes vacantly near water. If something bites its tail, it won't even notice for a whole day."
neo1-74,Snubbull,Neo Genesis,False,https://images.pokemontcg.io/neo1/74_hires.png,Neo,12/16/2000,Common,['Colorless'],['Basic'],50,19,"Although it looks frightening, it is actually kind and affectionate. It is very popular."
neo1-75,Spinarak,Neo Genesis,False,https://images.pokemontcg.io/neo1/75_hires.png,Neo,12/16/2000,Common,['Grass'],['Basic'],40,15,"It lies still in the same pose for days in its web, waiting for its unsuspecting prey to wander close."
neo1-76,Stantler,Neo Genesis,False,https://images.pokemontcg.io/neo1/76_hires.png,Neo,12/16/2000,Common,['Colorless'],['Basic'],60,27,The curved antlers subtly change the flow of air to create a strange space where reality is distorted.
neo1-77,Sudowoodo,Neo Genesis,False,https://images.pokemontcg.io/neo1/77_hires.png,Neo,12/16/2000,Common,['Fighting'],['Basic'],60,29,"Although it always pretends to be a tree, its composition appears to be closer to a rock than a plant."
neo1-78,Sunkern,Neo Genesis,False,https://images.pokemontcg.io/neo1/78_hires.png,Neo,12/16/2000,Common,['Grass'],['Basic'],40,16,"It may drop out of the sky suddenly. If attacked by a Spearow, it violently shakes its leaves."
neo1-79,Swinub,Neo Genesis,False,https://images.pokemontcg.io/neo1/79_hires.png,Neo,12/16/2000,Common,['Water'],['Basic'],40,8,It rubs its snout on the ground to find and dig up food. It sometimes discovers hot springs.
neo1-80,Totodile,Neo Genesis,False,https://images.pokemontcg.io/neo1/80_hires.png,Neo,12/16/2000,Common,['Water'],['Basic'],40,13,It is small but rough and tough. It won't hesitate to take a bite out of anything that moves.
neo1-81,Totodile,Neo Genesis,False,https://images.pokemontcg.io/neo1/81_hires.png,Neo,12/16/2000,Common,['Water'],['Basic'],50,20,Its well-developed jaws are powerful and capable of crushing anything. Even its trainer must be careful.
neo1-82,Wooper,Neo Genesis,False,https://images.pokemontcg.io/neo1/82_hires.png,Neo,12/16/2000,Common,['Water'],['Basic'],50,18,This Pokémon lives in cold water. It leaves the water to search for food when it gets cold outside.
neo2-1,Espeon,Neo Discovery,False,https://images.pokemontcg.io/neo2/1_hires.png,Neo,6/1/2001,Rare Holo,['Psychic'],['Stage 1'],80,41,It uses the fine hair that covers its body to sense air currents and predict its enemy's actions.
neo2-2,Forretress,Neo Discovery,False,https://images.pokemontcg.io/neo2/2_hires.png,Neo,6/1/2001,Rare Holo,['Metal'],['Stage 1'],80,40,Its entire body is shielded by a steel-hard shell. What lurks inside the armor is a total mystery.
neo2-3,Hitmontop,Neo Discovery,False,https://images.pokemontcg.io/neo2/3_hires.png,Neo,6/1/2001,Rare Holo,['Fighting'],['Basic'],60,31,"If you become enchanted by its smooth, elegant, dancelike kicks, you may get drilled hard."
neo2-4,Houndoom,Neo Discovery,False,https://images.pokemontcg.io/neo2/4_hires.png,Neo,6/1/2001,Rare Holo,['Darkness'],['Stage 1'],70,37,"Upon hearing its eerie howls, other Pokémon get the shivers and head straight back to their nests."
neo2-5,Houndour,Neo Discovery,False,https://images.pokemontcg.io/neo2/5_hires.png,Neo,6/1/2001,Rare Holo,['Fire'],['Basic'],50,22,"To corner prey, they check each other's location using barks that only they can understand."
neo2-6,Kabutops,Neo Discovery,False,https://images.pokemontcg.io/neo2/6_hires.png,Neo,6/1/2001,Rare Holo,['Water'],['Stage 2'],90,42,"In the water, it tucks its limbs to become more compact, then it wiggles its shell to swim fast."
neo2-7,Magnemite,Neo Discovery,False,https://images.pokemontcg.io/neo2/7_hires.png,Neo,6/1/2001,Rare Holo,['Metal'],['Basic'],40,16,These Pokémon are attracted to electrical emissions and will often follow people using PokéGear.
neo2-8,Politoed,Neo Discovery,False,https://images.pokemontcg.io/neo2/8_hires.png,Neo,6/1/2001,Rare Holo,['Water'],['Stage 2'],100,53,"Whenever three or more of these get together, they sing in a loud voice that sounds like bellowing."
neo2-9,Poliwrath,Neo Discovery,False,https://images.pokemontcg.io/neo2/9_hires.png,Neo,6/1/2001,Rare Holo,['Fighting'],['Stage 2'],90,45,"Although an energetic, skilled swimmer that uses all of its muscles, it lives on dry land."
neo2-10,Scizor,Neo Discovery,False,https://images.pokemontcg.io/neo2/10_hires.png,Neo,6/1/2001,Rare Holo,['Metal'],['Stage 1'],80,43,It swings its eye patterned pincers up to scare its foes. This makes it look like it has three heads.
neo2-11,Smeargle,Neo Discovery,False,https://images.pokemontcg.io/neo2/11_hires.png,Neo,6/1/2001,Rare Holo,['Colorless'],['Basic'],50,27,A special fluid oozes from the tip of its tail. It paints the fluid everywhere to mark its territory.
neo2-12,Tyranitar,Neo Discovery,False,https://images.pokemontcg.io/neo2/12_hires.png,Neo,6/1/2001,Rare Holo,['Darkness'],['Stage 2'],100,54,"Its body can't be harmed by any sort of attack, so it is very eager to make challenges against enemies."
neo2-13,Umbreon,Neo Discovery,False,https://images.pokemontcg.io/neo2/13_hires.png,Neo,6/1/2001,Rare Holo,['Darkness'],['Stage 1'],80,40,"When darkness falls, the rings on the body begin to glow, striking fear in the hearts of anyone nearby."
neo2-14,Unown [A],Neo Discovery,False,https://images.pokemontcg.io/neo2/14_hires.png,Neo,6/1/2001,Rare Holo,['Psychic'],['Basic'],40,15,Their shapes look like hieroglyphs on ancient tablets. It is said that the two are somehow related.
neo2-15,Ursaring,Neo Discovery,False,https://images.pokemontcg.io/neo2/15_hires.png,Neo,6/1/2001,Rare Holo,['Colorless'],['Stage 1'],80,42,"Although it is a good climber, it prefers to snap trees with its forelegs and eat fallen berries."
neo2-16,Wobbuffet,Neo Discovery,False,https://images.pokemontcg.io/neo2/16_hires.png,Neo,6/1/2001,Rare Holo,['Psychic'],['Basic'],90,46,"To keep its pitch-black tail hidden, it lives quietly in the darkness. It is never first to attack."
neo2-17,Yanma,Neo Discovery,False,https://images.pokemontcg.io/neo2/17_hires.png,Neo,6/1/2001,Rare Holo,['Grass'],['Basic'],60,32,"If it flaps its wings really fast, it can generate shock waves that will shatter windows in the area."
neo2-18,Beedrill,Neo Discovery,False,https://images.pokemontcg.io/neo2/18_hires.png,Neo,6/1/2001,Rare,['Grass'],['Stage 2'],80,36,It can take down any opponent with its powerful poison stingers. It sometimes attacks in swarms.
neo2-19,Butterfree,Neo Discovery,False,https://images.pokemontcg.io/neo2/19_hires.png,Neo,6/1/2001,Rare,['Grass'],['Stage 2'],80,24,It collects honey every day. It rubs honey onto the hairs on its legs to carry it back to its nest.
neo2-20,Espeon,Neo Discovery,False,https://images.pokemontcg.io/neo2/20_hires.png,Neo,6/1/2001,Rare,['Psychic'],['Stage 1'],70,38,"By reading air currents, it can predict things such as the weather or its foe's next move."
neo2-21,Forretress,Neo Discovery,False,https://images.pokemontcg.io/neo2/21_hires.png,Neo,6/1/2001,Rare,['Metal'],['Stage 1'],80,40,Its entire body is shielded by a steel-hard shell. What lurks inside this shell is a total mystery.
neo2-22,Hitmontop,Neo Discovery,False,https://images.pokemontcg.io/neo2/22_hires.png,Neo,6/1/2001,Rare,['Fighting'],['Basic'],60,31,"If you become enchanted by its smooth, elegant, dancelike kicks, you may get drilled hard."
neo2-23,Houndoom,Neo Discovery,False,https://images.pokemontcg.io/neo2/23_hires.png,Neo,6/1/2001,Rare,['Darkness'],['Stage 1'],70,37,"Upon hearing its eerie howls, other Pokémon get the shivers and head straight back to their nests."
neo2-24,Houndour,Neo Discovery,False,https://images.pokemontcg.io/neo2/24_hires.png,Neo,6/1/2001,Rare,['Fire'],['Basic'],50,22,"To corner prey, they check each other's location using barks that only they can understand."
neo2-25,Kabutops,Neo Discovery,False,https://images.pokemontcg.io/neo2/25_hires.png,Neo,6/1/2001,Rare,['Water'],['Stage 2'],90,42,"In the water, it tucks its limbs to become more compact, then it wiggles its shell to swim fast."
neo2-26,Magnemite,Neo Discovery,False,https://images.pokemontcg.io/neo2/26_hires.png,Neo,6/1/2001,Rare,['Metal'],['Basic'],40,16,These Pokémon are attracted to electrical emissions and will often follow people using PokéGear.
neo2-27,Politoed,Neo Discovery,False,https://images.pokemontcg.io/neo2/27_hires.png,Neo,6/1/2001,Rare,['Water'],['Stage 2'],100,53,"Whenever three or more of these get together, they sing in a loud voice that sounds like bellowing."
neo2-28,Poliwrath,Neo Discovery,False,https://images.pokemontcg.io/neo2/28_hires.png,Neo,6/1/2001,Rare,['Fighting'],['Stage 2'],90,45,"Although an energetic, skilled swimmer that uses all of its muscles, it lives on dry land."
neo2-29,Scizor,Neo Discovery,False,https://images.pokemontcg.io/neo2/29_hires.png,Neo,6/1/2001,Rare,['Metal'],['Stage 1'],80,43,It swings its eye patterned pincers up to scare its foes. This makes it look like it has three heads.
neo2-30,Smeargle,Neo Discovery,False,https://images.pokemontcg.io/neo2/30_hires.png,Neo,6/1/2001,Rare,['Colorless'],['Basic'],50,27,A special fluid oozes from the tip of its tail. It paints the fluid everywhere to mark its territory.
neo2-31,Tyranitar,Neo Discovery,False,https://images.pokemontcg.io/neo2/31_hires.png,Neo,6/1/2001,Rare,['Darkness'],['Stage 2'],100,54,"Its body can't be harmed by any sort of attack, so it is very eager to make challenges against enemies."
neo2-32,Umbreon,Neo Discovery,False,https://images.pokemontcg.io/neo2/32_hires.png,Neo,6/1/2001,Rare,['Darkness'],['Stage 1'],70,33,"When agitated, this Pokémon protects itself by spraying poisonous sweat from its pores."
neo2-33,Unown [A],Neo Discovery,False,https://images.pokemontcg.io/neo2/33_hires.png,Neo,6/1/2001,Rare,['Psychic'],['Basic'],40,15,Their shapes look like hieroglyphs on ancient tablets. It is said that the two are somehow related.
neo2-34,Ursaring,Neo Discovery,False,https://images.pokemontcg.io/neo2/34_hires.png,Neo,6/1/2001,Rare,['Colorless'],['Stage 1'],80,42,"Although it is a good climber, it prefers to snap trees with its forelegs and eat fallen berries."
neo2-35,Wobbuffet,Neo Discovery,False,https://images.pokemontcg.io/neo2/35_hires.png,Neo,6/1/2001,Rare,['Psychic'],['Basic'],90,46,"To keep its pitch-black tail hidden, it lives quietly in the darkness. It is never first to attack."
neo2-36,Yanma,Neo Discovery,False,https://images.pokemontcg.io/neo2/36_hires.png,Neo,6/1/2001,Rare,['Grass'],['Basic'],60,32,"If it flaps its wings really fast, it can generate shock waves that will shatter windows in the area."
neo2-37,Corsola,Neo Discovery,False,https://images.pokemontcg.io/neo2/37_hires.png,Neo,6/1/2001,Uncommon,['Water'],['Basic'],50,27,It continuously sheds and grows. The tip of its head is prized as a treasure because of its beauty.
neo2-38,Eevee,Neo Discovery,False,https://images.pokemontcg.io/neo2/38_hires.png,Neo,6/1/2001,Uncommon,['Colorless'],['Basic'],50,14,Its irregularly configured DNA is affected by its surroundings. It evolves if its environment changes.
neo2-39,Houndour,Neo Discovery,False,https://images.pokemontcg.io/neo2/39_hires.png,Neo,6/1/2001,Uncommon,['Darkness'],['Basic'],40,15,It uses different kinds of cries for communicating with others of its kind and for pursuing its prey.
neo2-40,Igglybuff,Neo Discovery,False,https://images.pokemontcg.io/neo2/40_hires.png,Neo,6/1/2001,Uncommon,['Colorless'],['Baby'],30,6,"It has a very soft body. If it starts to roll, it will bounce all over and be impossible to stop."
neo2-41,Kakuna,Neo Discovery,False,https://images.pokemontcg.io/neo2/41_hires.png,Neo,6/1/2001,Uncommon,['Grass'],['Stage 1'],70,22,"Although it is a cocoon, it can move a little. It can extend its poison barb if it is attacked."
neo2-42,Metapod,Neo Discovery,False,https://images.pokemontcg.io/neo2/42_hires.png,Neo,6/1/2001,Uncommon,['Grass'],['Stage 1'],70,23,"Inside the shell, it is soft and weak as it prepares to evolve. It stays motionless in the shell."
neo2-43,Omastar,Neo Discovery,False,https://images.pokemontcg.io/neo2/43_hires.png,Neo,6/1/2001,Uncommon,['Fighting'],['Stage 2'],80,39,"Apparently, it cracked Shellder's shell with its sharp fangs and sucked out the insides."
neo2-44,Poliwhirl,Neo Discovery,False,https://images.pokemontcg.io/neo2/44_hires.png,Neo,6/1/2001,Uncommon,['Water'],['Stage 1'],70,35,The swirl on its belly undulates. Staring at it may gradually cause drowsiness.
neo2-45,Pupitar,Neo Discovery,False,https://images.pokemontcg.io/neo2/45_hires.png,Neo,6/1/2001,Uncommon,['Fighting'],['Stage 1'],70,32,"Its shell is as hard as sheet rock, and it is also very strong. Its thrashing can topple a mountain."
neo2-46,Scyther,Neo Discovery,False,https://images.pokemontcg.io/neo2/46_hires.png,Neo,6/1/2001,Uncommon,['Grass'],['Basic'],60,24,"It slashes through grass with its sharp scythes, moving too fast for the human eye to track."
neo2-47,Unown [D],Neo Discovery,False,https://images.pokemontcg.io/neo2/47_hires.png,Neo,6/1/2001,Uncommon,['Psychic'],['Basic'],40,14,Their shapes look like hieroglyphs on ancient tablets. It is said that the two are somehow related.
neo2-48,Unown [F],Neo Discovery,False,https://images.pokemontcg.io/neo2/48_hires.png,Neo,6/1/2001,Uncommon,['Psychic'],['Basic'],40,14,Their shapes look like hieroglyphs on ancient tablets. It is said that the two are somehow related.
neo2-49,Unown [M],Neo Discovery,False,https://images.pokemontcg.io/neo2/49_hires.png,Neo,6/1/2001,Uncommon,['Psychic'],['Basic'],40,14,Their shapes look like hieroglyphs on ancient tablets. It is said that the two are somehow related.
neo2-50,Unown [N],Neo Discovery,False,https://images.pokemontcg.io/neo2/50_hires.png,Neo,6/1/2001,Uncommon,['Psychic'],['Basic'],40,14,Their shapes look like hieroglyphs on ancient tablets. It is said that the two are somehow related.
neo2-51,Unown [U],Neo Discovery,False,https://images.pokemontcg.io/neo2/51_hires.png,Neo,6/1/2001,Uncommon,['Psychic'],['Basic'],40,14,Their shapes look like hieroglyphs on ancient tablets. It is said that the two are somehow related.
neo2-52,Xatu,Neo Discovery,False,https://images.pokemontcg.io/neo2/52_hires.png,Neo,6/1/2001,Uncommon,['Psychic'],['Stage 1'],70,38,"In South America, it is said that its right eye sees the future and its left eye views the past."
neo2-53,Caterpie,Neo Discovery,False,https://images.pokemontcg.io/neo2/53_hires.png,Neo,6/1/2001,Common,['Grass'],['Basic'],50,16,"For protection, it releases a horrible stench from the antennae on its head to drive away enemies."
neo2-54,Dunsparce,Neo Discovery,False,https://images.pokemontcg.io/neo2/54_hires.png,Neo,6/1/2001,Common,['Colorless'],['Basic'],30,9,"When spotted, this Pokémon escapes backward by furiously boring into the ground with its tail."
neo2-55,Hoppip,Neo Discovery,False,https://images.pokemontcg.io/neo2/55_hires.png,Neo,6/1/2001,Common,['Grass'],['Basic'],30,8,"Its body is so light, it must grip the ground firmly with its feet to keep from being blown away."
neo2-56,Kabuto,Neo Discovery,False,https://images.pokemontcg.io/neo2/56_hires.png,Neo,6/1/2001,Common,['Water'],['Stage 1'],50,21,"On rare occasions, some have been found as fossils which they became while hiding on the ocean floor."
neo2-57,Larvitar,Neo Discovery,False,https://images.pokemontcg.io/neo2/57_hires.png,Neo,6/1/2001,Common,['Fighting'],['Basic'],40,10,"It feeds on soil. After it has eaten a large mountain, it will fall asleep so it can grow."
neo2-58,Mareep,Neo Discovery,False,https://images.pokemontcg.io/neo2/58_hires.png,Neo,6/1/2001,Common,['Lightning'],['Basic'],50,18,"Its fleece grows continually. In the summer, the fleece is fully shed, but it grows back in a week."
neo2-59,Natu,Neo Discovery,False,https://images.pokemontcg.io/neo2/59_hires.png,Neo,6/1/2001,Common,['Psychic'],['Basic'],40,13,"It usually forages for food on the ground but may, on rare occasions, hop onto branches to peck at shoots."
neo2-60,Omanyte,Neo Discovery,False,https://images.pokemontcg.io/neo2/60_hires.png,Neo,6/1/2001,Common,['Fighting'],['Stage 1'],50,21,"Revived from an ancient fossil, this Pokémon uses air stored in its shell to sink and rise in water."
neo2-61,Pineco,Neo Discovery,False,https://images.pokemontcg.io/neo2/61_hires.png,Neo,6/1/2001,Common,['Grass'],['Basic'],40,15,It likes to make its shell thicker by adding layers of tree bark. The additional weight doesn't bother it.
neo2-62,Poliwag,Neo Discovery,False,https://images.pokemontcg.io/neo2/62_hires.png,Neo,6/1/2001,Common,['Water'],['Basic'],40,14,"Because it is inept at walking on its newly grown legs, it always swims around in water."
neo2-63,Sentret,Neo Discovery,False,https://images.pokemontcg.io/neo2/63_hires.png,Neo,6/1/2001,Common,['Colorless'],['Basic'],50,18,"It stands on its tail so it can see a long way. If it spots an enemy, it cries loudly to warn its kind."
neo2-64,Spinarak,Neo Discovery,False,https://images.pokemontcg.io/neo2/64_hires.png,Neo,6/1/2001,Common,['Grass'],['Basic'],50,19,It spins a web using fine – but durable – thread. It then waits patiently for prey to be trapped.
neo2-65,Teddiursa,Neo Discovery,False,https://images.pokemontcg.io/neo2/65_hires.png,Neo,6/1/2001,Common,['Colorless'],['Basic'],40,12,"If it finds honey, its crescent mark glows. It always licks its paws because they are soaked with honey."
neo2-66,Tyrogue,Neo Discovery,False,https://images.pokemontcg.io/neo2/66_hires.png,Neo,6/1/2001,Common,['Fighting'],['Baby'],30,7,"It is always bursting with energy. To make itself stronger, it keeps on fighting even if it loses."
neo2-67,Unown [E],Neo Discovery,False,https://images.pokemontcg.io/neo2/67_hires.png,Neo,6/1/2001,Common,['Psychic'],['Basic'],40,14,Their shapes look like hieroglyphs on ancient tablets. It is said that the two are somehow related.
neo2-68,Unown [I],Neo Discovery,False,https://images.pokemontcg.io/neo2/68_hires.png,Neo,6/1/2001,Common,['Psychic'],['Basic'],40,14,Their shapes look like hieroglyphs on ancient tablets. It is said that the two are somehow related.
neo2-69,Unown [O],Neo Discovery,False,https://images.pokemontcg.io/neo2/69_hires.png,Neo,6/1/2001,Common,['Psychic'],['Basic'],40,14,Their shapes look like hieroglyphs on ancient tablets. It is said that the two are somehow related.
neo2-70,Weedle,Neo Discovery,False,https://images.pokemontcg.io/neo2/70_hires.png,Neo,6/1/2001,Common,['Grass'],['Basic'],40,14,Its poison stinger is very powerful. Its bright-colored body is intended to warn off its enemies.
neo2-71,Wooper,Neo Discovery,False,https://images.pokemontcg.io/neo2/71_hires.png,Neo,6/1/2001,Common,['Water'],['Basic'],50,17,"When it walks around on the ground, it coats its body with a slimy, poisonous film."
neo3-1,Ampharos,Neo Revelation,False,https://images.pokemontcg.io/neo3/1_hires.png,Neo,9/21/2001,Rare Holo,['Lightning'],['Stage 2'],90,46,The bright light on its tail can be seen far away. It has been treasured since ancient times as a beacon.
neo3-2,Blissey,Neo Revelation,False,https://images.pokemontcg.io/neo3/2_hires.png,Neo,9/21/2001,Rare Holo,['Colorless'],['Stage 1'],120,62,Anyone who takes even one bite of Blissey's egg becomes unfailingly caring and pleasant to everyone.
neo3-3,Celebi,Neo Revelation,False,https://images.pokemontcg.io/neo3/3_hires.png,Neo,9/21/2001,Rare Holo,['Psychic'],['Basic'],50,16,This Pokémon wanders across time. Grass and trees flourish in the forests in which it has appeared.
neo3-4,Crobat,Neo Revelation,False,https://images.pokemontcg.io/neo3/4_hires.png,Neo,9/21/2001,Rare Holo,['Grass'],['Stage 2'],90,51,It flies so silently through the dark on its four wings that it may not be noticed even when nearby.
neo3-5,Delibird,Neo Revelation,False,https://images.pokemontcg.io/neo3/5_hires.png,Neo,9/21/2001,Rare Holo,['Colorless'],['Basic'],60,34,It carries food all day long. There are tales about lost people who were saved by the food it had.
neo3-6,Entei,Neo Revelation,False,https://images.pokemontcg.io/neo3/6_hires.png,Neo,9/21/2001,Rare Holo,['Fire'],['Basic'],80,38,"Volcanoes erupt when it barks. Unable to restrain its extreme power, it races headlong around the land."
neo3-7,Ho-oh,Neo Revelation,False,https://images.pokemontcg.io/neo3/7_hires.png,Neo,9/21/2001,Rare Holo,['Fire'],['Basic'],90,45,Legends claim this Pokémon flies the world's skies continuously on its magnificent seven colored wings.
neo3-8,Houndoom,Neo Revelation,False,https://images.pokemontcg.io/neo3/8_hires.png,Neo,9/21/2001,Rare Holo,['Darkness'],['Stage 1'],70,35,"Upon hearing its eerie howls, other Pokémon get the shivers and head straight back to their nests."
neo3-9,Jumpluff,Neo Revelation,False,https://images.pokemontcg.io/neo3/9_hires.png,Neo,9/21/2001,Rare Holo,['Grass'],['Stage 2'],70,37,Drifts on seasonal winds and spreads its cotton-like spores all over the world to make more offspring.
neo3-10,Magneton,Neo Revelation,False,https://images.pokemontcg.io/neo3/10_hires.png,Neo,9/21/2001,Rare Holo,['Metal'],['Stage 1'],80,37,Three Magnemites are linked by a strong magnetic force. Earaches will occur if you get too close.
neo3-11,Misdreavus,Neo Revelation,False,https://images.pokemontcg.io/neo3/11_hires.png,Neo,9/21/2001,Rare Holo,['Psychic'],['Basic'],50,25,It likes playing mischievous tricks such as screaming and wailing to startle people at night.
neo3-12,Porygon2,Neo Revelation,False,https://images.pokemontcg.io/neo3/12_hires.png,Neo,9/21/2001,Rare Holo,['Colorless'],['Stage 1'],70,33,"This upgraded version of Porygon is designed for space exploration. It can't fly, though."
neo3-13,Raikou,Neo Revelation,False,https://images.pokemontcg.io/neo3/13_hires.png,Neo,9/21/2001,Rare Holo,['Lightning'],['Basic'],80,40,The rain clouds it carries let it fire thunderbolts at will. They say that it descended with lightning.
neo3-14,Suicune,Neo Revelation,False,https://images.pokemontcg.io/neo3/14_hires.png,Neo,9/21/2001,Rare Holo,['Water'],['Basic'],70,33,"Said to be the reincarnation of north winds, it can instantly purify filthy, murky water."
neo3-15,Aerodactyl,Neo Revelation,False,https://images.pokemontcg.io/neo3/15_hires.png,Neo,9/21/2001,Rare,['Fighting'],['Stage 1'],60,27,"A vicious Pokémon from the distant past, it appears to have flown by spreading its wings and gliding."
neo3-16,Celebi,Neo Revelation,False,https://images.pokemontcg.io/neo3/16_hires.png,Neo,9/21/2001,Rare,['Grass'],['Basic'],50,14,"When Celebi disappears deep in a forest, it is said to leave behind an egg it brought from the future."
neo3-17,Entei,Neo Revelation,False,https://images.pokemontcg.io/neo3/17_hires.png,Neo,9/21/2001,Rare,['Fire'],['Basic'],60,24,A Pokémon that races across the land. It is said that one is born every time a new volcano appears.
neo3-18,Ho-oh,Neo Revelation,False,https://images.pokemontcg.io/neo3/18_hires.png,Neo,9/21/2001,Rare,['Colorless'],['Basic'],90,44,A legend says that its body glows in seven colors. A rainbow is said to form behind it when it flies.
neo3-19,Kingdra,Neo Revelation,False,https://images.pokemontcg.io/neo3/19_hires.png,Neo,9/21/2001,Rare,['Water'],['Stage 2'],90,49,It sleeps deep on the ocean floor to build its energy. It is said to cause tornadoes as it wakes.
neo3-20,Lugia,Neo Revelation,False,https://images.pokemontcg.io/neo3/20_hires.png,Neo,9/21/2001,Rare,['Psychic'],['Basic'],90,43,It is said to be the guardian of the seas. It is rumored to have been seen on the night of a storm.
neo3-21,Raichu,Neo Revelation,False,https://images.pokemontcg.io/neo3/21_hires.png,Neo,9/21/2001,Rare,['Lightning'],['Stage 1'],80,39,"If the electric pouches in its cheeks become fully charged, both ears will stand straight up."
neo3-22,Raikou,Neo Revelation,False,https://images.pokemontcg.io/neo3/22_hires.png,Neo,9/21/2001,Rare,['Lightning'],['Basic'],60,26,A Pokémon that races across the land while barking a cry that sounds like crashing thunder.
neo3-23,Skarmory,Neo Revelation,False,https://images.pokemontcg.io/neo3/23_hires.png,Neo,9/21/2001,Rare,['Metal'],['Basic'],60,29,"After nesting in bramble bushes, the wings of its chicks grow hard from scratches by thorns."
neo3-24,Sneasel,Neo Revelation,False,https://images.pokemontcg.io/neo3/24_hires.png,Neo,9/21/2001,Rare,['Darkness'],['Basic'],60,32,"Its paws conceal sharp claws. If attacked, it suddenly extends the claws and startles its enemy."
neo3-25,Starmie,Neo Revelation,False,https://images.pokemontcg.io/neo3/25_hires.png,Neo,9/21/2001,Rare,['Psychic'],['Stage 1'],70,31,The center section of its body is called the core. It glows in a different color each time it is seen.
neo3-26,Sudowoodo,Neo Revelation,False,https://images.pokemontcg.io/neo3/26_hires.png,Neo,9/21/2001,Rare,['Fighting'],['Basic'],60,27,"It disguises itself as a tree to avoid attack. It hates water, so it will disappear if it starts raining."
neo3-27,Suicune,Neo Revelation,False,https://images.pokemontcg.io/neo3/27_hires.png,Neo,9/21/2001,Rare,['Water'],['Basic'],60,25,This Pokémon races across the land. It is said that north winds will somehow blow whenever it appears.
neo3-28,Flaaffy,Neo Revelation,False,https://images.pokemontcg.io/neo3/28_hires.png,Neo,9/21/2001,Uncommon,['Lightning'],['Stage 1'],70,32,Its fluffy fleece easily stores electricity. Its rubbery hide keeps it from being electrocuted.
neo3-29,Golbat,Neo Revelation,False,https://images.pokemontcg.io/neo3/29_hires.png,Neo,9/21/2001,Uncommon,['Grass'],['Stage 1'],60,27,"It can drink more than 10 ounces of blood at once. If it has too much, it gets heavy and flies clumsily."
neo3-30,Graveler,Neo Revelation,False,https://images.pokemontcg.io/neo3/30_hires.png,Neo,9/21/2001,Uncommon,['Fighting'],['Stage 1'],70,32,"With a free and uncaring nature, it doesn't mind if pieces break off while it rolls down mountains."
neo3-31,Jynx,Neo Revelation,False,https://images.pokemontcg.io/neo3/31_hires.png,Neo,9/21/2001,Uncommon,['Water'],['Basic'],60,20,It rocks its body rhythmically. It appears to alter the rhythm depending on how it is feeling.
neo3-32,Lanturn,Neo Revelation,False,https://images.pokemontcg.io/neo3/32_hires.png,Neo,9/21/2001,Uncommon,['Lightning'],['Stage 1'],80,31,"It blinds prey with an intense burst of light, then swallows the immobilized prey in a single gulp."
neo3-33,Magcargo,Neo Revelation,False,https://images.pokemontcg.io/neo3/33_hires.png,Neo,9/21/2001,Uncommon,['Fire'],['Stage 1'],80,48,The shell on its back is just skin that has cooled and hardened. It breaks easily with a slight touch.
neo3-34,Octillery,Neo Revelation,False,https://images.pokemontcg.io/neo3/34_hires.png,Neo,9/21/2001,Uncommon,['Water'],['Stage 1'],80,43,It traps enemies with its suction cupped tentacles then smashes them with its rockhard head.
neo3-35,Parasect,Neo Revelation,False,https://images.pokemontcg.io/neo3/35_hires.png,Neo,9/21/2001,Uncommon,['Grass'],['Stage 1'],60,30,"It stays mostly in dark, damp places, the preference not of the bug, but of the big mushrooms on its back."
neo3-36,Piloswine,Neo Revelation,False,https://images.pokemontcg.io/neo3/36_hires.png,Neo,9/21/2001,Uncommon,['Fighting'],['Stage 1'],90,41,"If it charges at an enemy, the hairs on its back stand up straight. It is very sensitive to sound."
neo3-37,Seaking,Neo Revelation,False,https://images.pokemontcg.io/neo3/37_hires.png,Neo,9/21/2001,Uncommon,['Water'],['Stage 1'],70,29,"Using its horn, it bores holes in riverbed boulders, making nests to prevent its eggs from washing away."
neo3-38,Stantler,Neo Revelation,False,https://images.pokemontcg.io/neo3/38_hires.png,Neo,9/21/2001,Uncommon,['Colorless'],['Basic'],60,27,Those who stare at its antlers will gradually lose control of their senses and be unable to stand.
neo3-39,Unown [B],Neo Revelation,False,https://images.pokemontcg.io/neo3/39_hires.png,Neo,9/21/2001,Uncommon,['Psychic'],['Basic'],50,19,Their shapes look like hieroglyphs on ancient tablets. It is said that the two are somehow related.
neo3-40,Unown [Y],Neo Revelation,False,https://images.pokemontcg.io/neo3/40_hires.png,Neo,9/21/2001,Uncommon,['Psychic'],['Basic'],40,12,Their shapes look like hieroglyphs on ancient tablets. It is said that the two are somehow related.
neo3-41,Aipom,Neo Revelation,False,https://images.pokemontcg.io/neo3/41_hires.png,Neo,9/21/2001,Common,['Colorless'],['Basic'],40,19,"It lives atop tall trees. When leaping from branch to branch, it deftly uses its tail for balance."
neo3-42,Chinchou,Neo Revelation,False,https://images.pokemontcg.io/neo3/42_hires.png,Neo,9/21/2001,Common,['Lightning'],['Basic'],50,13,"On the dark ocean floor, its only means of communication is its constantly flashing lights."
neo3-43,Farfetch'd,Neo Revelation,False,https://images.pokemontcg.io/neo3/43_hires.png,Neo,9/21/2001,Common,['Colorless'],['Basic'],50,22,"If anyone tries to disturb where the essential plant sticks grow, it uses its own stick to thwart them."
neo3-44,Geodude,Neo Revelation,False,https://images.pokemontcg.io/neo3/44_hires.png,Neo,9/21/2001,Common,['Fighting'],['Basic'],40,14,It uses its arms to steadily climb steep mountain paths. It swings its fists around if angered.
neo3-45,Goldeen,Neo Revelation,False,https://images.pokemontcg.io/neo3/45_hires.png,Neo,9/21/2001,Common,['Water'],['Basic'],40,14,"Its dorsal, pectoral and tail fins wave elegantly in the water. That is why it is known as the water dancer."
neo3-46,Murkrow,Neo Revelation,False,https://images.pokemontcg.io/neo3/46_hires.png,Neo,9/21/2001,Common,['Darkness'],['Basic'],40,21,"Feared and loathed by many, it is believed to bring misfortune to all those who see it at night."
neo3-47,Paras,Neo Revelation,False,https://images.pokemontcg.io/neo3/47_hires.png,Neo,9/21/2001,Common,['Grass'],['Basic'],40,10,"It is doused with mushroom spores when it is born. As its body grows, mushrooms sprout from its back."
neo3-48,Quagsire,Neo Revelation,False,https://images.pokemontcg.io/neo3/48_hires.png,Neo,9/21/2001,Common,['Water'],['Stage 1'],70,35,"Due to its relaxed and carefree attitude, it often bumps its head on boulders and boat hulls as it swims."
neo3-49,Qwilfish,Neo Revelation,False,https://images.pokemontcg.io/neo3/49_hires.png,Neo,9/21/2001,Common,['Water'],['Basic'],60,30,"To fire its poison spikes, it must inflate its body by drinking over 2.6 gallons of water all at once."
neo3-50,Remoraid,Neo Revelation,False,https://images.pokemontcg.io/neo3/50_hires.png,Neo,9/21/2001,Common,['Water'],['Basic'],40,15,It has superb accuracy. The water it shoots out can strike even moving prey from more than 300 feet.
neo3-51,Shuckle,Neo Revelation,False,https://images.pokemontcg.io/neo3/51_hires.png,Neo,9/21/2001,Common,['Fighting'],['Basic'],40,28,"It stores berries inside its shell. To avoid attacks, it hides beneath rocks and remains completely still."
neo3-52,Skiploom,Neo Revelation,False,https://images.pokemontcg.io/neo3/52_hires.png,Neo,9/21/2001,Common,['Grass'],['Stage 1'],60,29,It spreads its petals to absorb sunlight. It also floats in the air to get closer to the sun.
neo3-53,Slugma,Neo Revelation,False,https://images.pokemontcg.io/neo3/53_hires.png,Neo,9/21/2001,Common,['Fire'],['Basic'],50,27,"It never sleeps. It has to keep moving because if it stopped, its magma body would cool and harden."
neo3-54,Smoochum,Neo Revelation,False,https://images.pokemontcg.io/neo3/54_hires.png,Neo,9/21/2001,Common,['Psychic'],['Baby'],30,6,It always rocks its head slowly backwards and forwards as if it is trying to kiss someone.
neo3-55,Snubbull,Neo Revelation,False,https://images.pokemontcg.io/neo3/55_hires.png,Neo,9/21/2001,Common,['Colorless'],['Basic'],50,21,"It has an active, playful nature. Many people like to frolic with it because of its affectionate ways."
neo3-56,Staryu,Neo Revelation,False,https://images.pokemontcg.io/neo3/56_hires.png,Neo,9/21/2001,Common,['Water'],['Basic'],40,13,"At night, the center of its body slowly flickers with the same rhythm as a human heartbeat."
neo3-57,Swinub,Neo Revelation,False,https://images.pokemontcg.io/neo3/57_hires.png,Neo,9/21/2001,Common,['Fighting'],['Basic'],40,10,"If it smells something enticing, it dashes headlong off to find the source of the aroma."
neo3-58,Unown [K],Neo Revelation,False,https://images.pokemontcg.io/neo3/58_hires.png,Neo,9/21/2001,Common,['Psychic'],['Basic'],40,14,Their shapes look like hieroglyphs on ancient tablets. It is said that the two are somehow related.
neo3-59,Zubat,Neo Revelation,False,https://images.pokemontcg.io/neo3/59_hires.png,Neo,9/21/2001,Common,['Grass'],['Basic'],40,13,"While flying, it constantly emits ultrasonic waves from its mouth to check its surroundings."
neo3-65,Shining Gyarados,Neo Revelation,False,https://images.pokemontcg.io/neo3/65_hires.png,Neo,9/21/2001,Rare Shining,['Water'],['Basic'],100,62,"Once it appears, it goes on a rampage. It remains enraged until it demolishes everything around it."
neo3-66,Shining Magikarp,Neo Revelation,False,https://images.pokemontcg.io/neo3/66_hires.png,Neo,9/21/2001,Rare Shining,['Water'],['Basic'],30,11,"An underpowered, pathetic Pokémon. It may jump high on rare occasions, but never more than seven feet."
neo4-1,Dark Ampharos,Neo Destiny,False,https://images.pokemontcg.io/neo4/1_hires.png,Neo,2/28/2002,Rare Holo,['Lightning'],['Stage 2'],70,36,"Its brightly lit tail can be seen for miles in the dark, even by ships on the sea."
neo4-2,Dark Crobat,Neo Destiny,False,https://images.pokemontcg.io/neo4/2_hires.png,Neo,2/28/2002,Rare Holo,['Grass'],['Stage 2'],70,39,"Although the wings it has evolved on its feet allow it to fly at high speeds, they unfortunately make it difficult to perch."
neo4-3,Dark Donphan,Neo Destiny,False,https://images.pokemontcg.io/neo4/3_hires.png,Neo,2/28/2002,Rare Holo,['Fighting'],['Stage 1'],60,29,"The larger its tusks, the higher its status in the herd."
neo4-4,Dark Espeon,Neo Destiny,False,https://images.pokemontcg.io/neo4/4_hires.png,Neo,2/28/2002,Rare Holo,['Psychic'],['Stage 1'],60,32,The tips of its split tail quiver whenever it uses its psychic abilities to read its opponent's next move.
neo4-5,Dark Feraligatr,Neo Destiny,False,https://images.pokemontcg.io/neo4/5_hires.png,Neo,2/28/2002,Rare Holo,['Water'],['Stage 2'],80,44,Its powerful muscles allow it to move at a speed that belies its bulk.
neo4-6,Dark Gengar,Neo Destiny,False,https://images.pokemontcg.io/neo4/6_hires.png,Neo,2/28/2002,Rare Holo,['Psychic'],['Stage 2'],70,32,"It absorbs the heat in the air around it. If you suddenly feel cold, it's because a Gengar has appeared."
neo4-7,Dark Houndoom,Neo Destiny,False,https://images.pokemontcg.io/neo4/7_hires.png,Neo,2/28/2002,Rare Holo,['Fire'],['Stage 1'],60,32,The flame it breathes is actually a volatile poison it produces internally that ignites when exposed to air.
neo4-8,Dark Porygon2,Neo Destiny,False,https://images.pokemontcg.io/neo4/8_hires.png,Neo,2/28/2002,Rare Holo,['Colorless'],['Stage 1'],60,34,Advances in technology have allowed it to evolve. It occasionally displays behavior not found in its programming.
neo4-9,Dark Scizor,Neo Destiny,False,https://images.pokemontcg.io/neo4/9_hires.png,Neo,2/28/2002,Rare Holo,['Metal'],['Stage 1'],70,35,Nothing can withstand the pressure of the vise-like grip of this Pokémon's steel claws.
neo4-10,Dark Typhlosion,Neo Destiny,False,https://images.pokemontcg.io/neo4/10_hires.png,Neo,2/28/2002,Rare Holo,['Fire'],['Stage 2'],80,43,"When it's in combat, the air around it shimmers and warps from the intense heat it produces."
neo4-11,Dark Tyranitar,Neo Destiny,False,https://images.pokemontcg.io/neo4/11_hires.png,Neo,2/28/2002,Rare Holo,['Fighting'],['Stage 2'],90,47,Its power is such that not even mountains can stand in its way.
neo4-12,Light Arcanine,Neo Destiny,False,https://images.pokemontcg.io/neo4/12_hires.png,Neo,2/28/2002,Rare Holo,['Fire'],['Stage 1'],100,47,This legendary Chinese Pokémon is easily recognized by its large flowing mane.
neo4-13,Light Azumarill,Neo Destiny,False,https://images.pokemontcg.io/neo4/13_hires.png,Neo,2/28/2002,Rare Holo,['Water'],['Stage 1'],80,37,It curls up its long ears when swimming to prevent water from entering them.
neo4-14,Light Dragonite,Neo Destiny,False,https://images.pokemontcg.io/neo4/14_hires.png,Neo,2/28/2002,Rare Holo,['Colorless'],['Stage 2'],100,47,"It is said to fly constantly over the sea, looking for people in need of aid."
neo4-15,Light Togetic,Neo Destiny,False,https://images.pokemontcg.io/neo4/15_hires.png,Neo,2/28/2002,Rare Holo,['Colorless'],['Stage 1'],60,32,It becomes depressed if it is not near kind-hearted people. Is is able to float in the air without moving its wings.
neo4-17,Dark Ariados,Neo Destiny,False,https://images.pokemontcg.io/neo4/17_hires.png,Neo,2/28/2002,Rare,['Grass'],['Stage 1'],60,28,"Wherever it goes, it spins a thread that always leads back to its web."
neo4-18,Dark Magcargo,Neo Destiny,False,https://images.pokemontcg.io/neo4/18_hires.png,Neo,2/28/2002,Rare,['Fire'],['Stage 1'],60,36,"The shell on its back comes off easily, exposing the flames running through its body."
neo4-19,Dark Omastar,Neo Destiny,False,https://images.pokemontcg.io/neo4/19_hires.png,Neo,2/28/2002,Rare,['Water'],['Stage 2'],70,33,"Nothing can escape once wrapped in its tentacles, which it uses for self-defense as well as to catch food."
neo4-20,Dark Slowking,Neo Destiny,False,https://images.pokemontcg.io/neo4/20_hires.png,Neo,2/28/2002,Rare,['Psychic'],['Stage 1'],60,27,"Each time it yawns, the Shellder on its head releases an enzyme that makes it grow even smarter."
neo4-21,Dark Ursaring,Neo Destiny,False,https://images.pokemontcg.io/neo4/21_hires.png,Neo,2/28/2002,Rare,['Colorless'],['Stage 1'],60,28,"Its keen nose can pick out any scent, even that of food buried deep underground."
neo4-22,Light Dragonair,Neo Destiny,False,https://images.pokemontcg.io/neo4/22_hires.png,Neo,2/28/2002,Rare,['Colorless'],['Stage 1'],80,35,The aura it projects from its body has an effect on the surrounding climate and weather.
neo4-23,Light Lanturn,Neo Destiny,False,https://images.pokemontcg.io/neo4/23_hires.png,Neo,2/28/2002,Rare,['Lightning'],['Stage 1'],80,33,"This Pokémon has evolved its dorsal fin to emit light, which attracts the fish it feeds on."
neo4-24,Light Ledian,Neo Destiny,False,https://images.pokemontcg.io/neo4/24_hires.png,Neo,2/28/2002,Rare,['Grass'],['Stage 1'],70,37,The number of spots on its back increase or decrease depending on the number of stars visible in the night sky.
neo4-25,Light Machamp,Neo Destiny,False,https://images.pokemontcg.io/neo4/25_hires.png,Neo,2/28/2002,Rare,['Fighting'],['Stage 2'],100,65,It uses its four arms in combat to unleash a ceaseless flurry of punches.
neo4-26,Light Piloswine,Neo Destiny,False,https://images.pokemontcg.io/neo4/26_hires.png,Neo,2/28/2002,Rare,['Water'],['Stage 1'],90,43,"Its legs are short, but its hooves are wide and flat, allowing it to easily walk over snow."
neo4-27,Unown [G],Neo Destiny,False,https://images.pokemontcg.io/neo4/27_hires.png,Neo,2/28/2002,Rare,['Psychic'],['Basic'],40,16,"It is believed that the variety of types of this Pokémon were created by evolutionary adaptation, as each possesses a different ability."
neo4-28,Unown [H],Neo Destiny,False,https://images.pokemontcg.io/neo4/28_hires.png,Neo,2/28/2002,Rare,['Psychic'],['Basic'],40,16,"It is believed that the variety of types of this Pokémon were created by evolutionary adaptation, as each possesses a different ability."
neo4-29,Unown [W],Neo Destiny,False,https://images.pokemontcg.io/neo4/29_hires.png,Neo,2/28/2002,Rare,['Psychic'],['Basic'],40,16,"It is believed that the variety of types of this Pokémon were created by evolutionary adaptation, as each possesses a different ability."
neo4-30,Unown [X],Neo Destiny,False,https://images.pokemontcg.io/neo4/30_hires.png,Neo,2/28/2002,Rare,['Psychic'],['Basic'],50,22,"It is believed that the variety of types of this Pokémon were created by evolutionary adaptation, as each possesses a different ability."
neo4-31,Chansey,Neo Destiny,False,https://images.pokemontcg.io/neo4/31_hires.png,Neo,2/28/2002,Uncommon,['Colorless'],['Basic'],90,38,"It holds its egg carefully when moving so as not to break it. Still, it is fast enough to disappear in the blink of an eye."
neo4-32,Dark Croconaw,Neo Destiny,False,https://images.pokemontcg.io/neo4/32_hires.png,Neo,2/28/2002,Uncommon,['Water'],['Stage 1'],60,28,"It has 49 teeth in its mouth that are constantly replacing themselves. Pull one out, and a new one grows in."
neo4-33,Dark Exeggutor,Neo Destiny,False,https://images.pokemontcg.io/neo4/33_hires.png,Neo,2/28/2002,Uncommon,['Psychic'],['Stage 1'],60,25,"If one of its heads falls off, it turns into an Exeggcute, which begins to look for other Exeggcutes using a special form of telepathy."
neo4-34,Dark Flaaffy,Neo Destiny,False,https://images.pokemontcg.io/neo4/34_hires.png,Neo,2/28/2002,Uncommon,['Lightning'],['Stage 1'],60,25,"As a result of storing massive amounts of electricity there, it can no longer grow wool on certain areas of its body."
neo4-35,Dark Forretress,Neo Destiny,False,https://images.pokemontcg.io/neo4/35_hires.png,Neo,2/28/2002,Uncommon,['Grass'],['Stage 1'],60,30,"It stays motionless in trees, driving away with flying armored shards from its hard shell any who come close."
neo4-36,Dark Haunter,Neo Destiny,False,https://images.pokemontcg.io/neo4/36_hires.png,Neo,2/28/2002,Uncommon,['Psychic'],['Stage 1'],50,18,It silently hunts its prey in dark rooms.
neo4-37,Dark Omanyte,Neo Destiny,False,https://images.pokemontcg.io/neo4/37_hires.png,Neo,2/28/2002,Uncommon,['Water'],['Stage 1'],40,18,"This ancient Pokémon possessed 10 tentacles, which it used to swim through the ocean."
neo4-38,Dark Pupitar,Neo Destiny,False,https://images.pokemontcg.io/neo4/38_hires.png,Neo,2/28/2002,Uncommon,['Fighting'],['Stage 1'],60,26,"It is encased within a hard shell, yet retains a great deal of mobility—a dangerous combination."
neo4-39,Dark Quilava,Neo Destiny,False,https://images.pokemontcg.io/neo4/39_hires.png,Neo,2/28/2002,Uncommon,['Fire'],['Stage 1'],60,27,"If it turns its back to an opponent, it is a sign that it is getting ready to attack."
neo4-40,Dark Wigglytuff,Neo Destiny,False,https://images.pokemontcg.io/neo4/40_hires.png,Neo,2/28/2002,Uncommon,['Colorless'],['Stage 1'],60,24,"This Pokémon has soft, fine hair. When angered, it increases in size and has been known to charge those it considers a threat."
neo4-41,Heracross,Neo Destiny,False,https://images.pokemontcg.io/neo4/41_hires.png,Neo,2/28/2002,Uncommon,['Grass'],['Basic'],60,27,"It is normally peaceful, but will attack any who get between it and honey, its favorite food."
neo4-42,Hitmonlee,Neo Destiny,False,https://images.pokemontcg.io/neo4/42_hires.png,Neo,2/28/2002,Uncommon,['Fighting'],['Basic'],60,31,It has a perfect sense of balance and can lash out with powerful kicks from any position.
neo4-43,Houndour,Neo Destiny,False,https://images.pokemontcg.io/neo4/43_hires.png,Neo,2/28/2002,Uncommon,['Darkness'],['Basic'],40,16,"When night falls, the air fills with the eerie cries of this Pokémon as it stakes out its territory."
neo4-44,Jigglypuff,Neo Destiny,False,https://images.pokemontcg.io/neo4/44_hires.png,Neo,2/28/2002,Uncommon,['Colorless'],['Basic'],50,11,If puffs its body up like a balloon and sings a lullaby that makes all who hear it fall into a deep sleep.
neo4-45,Light Dewgong,Neo Destiny,False,https://images.pokemontcg.io/neo4/45_hires.png,Neo,2/28/2002,Uncommon,['Water'],['Stage 1'],80,40,"It has an aerodynamic shape that allows it to swim at great speeds. The colder the water gets, the more active it becomes."
neo4-46,Light Flareon,Neo Destiny,False,https://images.pokemontcg.io/neo4/46_hires.png,Neo,2/28/2002,Uncommon,['Fire'],['Stage 1'],80,37,"It creates its flames by swallowing air into a special pouch within its body, then heating it to over 3000 degrees."
neo4-47,Light Golduck,Neo Destiny,False,https://images.pokemontcg.io/neo4/47_hires.png,Neo,2/28/2002,Uncommon,['Water'],['Stage 1'],80,36,"The faster it swims, the brighter the glow on its forehead becomes."
neo4-48,Light Jolteon,Neo Destiny,False,https://images.pokemontcg.io/neo4/48_hires.png,Neo,2/28/2002,Uncommon,['Lightning'],['Stage 1'],70,31,It can collect the ambient electrical energy in its cells and expel it in massive bursts.
neo4-49,Light Machoke,Neo Destiny,False,https://images.pokemontcg.io/neo4/49_hires.png,Neo,2/28/2002,Uncommon,['Fighting'],['Stage 1'],80,37,"This Pokémon never gets tired, no matter what it does or how hard it works."
neo4-50,Light Ninetales,Neo Destiny,False,https://images.pokemontcg.io/neo4/50_hires.png,Neo,2/28/2002,Uncommon,['Fire'],['Stage 1'],90,39,It is said that each of its nine tails contains a different magical power.
neo4-51,Light Slowbro,Neo Destiny,False,https://images.pokemontcg.io/neo4/51_hires.png,Neo,2/28/2002,Uncommon,['Psychic'],['Stage 1'],80,33,"If the Shellder attached to its tail becomes separated, this Pokémon reverts to a normal Slowpoke."
neo4-52,Light Vaporeon,Neo Destiny,False,https://images.pokemontcg.io/neo4/52_hires.png,Neo,2/28/2002,Uncommon,['Water'],['Stage 1'],80,41,"If its fins being to vibrate, it is a sign that it will begin raining soon."
neo4-53,Light Venomoth,Neo Destiny,False,https://images.pokemontcg.io/neo4/53_hires.png,Neo,2/28/2002,Uncommon,['Grass'],['Stage 1'],80,36,"It defends itself by flapping its wings at high speed, spreading poisonous powder throughout the air."
neo4-54,Light Wigglytuff,Neo Destiny,False,https://images.pokemontcg.io/neo4/54_hires.png,Neo,2/28/2002,Uncommon,['Colorless'],['Stage 1'],80,33,"If two of them brush against each other, they will not be able to separate themselves, as they enjoy touching each other's soft fur too much."
neo4-55,Scyther,Neo Destiny,False,https://images.pokemontcg.io/neo4/55_hires.png,Neo,2/28/2002,Uncommon,['Grass'],['Basic'],60,21,"It moves so fast as to be invisible to the naked eye. Even when standing still, its camouflage prevents it from being seen."
neo4-56,Togepi,Neo Destiny,False,https://images.pokemontcg.io/neo4/56_hires.png,Neo,2/28/2002,Uncommon,['Colorless'],['Basic'],40,13,"Its shell is said to contain happiness itself, which it will share with those who are kind to it."
neo4-57,Unown [C],Neo Destiny,False,https://images.pokemontcg.io/neo4/57_hires.png,Neo,2/28/2002,Uncommon,['Psychic'],['Basic'],40,11,"It is believed that the variety of types of this Pokémon were created by evolutionary adaptation, as each possesses a different ability."
neo4-58,Unown [P],Neo Destiny,False,https://images.pokemontcg.io/neo4/58_hires.png,Neo,2/28/2002,Uncommon,['Psychic'],['Basic'],40,13,"It is believed that the variety of types of this Pokémon were created by evolutionary adaptation, as each possesses a different ability."
neo4-59,Unown [Q],Neo Destiny,False,https://images.pokemontcg.io/neo4/59_hires.png,Neo,2/28/2002,Uncommon,['Psychic'],['Basic'],40,12,"It is believed that the variety of types of this Pokémon were created by evolutionary adaptation, as each possesses a different ability."
neo4-60,Unown [Z],Neo Destiny,False,https://images.pokemontcg.io/neo4/60_hires.png,Neo,2/28/2002,Uncommon,['Psychic'],['Basic'],40,9,"It is believed that the variety of types of this Pokémon were created by evolutionary adaptation, as each possesses a different ability."
neo4-61,Cyndaquil,Neo Destiny,False,https://images.pokemontcg.io/neo4/61_hires.png,Neo,2/28/2002,Common,['Fire'],['Basic'],40,15,"It is very meek and constantly crouches in a defensive posture. When threatened, it protects itself with the flame on its back."
neo4-62,Dark Octillery,Neo Destiny,False,https://images.pokemontcg.io/neo4/62_hires.png,Neo,2/28/2002,Common,['Water'],['Stage 1'],60,30,It likes to sleep in rock caves and will even steal other Octillery's nests.
neo4-63,Dratini,Neo Destiny,False,https://images.pokemontcg.io/neo4/63_hires.png,Neo,2/28/2002,Common,['Colorless'],['Basic'],40,14,"Large from birth, this Pokémon increases in size throughout its life by regularly shedding its skin."
neo4-64,Exeggcute,Neo Destiny,False,https://images.pokemontcg.io/neo4/64_hires.png,Neo,2/28/2002,Common,['Psychic'],['Basic'],40,12,"Its shell is very durable, allowing it to survive even if the shell becomes cracked."
neo4-65,Gastly,Neo Destiny,False,https://images.pokemontcg.io/neo4/65_hires.png,Neo,2/28/2002,Common,['Psychic'],['Basic'],40,12,"Its gas-like body allows it to enter almost anywhere, but it is vulnerable to high winds."
neo4-66,Girafarig,Neo Destiny,False,https://images.pokemontcg.io/neo4/66_hires.png,Neo,2/28/2002,Common,['Colorless'],['Basic'],60,29,"Its tail has a brain of its own, which can respond to stimuli such as scents. Many unsuspecting people have been bitten by it."
neo4-67,Gligar,Neo Destiny,False,https://images.pokemontcg.io/neo4/67_hires.png,Neo,2/28/2002,Common,['Fighting'],['Basic'],50,26,"It spends its days hanging from cliffs, swooping down on any prey it spots from its high vantage point."
neo4-68,Growlithe,Neo Destiny,False,https://images.pokemontcg.io/neo4/68_hires.png,Neo,2/28/2002,Common,['Fire'],['Basic'],50,14,"It fears nothing, not even opponents larger than itself."
neo4-69,Hitmonchan,Neo Destiny,False,https://images.pokemontcg.io/neo4/69_hires.png,Neo,2/28/2002,Common,['Fighting'],['Basic'],60,31,"Its punches are blindingly fast, but it can only fight for three minutes before tiring and needing to rest."
neo4-70,Larvitar,Neo Destiny,False,https://images.pokemontcg.io/neo4/70_hires.png,Neo,2/28/2002,Common,['Fighting'],['Basic'],40,12,It is born deep within the ground and has to burrow its way out.
neo4-71,Ledyba,Neo Destiny,False,https://images.pokemontcg.io/neo4/71_hires.png,Neo,2/28/2002,Common,['Grass'],['Basic'],40,18,"Sensitive to cold, Ledyba gather in groups to share warmth when the temperature drops."
neo4-72,Light Sunflora,Neo Destiny,False,https://images.pokemontcg.io/neo4/72_hires.png,Neo,2/28/2002,Common,['Grass'],['Stage 1'],80,42,"Although it is extremely active during the day, it stops moving entirely as soon as the sun sets."
neo4-73,Machop,Neo Destiny,False,https://images.pokemontcg.io/neo4/73_hires.png,Neo,2/28/2002,Common,['Fighting'],['Basic'],40,16,"When bored, this super-strong Pokémon trains by lifting rocks."
neo4-74,Mantine,Neo Destiny,False,https://images.pokemontcg.io/neo4/74_hires.png,Neo,2/28/2002,Common,['Water'],['Basic'],60,33,This Pokémon is perfectly adapted to its ocean home. It can gather up enough speed to burst above the water like a whale.
neo4-75,Mareep,Neo Destiny,False,https://images.pokemontcg.io/neo4/75_hires.png,Neo,2/28/2002,Common,['Lightning'],['Basic'],50,16,"Its soft wool coat captures air, allowing it to remain cool during the summer and warm in the winter."
neo4-76,Phanpy,Neo Destiny,False,https://images.pokemontcg.io/neo4/76_hires.png,Neo,2/28/2002,Common,['Fighting'],['Basic'],40,14,It hits people with its nose as a sign of affection but doesn't know its own strength and so sometimes knocks people off their feet.
neo4-77,Pineco,Neo Destiny,False,https://images.pokemontcg.io/neo4/77_hires.png,Neo,2/28/2002,Common,['Grass'],['Basic'],40,13,"It waits suspended from tree branches for insects to fly into its mouth, often not moving for hours at a time."
neo4-78,Porygon,Neo Destiny,False,https://images.pokemontcg.io/neo4/78_hires.png,Neo,2/28/2002,Common,['Colorless'],['Basic'],50,24,This Pokémon was created by human computer engineering. Its program is only capable of simple action and reaction.
neo4-79,Psyduck,Neo Destiny,False,https://images.pokemontcg.io/neo4/79_hires.png,Neo,2/28/2002,Common,['Water'],['Basic'],50,14,"Although possessed of great mental powers, it doesn't know how to use them."
neo4-80,Remoraid,Neo Destiny,False,https://images.pokemontcg.io/neo4/80_hires.png,Neo,2/28/2002,Common,['Water'],['Basic'],40,16,"It can shoot a burst of water from its mouth to propel itself backward at high speeds, allowing it to flee from surprised enemies."
neo4-81,Seel,Neo Destiny,False,https://images.pokemontcg.io/neo4/81_hires.png,Neo,2/28/2002,Common,['Water'],['Basic'],50,11,"Although clumsy on land, it moves easily through the arctic waters it calls home."
neo4-82,Slugma,Neo Destiny,False,https://images.pokemontcg.io/neo4/82_hires.png,Neo,2/28/2002,Common,['Fire'],['Basic'],50,28,This Pokémon is often seen crawling around in volcanic regions.
neo4-83,Sunkern,Neo Destiny,False,https://images.pokemontcg.io/neo4/83_hires.png,Neo,2/28/2002,Common,['Grass'],['Basic'],40,14,"It is very small and powerless. If attacked, the best it can do is flap its leaves in an attempt to frighten away its enemies."
neo4-84,Swinub,Neo Destiny,False,https://images.pokemontcg.io/neo4/84_hires.png,Neo,2/28/2002,Common,['Water'],['Basic'],50,13,"It moves with its sensitive nose pressed to the ground, always searching for food."
neo4-85,Totodile,Neo Destiny,False,https://images.pokemontcg.io/neo4/85_hires.png,Neo,2/28/2002,Common,['Water'],['Basic'],50,18,Its highly developed jaws are powerful enough to crush anything. Even experienced adult trainers must handle it with great caution.
neo4-86,Unown [L],Neo Destiny,False,https://images.pokemontcg.io/neo4/86_hires.png,Neo,2/28/2002,Common,['Psychic'],['Basic'],50,19,"It is believed that the variety of types of this Pokémon were created by evolutionary adaptation, as each possesses a different ability."
neo4-87,Unown [S],Neo Destiny,False,https://images.pokemontcg.io/neo4/87_hires.png,Neo,2/28/2002,Common,['Psychic'],['Basic'],50,19,"It is believed that the variety of types of this Pokémon were created by evolutionary adaptation, as each possesses a different ability."
neo4-88,Unown [T],Neo Destiny,False,https://images.pokemontcg.io/neo4/88_hires.png,Neo,2/28/2002,Common,['Psychic'],['Basic'],40,12,"It is believed that the variety of types of this Pokémon were created by evolutionary adaptation, as each possesses a different ability."
neo4-89,Unown [V],Neo Destiny,False,https://images.pokemontcg.io/neo4/89_hires.png,Neo,2/28/2002,Common,['Psychic'],['Basic'],40,10,"It is believed that the variety of types of this Pokémon were created by evolutionary adaptation, as each possesses a different ability."
neo4-90,Venonat,Neo Destiny,False,https://images.pokemontcg.io/neo4/90_hires.png,Neo,2/28/2002,Common,['Grass'],['Basic'],40,11,"It possesses a type of radar, which it can use to find the insects it eats for food, even in pitch darkness."
neo4-91,Vulpix,Neo Destiny,False,https://images.pokemontcg.io/neo4/91_hires.png,Neo,2/28/2002,Common,['Fire'],['Basic'],50,15,"As it grows older, its white tail changes colors and splits into six different tails. Its body radiates a faint warmth."
neo4-106,Shining Celebi,Neo Destiny,False,https://images.pokemontcg.io/neo4/106_hires.png,Neo,2/28/2002,Rare Shining,['Grass'],['Basic'],50,18,It is worshipped as a god of the forest. It appears only in undisturbed old-growth forests.
neo4-107,Shining Charizard,Neo Destiny,False,https://images.pokemontcg.io/neo4/107_hires.png,Neo,2/28/2002,Rare Shining,['Fire'],['Basic'],100,61,The flames it breathes are so hot that they can melt anything.
neo4-108,Shining Kabutops,Neo Destiny,False,https://images.pokemontcg.io/neo4/108_hires.png,Neo,2/28/2002,Rare Shining,['Fighting'],['Basic'],80,40,This ancient Pokémon uses its razor-sharp claws to cut open its prey and gain access to its blood.
neo4-109,Shining Mewtwo,Neo Destiny,False,https://images.pokemontcg.io/neo4/109_hires.png,Neo,2/28/2002,Rare Shining,['Psychic'],['Basic'],70,63,It uses its highly developed psychic powers to defeat its enemies before they even have time to think.
neo4-110,Shining Noctowl,Neo Destiny,False,https://images.pokemontcg.io/neo4/110_hires.png,Neo,2/28/2002,Rare Shining,['Colorless'],['Basic'],60,24,It speeds up its thought processes by turning its head around 180 degrees.
neo4-111,Shining Raichu,Neo Destiny,False,https://images.pokemontcg.io/neo4/111_hires.png,Neo,2/28/2002,Rare Shining,['Lightning'],['Basic'],70,30,"If the electricity in its cheeks runs out, it sticks its tail straight up and uses it to collect energy from the air."
neo4-112,Shining Steelix,Neo Destiny,False,https://images.pokemontcg.io/neo4/112_hires.png,Neo,2/28/2002,Rare Shining,['Metal'],['Basic'],90,51,"If an Onix lives 100 years or more, its skin hardens, eventually becoming even harder than a diamond."
neo4-113,Shining Tyranitar,Neo Destiny,False,https://images.pokemontcg.io/neo4/113_hires.png,Neo,2/28/2002,Rare Shining,['Darkness'],['Basic'],80,41,"It is so powerful, it can knock down a mountain with hust one arm."
base6-1,Alakazam,Legendary Collection,False,https://images.pokemontcg.io/base6/1_hires.png,Other,5/24/2002,Rare Holo,['Psychic'],['Stage 2'],80,42,Its brain can outperform a supercomputer. Its intelligence quotient is said to be 5000.
base6-2,Articuno,Legendary Collection,False,https://images.pokemontcg.io/base6/2_hires.png,Other,5/24/2002,Rare Holo,['Water'],['Basic'],70,35,A legendary bird Pokémon that is said to appear to doomed people who are lost in icy mountains.
base6-3,Charizard,Legendary Collection,False,https://images.pokemontcg.io/base6/3_hires.png,Other,5/24/2002,Rare Holo,['Fire'],['Stage 2'],120,76,Spits fire that is hot enough to melt boulders. Known to unintentionally cause forest fires.
base6-4,Dark Blastoise,Legendary Collection,False,https://images.pokemontcg.io/base6/4_hires.png,Other,5/24/2002,Rare Holo,['Water'],['Stage 2'],70,28,An aggressive Pokémon that tackles anything it sees.
base6-5,Dark Dragonite,Legendary Collection,False,https://images.pokemontcg.io/base6/5_hires.png,Other,5/24/2002,Rare Holo,['Colorless'],['Stage 2'],70,33,"Sometimes called ""The God of Destruction."" Its wings are able to support it in spite of its massive weight."
base6-6,Dark Persian,Legendary Collection,False,https://images.pokemontcg.io/base6/6_hires.png,Other,5/24/2002,Rare Holo,['Colorless'],['Stage 1'],60,28,Popular with women because of its beautiful fur. The leader of the Rockets keeps one as a pet.
base6-7,Dark Raichu,Legendary Collection,False,https://images.pokemontcg.io/base6/7_hires.png,Other,5/24/2002,Rare Holo,['Lightning'],['Stage 1'],70,31,"Stores up electricity in its body, then suddenly releases it to surprise and shock everyone."
base6-8,Dark Slowbro,Legendary Collection,False,https://images.pokemontcg.io/base6/8_hires.png,Other,5/24/2002,Rare Holo,['Psychic'],['Stage 1'],60,27,"It loves nothing better than to be left alone, and so sometimes ends up being manipulated by unscrupulous people."
base6-9,Dark Vaporeon,Legendary Collection,False,https://images.pokemontcg.io/base6/9_hires.png,Other,5/24/2002,Rare Holo,['Water'],['Stage 1'],60,28,"A Pokémon capable of controlling water, so it is capable of creating giant whirlpools."
base6-10,Flareon,Legendary Collection,False,https://images.pokemontcg.io/base6/10_hires.png,Other,5/24/2002,Rare Holo,['Fire'],['Stage 1'],70,28,"When storing thermal energy in its body, its temperature could soar to over 1600 degrees."
base6-11,Gengar,Legendary Collection,False,https://images.pokemontcg.io/base6/11_hires.png,Other,5/24/2002,Rare Holo,['Psychic'],['Stage 2'],80,38,"Under a full moon, this Pokémon like to mimic the shadows of people and laugh at their fright."
base6-12,Gyarados,Legendary Collection,False,https://images.pokemontcg.io/base6/12_hires.png,Other,5/24/2002,Rare Holo,['Water'],['Stage 1'],100,41,"Rarely seen in the wild. Huge and vicious, it is capable of destroying entire cities in a rage."
base6-13,Hitmonlee,Legendary Collection,False,https://images.pokemontcg.io/base6/13_hires.png,Other,5/24/2002,Rare Holo,['Fighting'],['Basic'],60,30,"When in a hurry, its legs lengthen progressively. It runs smoothly with extra long, loping strides."
base6-14,Jolteon,Legendary Collection,False,https://images.pokemontcg.io/base6/14_hires.png,Other,5/24/2002,Rare Holo,['Lightning'],['Stage 1'],70,29,"It accumulates negative ions from the atmosphere to blast out 10,000-volt lightning bolts."
base6-15,Machamp,Legendary Collection,False,https://images.pokemontcg.io/base6/15_hires.png,Other,5/24/2002,Rare Holo,['Fighting'],['Stage 2'],100,67,"Using its amazing muscles, it throws powerful punches that can knock its victim clear over the horizon."
base6-16,Muk,Legendary Collection,False,https://images.pokemontcg.io/base6/16_hires.png,Other,5/24/2002,Rare Holo,['Grass'],['Stage 1'],70,34,"Thickly covered with a filthy, vile sludge. It is so toxic, even its footprints contain poison."
base6-17,Ninetales,Legendary Collection,False,https://images.pokemontcg.io/base6/17_hires.png,Other,5/24/2002,Rare Holo,['Fire'],['Stage 1'],80,32,"Very smart and very vengeful. Grabbing one of its many tails could result in a 1,000-year curse."
base6-18,Venusaur,Legendary Collection,False,https://images.pokemontcg.io/base6/18_hires.png,Other,5/24/2002,Rare Holo,['Grass'],['Stage 2'],100,67,This plant blooms when it is absorbing solar energy. It stays on the move to seek sunlight.
base6-19,Zapdos,Legendary Collection,False,https://images.pokemontcg.io/base6/19_hires.png,Other,5/24/2002,Rare Holo,['Lightning'],['Basic'],90,64,A legendary bird Pokémon said to appear from clouds while wielding enormous lightning bolts.
base6-20,Beedrill,Legendary Collection,False,https://images.pokemontcg.io/base6/20_hires.png,Other,5/24/2002,Rare,['Grass'],['Stage 2'],80,32,"Flies at high speed and attacks using the large, venomous stingers on its forelegs and tail."
base6-21,Butterfree,Legendary Collection,False,https://images.pokemontcg.io/base6/21_hires.png,Other,5/24/2002,Rare,['Grass'],['Stage 2'],70,28,"In battle, it flaps its wings at high speed to release highly toxic dust into the air."
base6-22,Electrode,Legendary Collection,False,https://images.pokemontcg.io/base6/22_hires.png,Other,5/24/2002,Rare,['Lightning'],['Stage 1'],90,42,It stores electrical energy under very high pressure. It often explodes with little or no provocation.
base6-23,Exeggutor,Legendary Collection,False,https://images.pokemontcg.io/base6/23_hires.png,Other,5/24/2002,Rare,['Grass'],['Stage 1'],80,35,"Legend has it that on rare occasions, one of its heads will drop off and continue on as an Exeggcute."
base6-24,Golem,Legendary Collection,False,https://images.pokemontcg.io/base6/24_hires.png,Other,5/24/2002,Rare,['Fighting'],['Stage 2'],80,36,Its boulder-like body is extremely hard. It can easily withstand dynamite blasts without damage.
base6-25,Hypno,Legendary Collection,False,https://images.pokemontcg.io/base6/25_hires.png,Other,5/24/2002,Rare,['Psychic'],['Stage 1'],90,36,"When it locks eyes with an enemy, it will use a mix of psi moves such as Hypnosis and Confusion."
base6-26,Jynx,Legendary Collection,False,https://images.pokemontcg.io/base6/26_hires.png,Other,5/24/2002,Rare,['Psychic'],['Basic'],70,23,"Merely by meditating, the Pokémon launches a powerful psychic energy attack."
base6-27,Kabutops,Legendary Collection,False,https://images.pokemontcg.io/base6/27_hires.png,Other,5/24/2002,Rare,['Fighting'],['Stage 2'],60,30,Its sleek shape is perfect for swimming. It slashes prey with its claws and drains the body fluids.
base6-28,Magneton,Legendary Collection,False,https://images.pokemontcg.io/base6/28_hires.png,Other,5/24/2002,Rare,['Lightning'],['Stage 1'],80,35,Formed by several Magnemites linked together. They frequently appear when sunspots flare up.
base6-29,Mewtwo,Legendary Collection,False,https://images.pokemontcg.io/base6/29_hires.png,Other,5/24/2002,Rare,['Psychic'],['Basic'],60,13,A scientist created this Pokémon after years of horrific gene-splicing and DNA engineering experiments.
base6-30,Moltres,Legendary Collection,False,https://images.pokemontcg.io/base6/30_hires.png,Other,5/24/2002,Rare,['Fire'],['Basic'],70,35,Known as the legendary bird of fire. Every flap of its wings creates a dazzling flash of flames.
base6-31,Nidoking,Legendary Collection,False,https://images.pokemontcg.io/base6/31_hires.png,Other,5/24/2002,Rare,['Grass'],['Stage 2'],90,48,"Uses its powerful tail in battle to smash, constrict, then break its prey's bones."
base6-32,Nidoqueen,Legendary Collection,False,https://images.pokemontcg.io/base6/32_hires.png,Other,5/24/2002,Rare,['Grass'],['Stage 2'],90,43,Its hard scales provide strong protection. It uses its hefty bulk to execute powerful moves.
base6-33,Pidgeot,Legendary Collection,False,https://images.pokemontcg.io/base6/33_hires.png,Other,5/24/2002,Rare,['Colorless'],['Stage 2'],80,40,"When hunting, it skims the surface of water at high speed to pick off unwary prey such as Magikarp."
base6-34,Pidgeotto,Legendary Collection,False,https://images.pokemontcg.io/base6/34_hires.png,Other,5/24/2002,Rare,['Colorless'],['Stage 1'],60,36,"Very protective of its sprawling territory, this Pokémon will fiercely peck at any intruder."
base6-35,Rhydon,Legendary Collection,False,https://images.pokemontcg.io/base6/35_hires.png,Other,5/24/2002,Rare,['Fighting'],['Stage 1'],100,48,"Protected by an armor-like hide, it is capable of living in molten lava of 3600 degrees."
base6-36,Arcanine,Legendary Collection,False,https://images.pokemontcg.io/base6/36_hires.png,Other,5/24/2002,Uncommon,['Fire'],['Stage 1'],100,45,"A Pokémon that has been long admired for its beauty. It runs gracefully, as if on wings."
base6-37,Charmeleon,Legendary Collection,False,https://images.pokemontcg.io/base6/37_hires.png,Other,5/24/2002,Uncommon,['Fire'],['Stage 1'],80,32,"When it swings its burning tail, it raises the temperature to unbearably high levels."
base6-38,Dark Dragonair,Legendary Collection,False,https://images.pokemontcg.io/base6/38_hires.png,Other,5/24/2002,Uncommon,['Colorless'],['Stage 1'],60,28,"As is fitting for a legendary Pokémon, it has many strange powers, including the ability to make rain or snow fall."
base6-39,Dark Wartortle,Legendary Collection,False,https://images.pokemontcg.io/base6/39_hires.png,Other,5/24/2002,Uncommon,['Water'],['Stage 1'],60,21,"A Pokémon with a negative attitude, it hides in its shell whenever it's in a bad mood—which is often."
base6-40,Dewgong,Legendary Collection,False,https://images.pokemontcg.io/base6/40_hires.png,Other,5/24/2002,Uncommon,['Water'],['Stage 1'],80,42,Stores thermal energy in its body. Swims at a steady 8 knots even in intensely cold waters.
base6-41,Dodrio,Legendary Collection,False,https://images.pokemontcg.io/base6/41_hires.png,Other,5/24/2002,Uncommon,['Colorless'],['Stage 1'],70,28,"Uses its three brains to execute complex plans. While two heads sleep, one head stays awake."
base6-42,Fearow,Legendary Collection,False,https://images.pokemontcg.io/base6/42_hires.png,Other,5/24/2002,Uncommon,['Colorless'],['Stage 1'],70,27,"With its huge and magnificent wings, it can keep aloft without ever having to land for rest."
base6-43,Golduck,Legendary Collection,False,https://images.pokemontcg.io/base6/43_hires.png,Other,5/24/2002,Uncommon,['Water'],['Stage 1'],70,27,"Often seen swimming elegantly by lake shores. It is often mistaken for the Japanese monster, Kappa."
base6-44,Graveler,Legendary Collection,False,https://images.pokemontcg.io/base6/44_hires.png,Other,5/24/2002,Uncommon,['Fighting'],['Stage 1'],60,29,Rolls down slopes to move. It rolls over any obstacle without slowing or changing its direction.
base6-45,Growlithe,Legendary Collection,False,https://images.pokemontcg.io/base6/45_hires.png,Other,5/24/2002,Uncommon,['Fire'],['Basic'],60,18,Very protective of its territory. It will bark and bite to repel intruders from its space.
base6-46,Haunter,Legendary Collection,False,https://images.pokemontcg.io/base6/46_hires.png,Other,5/24/2002,Uncommon,['Psychic'],['Stage 1'],50,17,"Because of its ability to slip through block walls, it is said to be from another dimension."
base6-47,Ivysaur,Legendary Collection,False,https://images.pokemontcg.io/base6/47_hires.png,Other,5/24/2002,Uncommon,['Grass'],['Stage 1'],60,20,"When the bulb on its back grows large, the Pokémon seems to lose the ability to stand on its hind legs."
base6-48,Kabuto,Legendary Collection,False,https://images.pokemontcg.io/base6/48_hires.png,Other,5/24/2002,Uncommon,['Fighting'],['Stage 1'],30,9,A Pokémon that was resurrected from a fossil found in what was once the ocean floor eons ago.
base6-49,Kadabra,Legendary Collection,False,https://images.pokemontcg.io/base6/49_hires.png,Other,5/24/2002,Uncommon,['Psychic'],['Stage 1'],60,38,It emits special alpha waves from its body that induce headaches even to those just nearby.
base6-50,Kakuna,Legendary Collection,False,https://images.pokemontcg.io/base6/50_hires.png,Other,5/24/2002,Uncommon,['Grass'],['Stage 1'],80,23,"Almost incapable of moving, this Pokémon can only harden its shell to protect itself from predators."
base6-51,Machoke,Legendary Collection,False,https://images.pokemontcg.io/base6/51_hires.png,Other,5/24/2002,Uncommon,['Fighting'],['Stage 1'],80,40,Its muscular body is so powerful that it must wear a power-save belt to help regulate its motions.
base6-52,Magikarp,Legendary Collection,False,https://images.pokemontcg.io/base6/52_hires.png,Other,5/24/2002,Uncommon,['Water'],['Basic'],30,8,"In the distant past, it was stronger than its horribly weak descendants that exist today."
base6-53,Meowth,Legendary Collection,False,https://images.pokemontcg.io/base6/53_hires.png,Other,5/24/2002,Uncommon,['Colorless'],['Basic'],50,15,Adores circular objects. Wanders the streets on a nightly basis to look for dropped loose change.
base6-54,Metapod,Legendary Collection,False,https://images.pokemontcg.io/base6/54_hires.png,Other,5/24/2002,Uncommon,['Grass'],['Stage 1'],70,21,"It is vulnerable to attack because its shell is soft, exposing its weak and tender body."
base6-55,Nidorina,Legendary Collection,False,https://images.pokemontcg.io/base6/55_hires.png,Other,5/24/2002,Uncommon,['Grass'],['Stage 1'],70,24,The female's horn develops slowly. Prefers physical attacks such as clawing and biting.
base6-56,Nidorino,Legendary Collection,False,https://images.pokemontcg.io/base6/56_hires.png,Other,5/24/2002,Uncommon,['Grass'],['Stage 1'],60,25,An aggressive Pokémon that is quick to attack. The horn on its head secretes a powerful venom.
base6-57,Omanyte,Legendary Collection,False,https://images.pokemontcg.io/base6/57_hires.png,Other,5/24/2002,Uncommon,['Water'],['Stage 1'],40,19,"Although long extinct, in rare cases, it can be genetically resurrected from fossils."
base6-58,Omastar,Legendary Collection,False,https://images.pokemontcg.io/base6/58_hires.png,Other,5/24/2002,Uncommon,['Water'],['Stage 2'],70,32,A prehistoric Pokémon that died out when its heavy shell made it impossible for it to catch prey.
base6-59,Primeape,Legendary Collection,False,https://images.pokemontcg.io/base6/59_hires.png,Other,5/24/2002,Uncommon,['Fighting'],['Stage 1'],70,45,Always furious and tenacious to boot. It will not abandon chasing its quarry until its quarry is caught.
base6-60,Rapidash,Legendary Collection,False,https://images.pokemontcg.io/base6/60_hires.png,Other,5/24/2002,Uncommon,['Fire'],['Stage 1'],70,33,"Very competitive, this Pokémon will chase anything that moves fast in the hope of racing it."
base6-61,Raticate,Legendary Collection,False,https://images.pokemontcg.io/base6/61_hires.png,Other,5/24/2002,Uncommon,['Colorless'],['Stage 1'],60,41,It uses its whiskers to maintain its balance. It seems to slow down if they are cut off.
base6-62,Sandslash,Legendary Collection,False,https://images.pokemontcg.io/base6/62_hires.png,Other,5/24/2002,Uncommon,['Fighting'],['Stage 1'],70,33,Curls up into a spiny ball when threatened. It can roll while curled up to attack or escape.
base6-63,Seadra,Legendary Collection,False,https://images.pokemontcg.io/base6/63_hires.png,Other,5/24/2002,Uncommon,['Water'],['Stage 1'],60,23,Capable of swimming backward by rapidly flapping its wing-like pectoral fins and stout tail.
base6-64,Snorlax,Legendary Collection,False,https://images.pokemontcg.io/base6/64_hires.png,Other,5/24/2002,Uncommon,['Colorless'],['Basic'],90,20,"Very lazy. Just eats and sleeps. As its rotund bulk builds, it becomes steadily more slothful."
base6-65,Tauros,Legendary Collection,False,https://images.pokemontcg.io/base6/65_hires.png,Other,5/24/2002,Uncommon,['Colorless'],['Basic'],60,24,"When it targets an enemy, it charges furiously while whipping its body with its long tails."
base6-66,Tentacruel,Legendary Collection,False,https://images.pokemontcg.io/base6/66_hires.png,Other,5/24/2002,Uncommon,['Water'],['Stage 1'],60,21,"The tentacles are normally kept short. On hunts, the are extended to ensnare and immobilize prey."
base6-67,Abra,Legendary Collection,False,https://images.pokemontcg.io/base6/67_hires.png,Other,5/24/2002,Common,['Psychic'],['Basic'],30,10,"Using its ability to read minds, it will identify impending danger and teleport to safety."
base6-68,Bulbasaur,Legendary Collection,False,https://images.pokemontcg.io/base6/68_hires.png,Other,5/24/2002,Common,['Grass'],['Basic'],40,13,"A strange seed was planted on its back at birth. Thus, a plant sprouted and now grows with this Pokémon."
base6-69,Caterpie,Legendary Collection,False,https://images.pokemontcg.io/base6/69_hires.png,Other,5/24/2002,Common,['Grass'],['Basic'],40,13,Its short feet are tipped with suction pads that enable it to tirelessly climb slopes and walls.
base6-70,Charmander,Legendary Collection,False,https://images.pokemontcg.io/base6/70_hires.png,Other,5/24/2002,Common,['Fire'],['Basic'],50,10,"Obviously prefers hot places. If it gets caught in the rain, steam is said to spout from the tip of its tail."
base6-71,Doduo,Legendary Collection,False,https://images.pokemontcg.io/base6/71_hires.png,Other,5/24/2002,Common,['Colorless'],['Basic'],50,10,A bird that makes up for its poor flying with its fast foot speed. Leaves giant footprints.
base6-72,Dratini,Legendary Collection,False,https://images.pokemontcg.io/base6/72_hires.png,Other,5/24/2002,Common,['Colorless'],['Basic'],40,10,"Long considered a mythical Pokémon until recently, when a small colony was found living underwater."
base6-73,Drowzee,Legendary Collection,False,https://images.pokemontcg.io/base6/73_hires.png,Other,5/24/2002,Common,['Psychic'],['Basic'],50,10,Not popular with girls because of its attitude. Can often be heard muttering to itself in a low voice.
base6-74,Eevee,Legendary Collection,False,https://images.pokemontcg.io/base6/74_hires.png,Other,5/24/2002,Common,['Colorless'],['Basic'],50,12,Its genetic code is irregular. It may mutate if it is exposed to radiation from elemental stones.
base6-75,Exeggcute,Legendary Collection,False,https://images.pokemontcg.io/base6/75_hires.png,Other,5/24/2002,Common,['Grass'],['Basic'],50,14,"Often mistaken for eggs. When disturbed, they quickly gather and attack in swarms."
base6-76,Gastly,Legendary Collection,False,https://images.pokemontcg.io/base6/76_hires.png,Other,5/24/2002,Common,['Psychic'],['Basic'],50,17,"A mysterious Pokémon. Some say it is a lifeform from another dimension, while others believe it is formed from smog."
base6-77,Geodude,Legendary Collection,False,https://images.pokemontcg.io/base6/77_hires.png,Other,5/24/2002,Common,['Fighting'],['Basic'],50,16,"Found in fields and mountains. Mistaking them for boulders, people often step or trip on them."
base6-78,Grimer,Legendary Collection,False,https://images.pokemontcg.io/base6/78_hires.png,Other,5/24/2002,Common,['Grass'],['Basic'],50,17,Appears in filthy areas. Thrives by sucking up polluted sludge that is pumped out of factories.
base6-79,Machop,Legendary Collection,False,https://images.pokemontcg.io/base6/79_hires.png,Other,5/24/2002,Common,['Fighting'],['Basic'],50,24,It's said that not even pro wrestlers can take down a Machop.
base6-80,Magnemite,Legendary Collection,False,https://images.pokemontcg.io/base6/80_hires.png,Other,5/24/2002,Common,['Lightning'],['Basic'],40,13,Uses anti-gravity to stay suspended. Appears without warning and uses attacks like Thunder Wave.
base6-81,Mankey,Legendary Collection,False,https://images.pokemontcg.io/base6/81_hires.png,Other,5/24/2002,Common,['Fighting'],['Basic'],40,14,"Normally friendly, it quickly becomes angry if it doesn't get what it wants."
base6-82,Nidoran ♀,Legendary Collection,False,https://images.pokemontcg.io/base6/82_hires.png,Other,5/24/2002,Common,['Grass'],['Basic'],60,13,"Although small, its venomous barbs make this Pokémon dangerous. The female has smaller horns."
base6-83,Nidoran ♂,Legendary Collection,False,https://images.pokemontcg.io/base6/83_hires.png,Other,5/24/2002,Common,['Grass'],['Basic'],40,20,"Stiffens its ears to sense danger. The larger, more powerful of its horns secretes venom."
base6-84,Onix,Legendary Collection,False,https://images.pokemontcg.io/base6/84_hires.png,Other,5/24/2002,Common,['Fighting'],['Basic'],90,12,"As it grows, the stone portions of its body harden to become similar to a diamond, though colored black."
base6-85,Pidgey,Legendary Collection,False,https://images.pokemontcg.io/base6/85_hires.png,Other,5/24/2002,Common,['Colorless'],['Basic'],40,8,A common sight in forests and woods. It flaps its wings at ground level to kick up blinding sand.
base6-86,Pikachu,Legendary Collection,False,https://images.pokemontcg.io/base6/86_hires.png,Other,5/24/2002,Common,['Lightning'],['Basic'],50,14,"When several of these Pokémon gather, their electricity can build and cause lightning storms."
base6-87,Ponyta,Legendary Collection,False,https://images.pokemontcg.io/base6/87_hires.png,Other,5/24/2002,Common,['Fire'],['Basic'],40,10,Its hooves are 10 times harder than diamonds. It can trample anything flat in moments.
base6-88,Psyduck,Legendary Collection,False,https://images.pokemontcg.io/base6/88_hires.png,Other,5/24/2002,Common,['Water'],['Basic'],50,16,"It is often seen holding its head in its paws, as if it were suffering from a headache."
base6-89,Rattata,Legendary Collection,False,https://images.pokemontcg.io/base6/89_hires.png,Other,5/24/2002,Common,['Colorless'],['Basic'],30,9,"Bites anything when it attacks. Small and very quick, it is a common sight in many places."
base6-90,Rhyhorn,Legendary Collection,False,https://images.pokemontcg.io/base6/90_hires.png,Other,5/24/2002,Common,['Fighting'],['Basic'],70,18,"Its massive bones are 1,000 times harder than human bones. It can easily knock a trailer flying."
base6-91,Sandshrew,Legendary Collection,False,https://images.pokemontcg.io/base6/91_hires.png,Other,5/24/2002,Common,['Fighting'],['Basic'],40,12,Burrow deep underground in arid locations far from water. It only emerges to hunt for food.
base6-92,Seel,Legendary Collection,False,https://images.pokemontcg.io/base6/92_hires.png,Other,5/24/2002,Common,['Water'],['Basic'],60,12,The protruding horn on its head is very hard. This horn is used for bashing through thick ice.
base6-93,Slowpoke,Legendary Collection,False,https://images.pokemontcg.io/base6/93_hires.png,Other,5/24/2002,Common,['Psychic'],['Basic'],50,18,Incredibly slow and dopey. It takes 5 seconds for it to feel pain when under attack.
base6-94,Spearow,Legendary Collection,False,https://images.pokemontcg.io/base6/94_hires.png,Other,5/24/2002,Common,['Colorless'],['Basic'],50,13,Eats bugs in grassy areas. It has to flap its short wings at high speed to stay airborne.
base6-95,Squirtle,Legendary Collection,False,https://images.pokemontcg.io/base6/95_hires.png,Other,5/24/2002,Common,['Water'],['Basic'],40,8,"After birth, its back swells and hardens into a shell. It powerfully sprays foam from its mouth."
base6-96,Tentacool,Legendary Collection,False,https://images.pokemontcg.io/base6/96_hires.png,Other,5/24/2002,Common,['Water'],['Basic'],30,10,Drifts in shallow seas. Anglers who hook them by accident are often punished by its stinging acid.
base6-97,Voltorb,Legendary Collection,False,https://images.pokemontcg.io/base6/97_hires.png,Other,5/24/2002,Common,['Lightning'],['Basic'],40,10,"Usually found in power plants. Easily mistaken for a Poké Ball, it has zapped many people."
base6-98,Vulpix,Legendary Collection,False,https://images.pokemontcg.io/base6/98_hires.png,Other,5/24/2002,Common,['Fire'],['Basic'],50,11,"At the time of birth, it has just one tail. Its tail splits from the tip as it grows older."
base6-99,Weedle,Legendary Collection,False,https://images.pokemontcg.io/base6/99_hires.png,Other,5/24/2002,Common,['Grass'],['Basic'],40,12,"Often found in forests, eating leaves. It has a sharp, venomous stinger on its head."
bp-1,Electabuzz,Best of Game,False,https://images.pokemontcg.io/bp/1_hires.png,Other,12/1/2002,Promo,['Lightning'],['Basic'],70,35,"Normally found near power plants, it can wander away and cause major blackouts in cities."
bp-2,Hitmonchan,Best of Game,False,https://images.pokemontcg.io/bp/2_hires.png,Other,12/1/2002,Promo,['Fighting'],['Basic'],70,33,"While seeming to do nothing, it fires punches in lightning-fast volleys that are impossible to see."
dp1-1,Dialga,Diamond & Pearl,False,https://images.pokemontcg.io/dp1/1_hires.png,Diamond & Pearl,5/1/2007,Rare Holo,['Metal'],['Basic'],90,68,It has the power to control time. It appears in Sinnoh-region myths as an ancient deity.
dp1-2,Dusknoir,Diamond & Pearl,False,https://images.pokemontcg.io/dp1/2_hires.png,Diamond & Pearl,5/1/2007,Rare Holo,['Psychic'],['Stage 2'],120,42,The antenna on its head captures radio waves from the world of spirits that command it to take people there.
dp1-3,Electivire,Diamond & Pearl,False,https://images.pokemontcg.io/dp1/3_hires.png,Diamond & Pearl,5/1/2007,Rare Holo,['Lightning'],['Stage 1'],100,46,"It pushes the tips of its two tails against the foe, then lets loose with over 20,000 volts of power."
dp1-4,Empoleon,Diamond & Pearl,False,https://images.pokemontcg.io/dp1/4_hires.png,Diamond & Pearl,5/1/2007,Rare Holo,['Water'],['Stage 2'],130,42,The three horns that extend from its beak attest to its power. The leader has the biggest horns.
dp1-5,Infernape,Diamond & Pearl,False,https://images.pokemontcg.io/dp1/5_hires.png,Diamond & Pearl,5/1/2007,Rare Holo,['Fire'],['Stage 2'],100,40,It uses a special kind of martial arts involving all its limbs. Its fire never goes out.
dp1-6,Lucario,Diamond & Pearl,False,https://images.pokemontcg.io/dp1/6_hires.png,Diamond & Pearl,5/1/2007,Rare Holo,['Fighting'],['Stage 1'],90,30,It has the ability to sense the auras of all things. It understands human speech.
dp1-7,Luxray,Diamond & Pearl,False,https://images.pokemontcg.io/dp1/7_hires.png,Diamond & Pearl,5/1/2007,Rare Holo,['Lightning'],['Stage 2'],120,48,It has eyes that can see through anything. It spots and captures prey hiding behind objects.
dp1-8,Magnezone,Diamond & Pearl,False,https://images.pokemontcg.io/dp1/8_hires.png,Diamond & Pearl,5/1/2007,Rare Holo,['Metal'],['Stage 2'],120,48,It evolved from exposure to a special magnetic field. Three units generate magnetism.
dp1-9,Manaphy,Diamond & Pearl,False,https://images.pokemontcg.io/dp1/9_hires.png,Diamond & Pearl,5/1/2007,Rare Holo,['Water'],['Basic'],70,20,"Born on a cold seafloor, it will swim great distances to return to its birthplace."
dp1-10,Mismagius,Diamond & Pearl,False,https://images.pokemontcg.io/dp1/10_hires.png,Diamond & Pearl,5/1/2007,Rare Holo,['Psychic'],['Stage 1'],90,37,Its cries sound like incantations. Those hearing it are tormented by headaches and hallucinations.
dp1-11,Palkia,Diamond & Pearl,False,https://images.pokemontcg.io/dp1/11_hires.png,Diamond & Pearl,5/1/2007,Rare Holo,['Water'],['Basic'],90,67,It has the ability to distort space. It is described as a deity in Sinnoh-region mythology.
dp1-12,Rhyperior,Diamond & Pearl,False,https://images.pokemontcg.io/dp1/12_hires.png,Diamond & Pearl,5/1/2007,Rare Holo,['Fighting'],['Stage 2'],140,61,It puts rocks in holes in its palms and uses its muscles to shoot them. Geodude are shot at rare times.
dp1-13,Roserade,Diamond & Pearl,False,https://images.pokemontcg.io/dp1/13_hires.png,Diamond & Pearl,5/1/2007,Rare Holo,['Grass'],['Stage 1'],90,33,"It attracts prey with a sweet aroma, then downs it with thorny whips hidden in its arms."
dp1-14,Shiftry,Diamond & Pearl,False,https://images.pokemontcg.io/dp1/14_hires.png,Diamond & Pearl,5/1/2007,Rare Holo,['Darkness'],['Stage 2'],120,48,"By flapping its leafy fan, it can whip up gusts of 100 ft/second that can level houses."
dp1-15,Skuntank,Diamond & Pearl,False,https://images.pokemontcg.io/dp1/15_hires.png,Diamond & Pearl,5/1/2007,Rare Holo,['Darkness'],['Stage 1'],90,36,It sprays a vile-smelling fluid from the tip of its tail to attack. Its range is over 160 feet.
dp1-16,Staraptor,Diamond & Pearl,False,https://images.pokemontcg.io/dp1/16_hires.png,Diamond & Pearl,5/1/2007,Rare Holo,['Colorless'],['Stage 2'],100,54,It has a savage nature. It will courageously challenge foes that are much larger.
dp1-17,Torterra,Diamond & Pearl,False,https://images.pokemontcg.io/dp1/17_hires.png,Diamond & Pearl,5/1/2007,Rare Holo,['Grass'],['Stage 2'],140,45,Small Pokémon occasionally gather on its unmoving back to begin building their nests.
dp1-18,Azumarill,Diamond & Pearl,False,https://images.pokemontcg.io/dp1/18_hires.png,Diamond & Pearl,5/1/2007,Rare,['Water'],['Stage 1'],80,35,"It lives in rivers and lakes. In water, its coloring and patterns trick the vision of foes."
dp1-19,Beautifly,Diamond & Pearl,False,https://images.pokemontcg.io/dp1/19_hires.png,Diamond & Pearl,5/1/2007,Rare,['Grass'],['Stage 2'],100,29,"It has an aggressive nature. It stabs prey with its long, narrow mouth to drain the prey's fluids."
dp1-20,Bibarel,Diamond & Pearl,False,https://images.pokemontcg.io/dp1/20_hires.png,Diamond & Pearl,5/1/2007,Rare,['Colorless'],['Stage 1'],100,26,It makes its nest by damming streams with bark and mud. It is known as an industrious worker.
dp1-21,Carnivine,Diamond & Pearl,False,https://images.pokemontcg.io/dp1/21_hires.png,Diamond & Pearl,5/1/2007,Rare,['Grass'],['Basic'],70,32,"It attracts prey with its sweet-smelling saliva, then chomps down. It takes a whole day to eat prey."
dp1-22,Clefable,Diamond & Pearl,False,https://images.pokemontcg.io/dp1/22_hires.png,Diamond & Pearl,5/1/2007,Rare,['Colorless'],['Stage 1'],90,37,"Rarely seen by people, it is said to be drawn by the full moon to play at deserted lakes."
dp1-23,Drapion,Diamond & Pearl,False,https://images.pokemontcg.io/dp1/23_hires.png,Diamond & Pearl,5/1/2007,Rare,['Psychic'],['Stage 1'],100,41,It has the power in its clawed arms to make scrap of a car. The tips of its claws release poison.
dp1-24,Drifblim,Diamond & Pearl,False,https://images.pokemontcg.io/dp1/24_hires.png,Diamond & Pearl,5/1/2007,Rare,['Psychic'],['Stage 1'],80,40,"It's drowzy in daytime, but flies off in the evening in big groups. No one knows where they go."
dp1-25,Dustox,Diamond & Pearl,False,https://images.pokemontcg.io/dp1/25_hires.png,Diamond & Pearl,5/1/2007,Rare,['Grass'],['Stage 2'],120,34,"A nocturnal Pokémon. Drawn by streetlights, they messily eat the leaves of trees lining boulevards."
dp1-26,Floatzel,Diamond & Pearl,False,https://images.pokemontcg.io/dp1/26_hires.png,Diamond & Pearl,5/1/2007,Rare,['Water'],['Stage 1'],90,29,It floats using its well-developed floatation sac. It assists in the rescues of drowning people.
dp1-27,Gengar,Diamond & Pearl,False,https://images.pokemontcg.io/dp1/27_hires.png,Diamond & Pearl,5/1/2007,Rare,['Psychic'],['Stage 2'],110,39,"It hides in shadows. It is said that if Gengar is hiding, it cools that area by nearly 10 degrees F."
dp1-28,Heracross,Diamond & Pearl,False,https://images.pokemontcg.io/dp1/28_hires.png,Diamond & Pearl,5/1/2007,Rare,['Grass'],['Basic'],80,29,"It gathers in forests to search for tree sap, its favorite food. It's strong enough to hurl foes."
dp1-29,Hippowdon,Diamond & Pearl,False,https://images.pokemontcg.io/dp1/29_hires.png,Diamond & Pearl,5/1/2007,Rare,['Fighting'],['Stage 1'],110,45,It blasts internally stored sand from ports on its body to create a towering twister for attack.
dp1-30,Lopunny,Diamond & Pearl,False,https://images.pokemontcg.io/dp1/30_hires.png,Diamond & Pearl,5/1/2007,Rare,['Colorless'],['Stage 1'],80,33,An extremely cautious Pokémon. It cloaks its body with its fluffy ear fur when it senses danger.
dp1-31,Machamp,Diamond & Pearl,False,https://images.pokemontcg.io/dp1/31_hires.png,Diamond & Pearl,5/1/2007,Rare,['Fighting'],['Stage 2'],130,59,"It punches with its four arms at blinding speed. It can launch 1,000 punches in two seconds."
dp1-32,Medicham,Diamond & Pearl,False,https://images.pokemontcg.io/dp1/32_hires.png,Diamond & Pearl,5/1/2007,Rare,['Fighting'],['Stage 1'],90,42,"Through yoga training, it has honed its sixth sense. Its movements are elegant."
dp1-33,Munchlax,Diamond & Pearl,False,https://images.pokemontcg.io/dp1/33_hires.png,Diamond & Pearl,5/1/2007,Rare,['Colorless'],['Basic'],60,8,"It wolfs down its weight in food once a day, swallowing food whole with almost no chewing."
dp1-34,Noctowl,Diamond & Pearl,False,https://images.pokemontcg.io/dp1/34_hires.png,Diamond & Pearl,5/1/2007,Rare,['Colorless'],['Stage 1'],90,40,Its eyes are special. They can pick out objects as long as there is the tiniest amount of light.
dp1-35,Pachirisu,Diamond & Pearl,False,https://images.pokemontcg.io/dp1/35_hires.png,Diamond & Pearl,5/1/2007,Rare,['Lightning'],['Basic'],70,23,It makes fur balls that crackle with static electricity. It stores them with berries in tree holes.
dp1-36,Purugly,Diamond & Pearl,False,https://images.pokemontcg.io/dp1/36_hires.png,Diamond & Pearl,5/1/2007,Rare,['Colorless'],['Stage 1'],90,44,It is a brazen brute that barges its way into another Pokémon's nest and claims it as its own.
dp1-37,Snorlax,Diamond & Pearl,False,https://images.pokemontcg.io/dp1/37_hires.png,Diamond & Pearl,5/1/2007,Rare,['Colorless'],['Basic'],100,35,"Its stomach can digest any kind of food, even if it happens to be moldy or rotten."
dp1-38,Steelix,Diamond & Pearl,False,https://images.pokemontcg.io/dp1/38_hires.png,Diamond & Pearl,5/1/2007,Rare,['Metal'],['Stage 1'],110,50,"Tempered underground under high pressure and heat, its body is harder than any metal."
dp1-39,Vespiquen,Diamond & Pearl,False,https://images.pokemontcg.io/dp1/39_hires.png,Diamond & Pearl,5/1/2007,Rare,['Grass'],['Stage 1'],100,40,Its abdomen is a honeycomb for grubs. It raises its grubs on honey collected by COMBEE.
dp1-40,Weavile,Diamond & Pearl,False,https://images.pokemontcg.io/dp1/40_hires.png,Diamond & Pearl,5/1/2007,Rare,['Darkness'],['Stage 1'],80,37,"They live in cold regions, forming groups of four or five that hunt prey with impressive coordination."
dp1-41,Wobbuffet,Diamond & Pearl,False,https://images.pokemontcg.io/dp1/41_hires.png,Diamond & Pearl,5/1/2007,Rare,['Psychic'],['Basic'],80,25,It desperately tries to keep its black tail hidden. It is said to be proof the tail hides a secret.
dp1-42,Wynaut,Diamond & Pearl,False,https://images.pokemontcg.io/dp1/42_hires.png,Diamond & Pearl,5/1/2007,Rare,['Psychic'],['Basic'],40,6,It grows strong by pushing up against others en masse. It loves eating sweet fruit.
dp1-43,Budew,Diamond & Pearl,False,https://images.pokemontcg.io/dp1/43_hires.png,Diamond & Pearl,5/1/2007,Uncommon,['Grass'],['Basic'],40,6,"Over the winter, it closes its bud and endures the cold. In spring, the bud opens and releases pollen."
dp1-44,Cascoon,Diamond & Pearl,False,https://images.pokemontcg.io/dp1/44_hires.png,Diamond & Pearl,5/1/2007,Uncommon,['Grass'],['Stage 1'],80,8,It is hot inside its cocoon. All the cells in its body create the energy for it to evolve.
dp1-45,Cherrim,Diamond & Pearl,False,https://images.pokemontcg.io/dp1/45_hires.png,Diamond & Pearl,5/1/2007,Uncommon,['Grass'],['Stage 1'],80,26,It blooms during times of strong sunlight. It tries to make up for everything it endured as a bud.
dp1-46,Drifloon,Diamond & Pearl,False,https://images.pokemontcg.io/dp1/46_hires.png,Diamond & Pearl,5/1/2007,Uncommon,['Psychic'],['Basic'],60,17,"A Pokémon formed by the spirits of people and Pokémon. It loves damp, humid seasons."
dp1-47,Dusclops,Diamond & Pearl,False,https://images.pokemontcg.io/dp1/47_hires.png,Diamond & Pearl,5/1/2007,Uncommon,['Psychic'],['Stage 1'],80,38,Its body is hollow. It is said that those who look into its body are sucked into the void.
dp1-48,Elekid,Diamond & Pearl,False,https://images.pokemontcg.io/dp1/48_hires.png,Diamond & Pearl,5/1/2007,Uncommon,['Lightning'],['Basic'],40,6,"It generates electricity by whirling its arms. However, it can't store the energy it makes."
dp1-49,Grotle,Diamond & Pearl,False,https://images.pokemontcg.io/dp1/49_hires.png,Diamond & Pearl,5/1/2007,Uncommon,['Grass'],['Stage 1'],90,21,"It lives along water in forests. In the daytime, it leaves the forest to sunbathe its treed shell."
dp1-50,Haunter,Diamond & Pearl,False,https://images.pokemontcg.io/dp1/50_hires.png,Diamond & Pearl,5/1/2007,Uncommon,['Psychic'],['Stage 1'],70,32,It can slip through any obstacle. It lurks inside walls to keep an eye on its foes.
dp1-51,Hippopotas,Diamond & Pearl,False,https://images.pokemontcg.io/dp1/51_hires.png,Diamond & Pearl,5/1/2007,Uncommon,['Fighting'],['Basic'],60,23,"It lives in arid places. Instead of perspiration, it expels grainy sand from its body."
dp1-52,Luxio,Diamond & Pearl,False,https://images.pokemontcg.io/dp1/52_hires.png,Diamond & Pearl,5/1/2007,Uncommon,['Lightning'],['Stage 1'],80,19,Its claws loose electricity with enough amperage to cause fainting. They live in small groups.
dp1-53,Machoke,Diamond & Pearl,False,https://images.pokemontcg.io/dp1/53_hires.png,Diamond & Pearl,5/1/2007,Uncommon,['Fighting'],['Stage 1'],80,39,"MACHOKE's boundless power is very dangerous, so it wears a belt that suppresses its energy."
dp1-54,Magneton,Diamond & Pearl,False,https://images.pokemontcg.io/dp1/54_hires.png,Diamond & Pearl,5/1/2007,Uncommon,['Metal'],['Stage 1'],70,35,It is actually three MAGNEMITE linked by magnetism. A group can set off a magnetic storm.
dp1-55,Mantyke,Diamond & Pearl,False,https://images.pokemontcg.io/dp1/55_hires.png,Diamond & Pearl,5/1/2007,Uncommon,['Water'],['Basic'],40,6,A friendly Pokémon that captures the subtle flows of seawater using its two antennae.
dp1-56,Monferno,Diamond & Pearl,False,https://images.pokemontcg.io/dp1/56_hires.png,Diamond & Pearl,5/1/2007,Uncommon,['Fire'],['Stage 1'],70,18,"To intimidate attackers, it stretches the fire on its tail to make itself appear bigger."
dp1-57,Nuzleaf,Diamond & Pearl,False,https://images.pokemontcg.io/dp1/57_hires.png,Diamond & Pearl,5/1/2007,Uncommon,['Darkness'],['Stage 1'],80,28,The sound of its grass flute makes its listeners uneasy. It lives deep in forests.
dp1-58,Prinplup,Diamond & Pearl,False,https://images.pokemontcg.io/dp1/58_hires.png,Diamond & Pearl,5/1/2007,Uncommon,['Water'],['Stage 1'],80,20,"It lives alone, away from others. Apparently, every one of them believes it is the most important."
dp1-59,Rapidash,Diamond & Pearl,False,https://images.pokemontcg.io/dp1/59_hires.png,Diamond & Pearl,5/1/2007,Uncommon,['Fire'],['Stage 1'],80,34,"It gallops at nearly 150 mph. With its mane blazing ferociously, it races as if it were an arrow."
dp1-60,Rhydon,Diamond & Pearl,False,https://images.pokemontcg.io/dp1/60_hires.png,Diamond & Pearl,5/1/2007,Uncommon,['Fighting'],['Stage 1'],90,43,Its brain developed after it stood up on its hind legs. Its drill horn bores tunnels through solid rock.
dp1-61,Riolu,Diamond & Pearl,False,https://images.pokemontcg.io/dp1/61_hires.png,Diamond & Pearl,5/1/2007,Uncommon,['Fighting'],['Basic'],60,7,The aura that emanates from its body intensifies to alert others if it is afraid or sad.
dp1-62,Seaking,Diamond & Pearl,False,https://images.pokemontcg.io/dp1/62_hires.png,Diamond & Pearl,5/1/2007,Uncommon,['Water'],['Stage 1'],80,41,It makes its nest by hollowing out boulders in streams with its horn. It defends its eggs with its life.
dp1-63,Silcoon,Diamond & Pearl,False,https://images.pokemontcg.io/dp1/63_hires.png,Diamond & Pearl,5/1/2007,Uncommon,['Grass'],['Stage 1'],80,8,It anchors itself by wrapping twigs with the silk from its body. It motionlessly awaits evolution.
dp1-64,Staravia,Diamond & Pearl,False,https://images.pokemontcg.io/dp1/64_hires.png,Diamond & Pearl,5/1/2007,Uncommon,['Colorless'],['Stage 1'],70,21,It flies around forests and fields in search of bug Pokémon. It stays within a huge flock.
dp1-65,Unown A,Diamond & Pearl,False,https://images.pokemontcg.io/dp1/65_hires.png,Diamond & Pearl,5/1/2007,Uncommon,['Psychic'],['Basic'],50,15,"Shaped like ancient writing, it is a huge mystery whether language or UNOWN came first."
dp1-66,Unown B,Diamond & Pearl,False,https://images.pokemontcg.io/dp1/66_hires.png,Diamond & Pearl,5/1/2007,Uncommon,['Psychic'],['Basic'],50,12,"Shaped like ancient writing, it is a huge mystery whether language or UNOWN came first."
dp1-67,Unown C,Diamond & Pearl,False,https://images.pokemontcg.io/dp1/67_hires.png,Diamond & Pearl,5/1/2007,Uncommon,['Psychic'],['Basic'],50,18,"Shaped like ancient writing, it is a huge mystery whether language or UNOWN came first."
dp1-68,Unown D,Diamond & Pearl,False,https://images.pokemontcg.io/dp1/68_hires.png,Diamond & Pearl,5/1/2007,Uncommon,['Psychic'],['Basic'],50,14,"Shaped like ancient writing, it is a huge mystery whether language or UNOWN came first."
dp1-69,Azurill,Diamond & Pearl,False,https://images.pokemontcg.io/dp1/69_hires.png,Diamond & Pearl,5/1/2007,Common,['Colorless'],['Basic'],40,6,A Pokémon that lives by water. It moves quickly on land by bouncing on its big tail.
dp1-70,Bidoof,Diamond & Pearl,False,https://images.pokemontcg.io/dp1/70_hires.png,Diamond & Pearl,5/1/2007,Common,['Colorless'],['Basic'],50,10,"With nerves of steel, nothing can perturb it. It is more agile and active than it appears."
dp1-71,Bonsly,Diamond & Pearl,False,https://images.pokemontcg.io/dp1/71_hires.png,Diamond & Pearl,5/1/2007,Common,['Fighting'],['Basic'],40,6,It looks as if it is always crying. It is actually adjusting its body's fluid levels by eliminating excess.
dp1-72,Buizel,Diamond & Pearl,False,https://images.pokemontcg.io/dp1/72_hires.png,Diamond & Pearl,5/1/2007,Common,['Water'],['Basic'],60,10,It has a flotation sac that is like an inflatable collar. It floats on water with its head out.
dp1-73,Buneary,Diamond & Pearl,False,https://images.pokemontcg.io/dp1/73_hires.png,Diamond & Pearl,5/1/2007,Common,['Colorless'],['Basic'],50,11,It slams foes by sharply uncoiling its rolled ears. It stings enough to make a grown-up cry in pain.
dp1-74,Chatot,Diamond & Pearl,False,https://images.pokemontcg.io/dp1/74_hires.png,Diamond & Pearl,5/1/2007,Common,['Colorless'],['Basic'],60,27,"It can learn and speak human words. If they gather, they all learn the same saying."
dp1-75,Cherubi,Diamond & Pearl,False,https://images.pokemontcg.io/dp1/75_hires.png,Diamond & Pearl,5/1/2007,Common,['Grass'],['Basic'],50,7,"The small ball holds the nutrients needed for evolution. Apparently, it is very sweet and tasty."
dp1-76,Chimchar,Diamond & Pearl,False,https://images.pokemontcg.io/dp1/76_hires.png,Diamond & Pearl,5/1/2007,Common,['Fire'],['Basic'],50,8,It agilely scales sheer cliffs to live atop craggy mountains. Its fire is put out when it sleeps.
dp1-77,Clefairy,Diamond & Pearl,False,https://images.pokemontcg.io/dp1/77_hires.png,Diamond & Pearl,5/1/2007,Common,['Colorless'],['Basic'],60,18,"Thought to live with others on quiet mountains, it is popular for its adorable nature."
dp1-78,Cleffa,Diamond & Pearl,False,https://images.pokemontcg.io/dp1/78_hires.png,Diamond & Pearl,5/1/2007,Common,['Colorless'],['Basic'],40,5,Its silhouette is like a star. It is believed to arrive riding on shooting stars.
dp1-79,Combee,Diamond & Pearl,False,https://images.pokemontcg.io/dp1/79_hires.png,Diamond & Pearl,5/1/2007,Common,['Grass'],['Basic'],50,8,A Pokémon formed by three others. It busily carries sweet floral honey to VESPIQUEN.
dp1-80,Duskull,Diamond & Pearl,False,https://images.pokemontcg.io/dp1/80_hires.png,Diamond & Pearl,5/1/2007,Common,['Psychic'],['Basic'],50,15,"It doggedly pursues its prey wherever it goes. However, the chase is abandoned at sunrise."
dp1-81,Electabuzz,Diamond & Pearl,False,https://images.pokemontcg.io/dp1/81_hires.png,Diamond & Pearl,5/1/2007,Common,['Lightning'],['Basic'],70,29,Half of all blackouts occur when this Pokémon appears at power plants and eats electricity.
dp1-82,Gastly,Diamond & Pearl,False,https://images.pokemontcg.io/dp1/82_hires.png,Diamond & Pearl,5/1/2007,Common,['Psychic'],['Basic'],50,12,"This Pokémon's body is 95% made up of gases, which are blown away by strong gusts of wind."
dp1-83,Glameow,Diamond & Pearl,False,https://images.pokemontcg.io/dp1/83_hires.png,Diamond & Pearl,5/1/2007,Common,['Colorless'],['Basic'],50,12,It claws if displeased and purrs when affectionate. Its fickleness if very popular among some.
dp1-84,Goldeen,Diamond & Pearl,False,https://images.pokemontcg.io/dp1/84_hires.png,Diamond & Pearl,5/1/2007,Common,['Water'],['Basic'],60,14,It swims elegantly by flittering its tail as if it were a dress. It has the look of a queen.
dp1-85,Hoothoot,Diamond & Pearl,False,https://images.pokemontcg.io/dp1/85_hires.png,Diamond & Pearl,5/1/2007,Common,['Colorless'],['Basic'],50,7,"It always stands on one foot. Even when attacked, it does not brace itself using both feet."
dp1-86,Machop,Diamond & Pearl,False,https://images.pokemontcg.io/dp1/86_hires.png,Diamond & Pearl,5/1/2007,Common,['Fighting'],['Basic'],60,20,It hefts a GRAVELER repeatedly to strengthen its entire body. It uses every type of martial arts.
dp1-87,Magnemite,Diamond & Pearl,False,https://images.pokemontcg.io/dp1/87_hires.png,Diamond & Pearl,5/1/2007,Common,['Metal'],['Basic'],50,10,The units at its sides generate electromagnetic waves that keep it airborne. It feeds on electricity.
dp1-88,Marill,Diamond & Pearl,False,https://images.pokemontcg.io/dp1/88_hires.png,Diamond & Pearl,5/1/2007,Common,['Water'],['Basic'],60,12,"Using its tail as a float, it dives underwater. It likes eating plants that grow on river bottoms."
dp1-89,Meditite,Diamond & Pearl,False,https://images.pokemontcg.io/dp1/89_hires.png,Diamond & Pearl,5/1/2007,Common,['Fighting'],['Basic'],50,19,"It eats just one berry a day. By enduring hunger, its spirit is tempered and made sharper."
dp1-90,Mime Jr.,Diamond & Pearl,False,https://images.pokemontcg.io/dp1/90_hires.png,Diamond & Pearl,5/1/2007,Common,['Psychic'],['Basic'],40,5,"It habitually mimics foes. Once mimicked, the foe cannot take its eyes off this Pokémon."
dp1-91,Misdreavus,Diamond & Pearl,False,https://images.pokemontcg.io/dp1/91_hires.png,Diamond & Pearl,5/1/2007,Common,['Psychic'],['Basic'],60,16,"It loves to sneak up on people late at night, then startle them with its shrieklike cry."
dp1-92,Onix,Diamond & Pearl,False,https://images.pokemontcg.io/dp1/92_hires.png,Diamond & Pearl,5/1/2007,Common,['Fighting'],['Basic'],90,22,"When it travels underground, it causes rumbling and tremors. It can move at 50 mph."
dp1-93,Piplup,Diamond & Pearl,False,https://images.pokemontcg.io/dp1/93_hires.png,Diamond & Pearl,5/1/2007,Common,['Water'],['Basic'],60,9,"Because it is very proud, it hates accepting food from people. Its thick down guards it from cold."
dp1-94,Ponyta,Diamond & Pearl,False,https://images.pokemontcg.io/dp1/94_hires.png,Diamond & Pearl,5/1/2007,Common,['Fire'],['Basic'],60,12,"About an hour after birth, its fiery mane and tail grow out, giving it an impressive appearance."
dp1-95,Rhyhorn,Diamond & Pearl,False,https://images.pokemontcg.io/dp1/95_hires.png,Diamond & Pearl,5/1/2007,Common,['Fighting'],['Basic'],60,19,"Its body is clad in a thick hide, and its tackles topple buildings. Unfortunately, it is not smart."
dp1-96,Roselia,Diamond & Pearl,False,https://images.pokemontcg.io/dp1/96_hires.png,Diamond & Pearl,5/1/2007,Common,['Grass'],['Basic'],70,31,ROSELIA raised on clean drinking water are known to grow vividly colored flowers.
dp1-97,Seedot,Diamond & Pearl,False,https://images.pokemontcg.io/dp1/97_hires.png,Diamond & Pearl,5/1/2007,Common,['Grass'],['Basic'],50,9,"When it dangles from a tree branch, it looks just like an acorn. It enjoys scaring other Pokémon."
dp1-98,Shinx,Diamond & Pearl,False,https://images.pokemontcg.io/dp1/98_hires.png,Diamond & Pearl,5/1/2007,Common,['Lightning'],['Basic'],60,7,All of its fur dazzles if danger is sensed. It flees while the foe is momentarily blinded.
dp1-99,Skorupi,Diamond & Pearl,False,https://images.pokemontcg.io/dp1/99_hires.png,Diamond & Pearl,5/1/2007,Common,['Psychic'],['Basic'],60,9,It grips prey with its tail claws and injects poison. It tenaciously hangs on until the poison takes.
dp1-100,Sneasel,Diamond & Pearl,False,https://images.pokemontcg.io/dp1/100_hires.png,Diamond & Pearl,5/1/2007,Common,['Darkness'],['Basic'],60,21,It feeds on eggs stolen from nests. Its sharply hooked claws rip vulnerable spots on prey.
dp1-101,Starly,Diamond & Pearl,False,https://images.pokemontcg.io/dp1/101_hires.png,Diamond & Pearl,5/1/2007,Common,['Colorless'],['Basic'],50,8,"They flock in great numbers. Though small, they flap their wings with great power."
dp1-102,Stunky,Diamond & Pearl,False,https://images.pokemontcg.io/dp1/102_hires.png,Diamond & Pearl,5/1/2007,Common,['Darkness'],['Basic'],60,17,It protects itself by spraying a noxious fluid from its rear. The stench lingers for 24 hours.
dp1-103,Turtwig,Diamond & Pearl,False,https://images.pokemontcg.io/dp1/103_hires.png,Diamond & Pearl,5/1/2007,Common,['Grass'],['Basic'],60,10,"Made from soil, the shell on its back hardens when it drinks water. It lives along lakes."
dp1-104,Wurmple,Diamond & Pearl,False,https://images.pokemontcg.io/dp1/104_hires.png,Diamond & Pearl,5/1/2007,Common,['Grass'],['Basic'],50,7,"It loves to eat leaves. If it is attacked by a STARLY, it will defend itself with its spiked rear."
dpp-DP01,Turtwig,DP Black Star Promos,False,https://images.pokemontcg.io/dpp/DP01_hires.png,Diamond & Pearl,5/1/2007,Promo,['Grass'],['Basic'],60,10,"Made from soil, the shell on its back hardens when it drinks water. It lives along lakes."
dpp-DP02,Chimchar,DP Black Star Promos,False,https://images.pokemontcg.io/dpp/DP02_hires.png,Diamond & Pearl,5/1/2007,Promo,['Fire'],['Basic'],50,8,It agilely scales sheer cliffs to live atop craggy mountains. Its fire is put out when it sleeps.
dpp-DP03,Piplup,DP Black Star Promos,False,https://images.pokemontcg.io/dpp/DP03_hires.png,Diamond & Pearl,5/1/2007,Promo,['Water'],['Basic'],60,9,"Because it is very proud, it hates accepting food from people. Its thick down guards it from cold."
dpp-DP04,Pachirisu,DP Black Star Promos,False,https://images.pokemontcg.io/dpp/DP04_hires.png,Diamond & Pearl,5/1/2007,Promo,['Lightning'],['Basic'],70,23,It makes fur balls that crackle with static electricity. It stores them with berries in tree holes.
dpp-DP06,Buneary,DP Black Star Promos,False,https://images.pokemontcg.io/dpp/DP06_hires.png,Diamond & Pearl,5/1/2007,Promo,['Colorless'],['Basic'],50,11,It slams foes by sharply uncoiling its rolled ears. It stings enough to make a grown-up cry in pain.
dpp-DP07,Cranidos,DP Black Star Promos,False,https://images.pokemontcg.io/dpp/DP07_hires.png,Diamond & Pearl,5/1/2007,Promo,['Fighting'],['Stage 1'],70,24,It lived in jungles around 100 million years ago. Its skull is as hard as iron.
dpp-DP08,Shieldon,DP Black Star Promos,False,https://images.pokemontcg.io/dpp/DP08_hires.png,Diamond & Pearl,5/1/2007,Promo,['Metal'],['Stage 1'],80,26,A Pokémon that lived in jungles around 100 million years ago. Its facial hide is extremely hard.
dpp-DP13,Buizel,DP Black Star Promos,False,https://images.pokemontcg.io/dpp/DP13_hires.png,Diamond & Pearl,5/1/2007,Promo,['Water'],['Basic'],60,10,It has a flotation sac that is like an inflatable collar. It floats on water with its head out.
dpp-DP14,Chatot,DP Black Star Promos,False,https://images.pokemontcg.io/dpp/DP14_hires.png,Diamond & Pearl,5/1/2007,Promo,['Colorless'],['Basic'],60,27,"It can learn and speak human words. If they gather, they all learn the same saying."
dpp-DP15,Shinx,DP Black Star Promos,False,https://images.pokemontcg.io/dpp/DP15_hires.png,Diamond & Pearl,5/1/2007,Promo,['Lightning'],['Basic'],60,7,All of its fur dazzles if danger is sensed. It flees while the foe is momentarily blinded.
dpp-DP16,Pikachu,DP Black Star Promos,False,https://images.pokemontcg.io/dpp/DP16_hires.png,Diamond & Pearl,5/1/2007,Promo,['Lightning'],['Basic'],60,15,It lives in forests with others. It stores electricity in the pouches on its cheeks.
dpp-DP20,Magmortar,DP Black Star Promos,False,https://images.pokemontcg.io/dpp/DP20_hires.png,Diamond & Pearl,5/1/2007,Promo,['Fire'],['Stage 1'],100,48,"It blasts fireballs of over 3,600 degrees F from the ends of its arms. It lives in volcanic craters."
dpp-DP21,Raichu,DP Black Star Promos,False,https://images.pokemontcg.io/dpp/DP21_hires.png,Diamond & Pearl,5/1/2007,Promo,['Lightning'],['Stage 1'],90,40,It turns aggressive if it has too much electricity in its body. It discharges power through its tail.
dpp-DP22,Mime Jr.,DP Black Star Promos,False,https://images.pokemontcg.io/dpp/DP22_hires.png,Diamond & Pearl,5/1/2007,Promo,['Psychic'],['Basic'],40,5,"It habitually mimics foes. Once mimicked, the foe cannot take its eyes off this Pokémon."
dpp-DP23,Glameow,DP Black Star Promos,False,https://images.pokemontcg.io/dpp/DP23_hires.png,Diamond & Pearl,5/1/2007,Promo,['Colorless'],['Basic'],50,12,It claws if displeased and purrs when affectionate. Its fickleness if very popular among some.
dpp-DP26,Dialga,DP Black Star Promos,False,https://images.pokemontcg.io/dpp/DP26_hires.png,Diamond & Pearl,5/1/2007,Promo,['Metal'],['Basic'],90,68,It has the power to control time. It appears in Sinnoh-region myths as an ancient deity.
dpp-DP27,Palkia,DP Black Star Promos,False,https://images.pokemontcg.io/dpp/DP27_hires.png,Diamond & Pearl,5/1/2007,Promo,['Water'],['Basic'],90,67,It has the ability to distort space. It is described as a deity in Sinnoh-region mythology.
dpp-DP32,Magnezone,DP Black Star Promos,False,https://images.pokemontcg.io/dpp/DP32_hires.png,Diamond & Pearl,5/1/2007,Promo,['Metal'],['Stage 2'],130,51,It evolved from exposure to a special magnetic field. Three units generate magnetism.
dpp-DP33,Dusknoir,DP Black Star Promos,False,https://images.pokemontcg.io/dpp/DP33_hires.png,Diamond & Pearl,5/1/2007,Promo,['Psychic'],['Stage 2'],130,49,The antenna on its head captures radio waves from the world of spirits that command it to take people there.
dpp-DP34,Drifblim,DP Black Star Promos,False,https://images.pokemontcg.io/dpp/DP34_hires.png,Diamond & Pearl,5/1/2007,Promo,['Psychic'],['Stage 1'],80,40,"It's drowzy in daytime, but flies off in the evening in big groups. No one knows where they go."
dpp-DP40,Regigigas,DP Black Star Promos,False,https://images.pokemontcg.io/dpp/DP40_hires.png,Diamond & Pearl,5/1/2007,Promo,['Colorless'],['Basic'],100,46,There is an enduring legend that states this Pokémon towed continents with ropes.
dpp-DP44,Magnezone,DP Black Star Promos,False,https://images.pokemontcg.io/dpp/DP44_hires.png,Diamond & Pearl,5/1/2007,Promo,['Lightning'],['Stage 2'],130,53,It evolved from exposure to a special magnetic field. Three units generate magnetism.
dpp-DP49,Dialga,DP Black Star Promos,False,https://images.pokemontcg.io/dpp/DP49_hires.png,Diamond & Pearl,5/1/2007,Promo,['Metal'],['Basic'],100,69,It has the power to control time. It appears in Sinnoh-region myths as an ancient deity.
dpp-DP50,Arceus,DP Black Star Promos,False,https://images.pokemontcg.io/dpp/DP50_hires.png,Diamond & Pearl,5/1/2007,Promo,['Colorless'],['Basic'],90,100,"It is said to have emerged from an egg in a place where there was nothing, then shaped the world."
dpp-DP51,Cresselia,DP Black Star Promos,False,https://images.pokemontcg.io/dpp/DP51_hires.png,Diamond & Pearl,5/1/2007,Promo,['Psychic'],['Basic'],90,62,"On nights around the quarter moon, the aurora from its tail extends and undulates beautifully."
dpp-DP52,Darkrai,DP Black Star Promos,False,https://images.pokemontcg.io/dpp/DP52_hires.png,Diamond & Pearl,5/1/2007,Promo,['Darkness'],['Basic'],90,61,"To protect itself, it afflicts those around it with nightmares. However, it means no harm."
dp2-1,Aggron,Mysterious Treasures,False,https://images.pokemontcg.io/dp2/1_hires.png,Diamond & Pearl,8/1/2007,Rare Holo,['Metal'],['Stage 2'],130,49,"While seeking iron for food, it digs tunnels by breaking through bedrock with its steel horns."
dp2-2,Alakazam,Mysterious Treasures,False,https://images.pokemontcg.io/dp2/2_hires.png,Diamond & Pearl,8/1/2007,Rare Holo,['Psychic'],['Stage 2'],100,47,"Its superb memory lets it recall everything it has experienced from birth. Its IQ exceeds 5,000."
dp2-3,Ambipom,Mysterious Treasures,False,https://images.pokemontcg.io/dp2/3_hires.png,Diamond & Pearl,8/1/2007,Rare Holo,['Colorless'],['Stage 1'],80,36,"To eat, it deftly shucks nuts with its two tails. It rarely uses its arms now."
dp2-4,Azelf,Mysterious Treasures,False,https://images.pokemontcg.io/dp2/4_hires.png,Diamond & Pearl,8/1/2007,Rare Holo,['Psychic'],['Basic'],60,50,"Known as ""The Being of Willpower."" It sleeps at the bottom of a lake to keep the world in balance."
dp2-5,Blissey,Mysterious Treasures,False,https://images.pokemontcg.io/dp2/5_hires.png,Diamond & Pearl,8/1/2007,Rare Holo,['Colorless'],['Stage 1'],130,44,This kindhearted Pokémon nurses sick Pokémon to health. It senses feelings of sadness.
dp2-6,Bronzong,Mysterious Treasures,False,https://images.pokemontcg.io/dp2/6_hires.png,Diamond & Pearl,8/1/2007,Rare Holo,['Metal'],['Stage 1'],90,40,"One caused a news sensation when it was dug up at a construction site after a 2,000-year sleep."
dp2-7,Celebi,Mysterious Treasures,False,https://images.pokemontcg.io/dp2/7_hires.png,Diamond & Pearl,8/1/2007,Rare Holo,['Grass'],['Basic'],60,39,"It has the power to travel across time, but is is said to appear only in peaceful times."
dp2-8,Feraligatr,Mysterious Treasures,False,https://images.pokemontcg.io/dp2/8_hires.png,Diamond & Pearl,8/1/2007,Rare Holo,['Water'],['Stage 2'],130,53,"It usually moves slowly, but it goes at blinding speed when it attacks and bites prey."
dp2-9,Garchomp,Mysterious Treasures,False,https://images.pokemontcg.io/dp2/9_hires.png,Diamond & Pearl,8/1/2007,Rare Holo,['Colorless'],['Stage 2'],130,66,"When it folds up its body and extends its wings, it looks like a jet plane. It flies at sonic speed."
dp2-10,Honchkrow,Mysterious Treasures,False,https://images.pokemontcg.io/dp2/10_hires.png,Diamond & Pearl,8/1/2007,Rare Holo,['Darkness'],['Stage 1'],90,42,"Becoming active at night, it is known to swarm with numerous MURKROW in tow."
dp2-11,Lumineon,Mysterious Treasures,False,https://images.pokemontcg.io/dp2/11_hires.png,Diamond & Pearl,8/1/2007,Rare Holo,['Water'],['Stage 1'],80,34,It lives on the deep-sea floor. It attracts prey by flashing the patterns on its four tail fins.
dp2-12,Magmortar,Mysterious Treasures,False,https://images.pokemontcg.io/dp2/12_hires.png,Diamond & Pearl,8/1/2007,Rare Holo,['Fire'],['Stage 1'],100,48,"It blasts fireballs of over 3,600 degrees F from the ends of its arms. It lives in volcanic craters."
dp2-13,Meganium,Mysterious Treasures,False,https://images.pokemontcg.io/dp2/13_hires.png,Diamond & Pearl,8/1/2007,Rare Holo,['Grass'],['Stage 2'],130,48,Its breath has the fantastic ability to revive dead plants and flowers.
dp2-14,Mesprit,Mysterious Treasures,False,https://images.pokemontcg.io/dp2/14_hires.png,Diamond & Pearl,8/1/2007,Rare Holo,['Psychic'],['Basic'],60,50,"Known as ""The Being of Emotion."" It taught humans the nobility of sorrow, pain, and joy."
dp2-15,Raichu,Mysterious Treasures,False,https://images.pokemontcg.io/dp2/15_hires.png,Diamond & Pearl,8/1/2007,Rare Holo,['Lightning'],['Stage 1'],90,40,It turns aggressive if it has too much electricity in its body. It discharges power through its tail.
dp2-16,Typhlosion,Mysterious Treasures,False,https://images.pokemontcg.io/dp2/16_hires.png,Diamond & Pearl,8/1/2007,Rare Holo,['Fire'],['Stage 2'],110,46,It attacks using blasts of fire. It creates heat shimmers with intense fire to hide itself.
dp2-17,Tyranitar,Mysterious Treasures,False,https://images.pokemontcg.io/dp2/17_hires.png,Diamond & Pearl,8/1/2007,Rare Holo,['Darkness'],['Stage 2'],140,57,"If it rampages, it knocks down mountains and buries rivers. Maps must be redrawn afterward."
dp2-18,Uxie,Mysterious Treasures,False,https://images.pokemontcg.io/dp2/18_hires.png,Diamond & Pearl,8/1/2007,Rare Holo,['Psychic'],['Basic'],60,50,"Known as ""The Being of Knowledge."" It is said that it can wipe out the memory of those who see its eyes."
dp2-19,Abomasnow,Mysterious Treasures,False,https://images.pokemontcg.io/dp2/19_hires.png,Diamond & Pearl,8/1/2007,Rare,['Grass'],['Stage 1'],100,40,It whips up blizzards in mountains that are always buried in snow. It is the abominable snowman.
dp2-20,Ariados,Mysterious Treasures,False,https://images.pokemontcg.io/dp2/20_hires.png,Diamond & Pearl,8/1/2007,Rare,['Grass'],['Stage 1'],80,32,"It attaches silk to its prey and sets it free. Later, it tracks the silk to the prey and its friends."
dp2-21,Bastiodon,Mysterious Treasures,False,https://images.pokemontcg.io/dp2/21_hires.png,Diamond & Pearl,8/1/2007,Rare,['Metal'],['Stage 2'],130,51,Any frontal attack is repulsed. It is a docile Pokémon that feeds on grass and berries.
dp2-22,Chimecho,Mysterious Treasures,False,https://images.pokemontcg.io/dp2/22_hires.png,Diamond & Pearl,8/1/2007,Rare,['Psychic'],['Basic'],70,21,"To knock foes flying, it makes the air shudder with its cries. It converses using seven cries."
dp2-23,Crobat,Mysterious Treasures,False,https://images.pokemontcg.io/dp2/23_hires.png,Diamond & Pearl,8/1/2007,Rare,['Psychic'],['Stage 2'],100,45,Having four wings enables it to fly faster and more quietly. It turns active when the night comes.
dp2-24,Exeggutor,Mysterious Treasures,False,https://images.pokemontcg.io/dp2/24_hires.png,Diamond & Pearl,8/1/2007,Rare,['Grass'],['Stage 1'],90,46,"It is called ""The Walking Jungle."" If a head grows too big, it falls off and becomes an EXEGGCUTE."
dp2-25,Glalie,Mysterious Treasures,False,https://images.pokemontcg.io/dp2/25_hires.png,Diamond & Pearl,8/1/2007,Rare,['Water'],['Stage 1'],90,43,"To protect itself, it clads its body in an armor of ice, made by freezing moisture in the air."
dp2-26,Gyarados,Mysterious Treasures,False,https://images.pokemontcg.io/dp2/26_hires.png,Diamond & Pearl,8/1/2007,Rare,['Water'],['Stage 1'],120,49,"Once it appears, its rage never settles until it has razed the fields and mountains around it."
dp2-27,Kricketune,Mysterious Treasures,False,https://images.pokemontcg.io/dp2/27_hires.png,Diamond & Pearl,8/1/2007,Rare,['Grass'],['Stage 1'],80,38,It crosses its knifelike arms in front of its chest when it cries. It can compose melodies ad lib.
dp2-28,Manectric,Mysterious Treasures,False,https://images.pokemontcg.io/dp2/28_hires.png,Diamond & Pearl,8/1/2007,Rare,['Lightning'],['Stage 1'],80,38,It discharges electricity from its mane. It creates a thundercloud overhead to drop lightning bolts.
dp2-29,Mantine,Mysterious Treasures,False,https://images.pokemontcg.io/dp2/29_hires.png,Diamond & Pearl,8/1/2007,Rare,['Water'],['Basic'],80,25,"When the waves are calm, one may encounter a swarm of Mantine swimming as if they are in flight."
dp2-30,Mr. Mime,Mysterious Treasures,False,https://images.pokemontcg.io/dp2/30_hires.png,Diamond & Pearl,8/1/2007,Rare,['Psychic'],['Basic'],70,33,It is a pantomime expert that can create invisible but solid walls using miming gestures.
dp2-31,Nidoqueen,Mysterious Treasures,False,https://images.pokemontcg.io/dp2/31_hires.png,Diamond & Pearl,8/1/2007,Rare,['Psychic'],['Stage 2'],120,50,Its entire body is armored with hard scales. It will protect the young in its burrow with its life.
dp2-32,Ninetales,Mysterious Treasures,False,https://images.pokemontcg.io/dp2/32_hires.png,Diamond & Pearl,8/1/2007,Rare,['Fire'],['Stage 1'],80,37,Its nine tails are said to be imbued with a mystic power. It can live for a thousand years.
dp2-33,Rampardos,Mysterious Treasures,False,https://images.pokemontcg.io/dp2/33_hires.png,Diamond & Pearl,8/1/2007,Rare,['Fighting'],['Stage 2'],120,48,Its powerful head butt has enough power to shatter even the most durable things upon impact.
dp2-34,Slaking,Mysterious Treasures,False,https://images.pokemontcg.io/dp2/34_hires.png,Diamond & Pearl,8/1/2007,Rare,['Colorless'],['Stage 2'],140,56,"The world's laziest Pokémon. When it is lounging, it is actually saving energy for striking back."
dp2-35,Sudowoodo,Mysterious Treasures,False,https://images.pokemontcg.io/dp2/35_hires.png,Diamond & Pearl,8/1/2007,Rare,['Fighting'],['Basic'],80,22,"Despite appearing to be a tree, its body is closer to rocks and stones. It is very weak to water."
dp2-36,Toxicroak,Mysterious Treasures,False,https://images.pokemontcg.io/dp2/36_hires.png,Diamond & Pearl,8/1/2007,Rare,['Psychic'],['Stage 1'],90,39,Its knuckle claws secrete a toxin so vile that even a scratch could prove fatal.
dp2-37,Unown I,Mysterious Treasures,False,https://images.pokemontcg.io/dp2/37_hires.png,Diamond & Pearl,8/1/2007,Rare,['Psychic'],['Basic'],50,16,"Shaped like ancient writing, it is a huge mystery whether language or UNOWN came first."
dp2-38,Ursaring,Mysterious Treasures,False,https://images.pokemontcg.io/dp2/38_hires.png,Diamond & Pearl,8/1/2007,Rare,['Colorless'],['Stage 1'],100,38,"In its territory, it leaves scratches on trees that bear delicious berries or fruits."
dp2-39,Walrein,Mysterious Treasures,False,https://images.pokemontcg.io/dp2/39_hires.png,Diamond & Pearl,8/1/2007,Rare,['Water'],['Stage 2'],130,51,"It shatters ice with its big tusks. Its thick blubber repels not only the cold, but also enemy attacks."
dp2-40,Whiscash,Mysterious Treasures,False,https://images.pokemontcg.io/dp2/40_hires.png,Diamond & Pearl,8/1/2007,Rare,['Water'],['Stage 1'],90,41,It is very territorial. It repels foes by setting of tremors that extend over a three-mile radius.
dp2-41,Bayleef,Mysterious Treasures,False,https://images.pokemontcg.io/dp2/41_hires.png,Diamond & Pearl,8/1/2007,Uncommon,['Grass'],['Stage 1'],80,28,The buds that ring its neck give off a spicy aroma that perks people up.
dp2-42,Chingling,Mysterious Treasures,False,https://images.pokemontcg.io/dp2/42_hires.png,Diamond & Pearl,8/1/2007,Uncommon,['Psychic'],['Basic'],40,6,It emits cries by agitating an orb at the back of its throat. It moves with flouncing hops.
dp2-43,Cranidos,Mysterious Treasures,False,https://images.pokemontcg.io/dp2/43_hires.png,Diamond & Pearl,8/1/2007,Uncommon,['Fighting'],['Stage 1'],70,24,It lived in jungles around 100 million years ago. Its skull is as hard as iron.
dp2-44,Croconaw,Mysterious Treasures,False,https://images.pokemontcg.io/dp2/44_hires.png,Diamond & Pearl,8/1/2007,Uncommon,['Water'],['Stage 1'],80,27,"Once it bites down, it won't let go until it loses its fangs. New fangs quickly grow into place."
dp2-45,Dewgong,Mysterious Treasures,False,https://images.pokemontcg.io/dp2/45_hires.png,Diamond & Pearl,8/1/2007,Uncommon,['Water'],['Stage 1'],90,36,"In snow, the pure white coat covering its body obscures it from predators."
dp2-46,Dodrio,Mysterious Treasures,False,https://images.pokemontcg.io/dp2/46_hires.png,Diamond & Pearl,8/1/2007,Uncommon,['Colorless'],['Stage 1'],80,34,"When DODUO evolves into this odd breed, one of its heads splits into two. It runs at nearly 40 mph."
dp2-47,Dunsparce,Mysterious Treasures,False,https://images.pokemontcg.io/dp2/47_hires.png,Diamond & Pearl,8/1/2007,Uncommon,['Colorless'],['Basic'],60,21,It digs into the ground with its tail and makes a mazelike nest. It can fly just a little.
dp2-48,Gabite,Mysterious Treasures,False,https://images.pokemontcg.io/dp2/48_hires.png,Diamond & Pearl,8/1/2007,Uncommon,['Colorless'],['Stage 1'],80,32,There is a long-held belief that medicine made from its scale will heal even incurable illnesses.
dp2-49,Girafarig,Mysterious Treasures,False,https://images.pokemontcg.io/dp2/49_hires.png,Diamond & Pearl,8/1/2007,Uncommon,['Colorless'],['Basic'],70,27,Its tail also has a small brain. It bites to repel any foe trying to sneak up on it from behind.
dp2-50,Golbat,Mysterious Treasures,False,https://images.pokemontcg.io/dp2/50_hires.png,Diamond & Pearl,8/1/2007,Uncommon,['Psychic'],['Stage 1'],70,22,It loves the blood of humans and Pokémon. It flies around at night in search of neck veins.
dp2-51,Graveler,Mysterious Treasures,False,https://images.pokemontcg.io/dp2/51_hires.png,Diamond & Pearl,8/1/2007,Uncommon,['Fighting'],['Stage 1'],90,34,GRAVELER make their homes on sheer cliff faces by gouging out numerous horizontal holes.
dp2-52,Happiny,Mysterious Treasures,False,https://images.pokemontcg.io/dp2/52_hires.png,Diamond & Pearl,8/1/2007,Uncommon,['Colorless'],['Basic'],60,8,It loves round white things. It carries and egg-shaped rock in imitation of CHANSEY.
dp2-53,Lairon,Mysterious Treasures,False,https://images.pokemontcg.io/dp2/53_hires.png,Diamond & Pearl,8/1/2007,Uncommon,['Metal'],['Stage 1'],80,32,"For food, it digs up iron ore. It smashes its steely body against others to fight over territory."
dp2-54,Magmar,Mysterious Treasures,False,https://images.pokemontcg.io/dp2/54_hires.png,Diamond & Pearl,8/1/2007,Uncommon,['Fire'],['Basic'],70,30,"Born in the spout of a volcano, its body is covered by flames that shimmer like the sun."
dp2-55,Masquerain,Mysterious Treasures,False,https://images.pokemontcg.io/dp2/55_hires.png,Diamond & Pearl,8/1/2007,Uncommon,['Grass'],['Stage 1'],70,32,Its antennae have eye patterns on them. Its four wings enable it to hover and fly in any direction.
dp2-56,Nidorina,Mysterious Treasures,False,https://images.pokemontcg.io/dp2/56_hires.png,Diamond & Pearl,8/1/2007,Uncommon,['Psychic'],['Stage 1'],80,25,"When it senses danger, it raises all the barbs on its body. These barbs grow slower than NIDORINO's."
dp2-57,Octillery,Mysterious Treasures,False,https://images.pokemontcg.io/dp2/57_hires.png,Diamond & Pearl,8/1/2007,Uncommon,['Water'],['Stage 1'],80,32,It lives in the gaps of boulders and in holes on the seafloor. Its suction cups grip prey tightly.
dp2-58,Parasect,Mysterious Treasures,False,https://images.pokemontcg.io/dp2/58_hires.png,Diamond & Pearl,8/1/2007,Uncommon,['Grass'],['Stage 1'],90,36,A mushroom grown larger than the host's body controls PARASECT. It scatters poisonous spores.
dp2-59,Pupitar,Mysterious Treasures,False,https://images.pokemontcg.io/dp2/59_hires.png,Diamond & Pearl,8/1/2007,Uncommon,['Fighting'],['Stage 1'],70,31,"Its body is as hard as bedrock. By venting pressurized gas, it can launch itself like a rocket."
dp2-60,Quilava,Mysterious Treasures,False,https://images.pokemontcg.io/dp2/60_hires.png,Diamond & Pearl,8/1/2007,Uncommon,['Fire'],['Stage 1'],80,25,It intimidates foes with the heat of its flames. The fire burn more strongly when it readies to fight.
dp2-61,Sandslash,Mysterious Treasures,False,https://images.pokemontcg.io/dp2/61_hires.png,Diamond & Pearl,8/1/2007,Uncommon,['Fighting'],['Stage 1'],90,37,"It curls up, then rolls into foes with its back. Its sharp spines inflict severe damage."
dp2-62,Sealeo,Mysterious Treasures,False,https://images.pokemontcg.io/dp2/62_hires.png,Diamond & Pearl,8/1/2007,Uncommon,['Water'],['Stage 1'],80,27,"It habitually spins things on its nose. By doing so, it learns textures and odors."
dp2-63,Shieldon,Mysterious Treasures,False,https://images.pokemontcg.io/dp2/63_hires.png,Diamond & Pearl,8/1/2007,Uncommon,['Metal'],['Stage 1'],80,26,A Pokémon that lived in jungles around 100 million years ago. Its facial hide is extremely hard.
dp2-64,Tropius,Mysterious Treasures,False,https://images.pokemontcg.io/dp2/64_hires.png,Diamond & Pearl,8/1/2007,Uncommon,['Grass'],['Basic'],80,28,"Because it continually ate only its favorite fruit, the fruit started growing around its neck."
dp2-65,Unown E,Mysterious Treasures,False,https://images.pokemontcg.io/dp2/65_hires.png,Diamond & Pearl,8/1/2007,Uncommon,['Psychic'],['Basic'],50,18,"Shaped like ancient writing, it is a huge mystery whether language or UNOWN came first."
dp2-66,Unown M,Mysterious Treasures,False,https://images.pokemontcg.io/dp2/66_hires.png,Diamond & Pearl,8/1/2007,Uncommon,['Psychic'],['Basic'],50,15,"Shaped like ancient writing, it is a huge mystery whether language or UNOWN came first."
dp2-67,Unown T,Mysterious Treasures,False,https://images.pokemontcg.io/dp2/67_hires.png,Diamond & Pearl,8/1/2007,Uncommon,['Psychic'],['Basic'],50,14,"Shaped like ancient writing, it is a huge mystery whether language or UNOWN came first."
dp2-68,Vigoroth,Mysterious Treasures,False,https://images.pokemontcg.io/dp2/68_hires.png,Diamond & Pearl,8/1/2007,Uncommon,['Colorless'],['Stage 1'],80,24,"Its heart beats at a tenfold tempo, so it cannot sit still even for a moment."
dp2-69,Abra,Mysterious Treasures,False,https://images.pokemontcg.io/dp2/69_hires.png,Diamond & Pearl,8/1/2007,Common,['Psychic'],['Basic'],50,8,"It sleeps for 18 hours a day. Even when awake, it teleports itself while remaining seated."
dp2-70,Aipom,Mysterious Treasures,False,https://images.pokemontcg.io/dp2/70_hires.png,Diamond & Pearl,8/1/2007,Common,['Colorless'],['Basic'],60,17,It uses its tail to pluck fruits that are out of reach. Its tail is more adept than its real hands.
dp2-71,Aron,Mysterious Treasures,False,https://images.pokemontcg.io/dp2/71_hires.png,Diamond & Pearl,8/1/2007,Common,['Metal'],['Basic'],50,15,"It usually lives deep in mountains. However, hunger may drive it to eat railroad tracks and cars."
dp2-72,Barboach,Mysterious Treasures,False,https://images.pokemontcg.io/dp2/72_hires.png,Diamond & Pearl,8/1/2007,Common,['Water'],['Basic'],50,12,It coats its entire body with a slimy fluid so it can squirm and slip away if grabbed.
dp2-74,Bronzor,Mysterious Treasures,False,https://images.pokemontcg.io/dp2/74_hires.png,Diamond & Pearl,8/1/2007,Common,['Metal'],['Basic'],50,8,Implements shaped like it were discovered in ancient tombs. It is unknown if they are related.
dp2-76,Chansey,Mysterious Treasures,False,https://images.pokemontcg.io/dp2/76_hires.png,Diamond & Pearl,8/1/2007,Common,['Colorless'],['Basic'],100,31,"It is said to deliver happiness. Being compassionate, it shares its eggs with injured people."
dp2-77,Chikorita,Mysterious Treasures,False,https://images.pokemontcg.io/dp2/77_hires.png,Diamond & Pearl,8/1/2007,Common,['Grass'],['Basic'],50,10,It uses the leaf on its head to determine the temperature and humidity. It loves to sunbathe.
dp2-78,Croagunk,Mysterious Treasures,False,https://images.pokemontcg.io/dp2/78_hires.png,Diamond & Pearl,8/1/2007,Common,['Psychic'],['Basic'],60,17,Its cheeks hold poison sacs. It tries to catch foes off guard to jab them with toxic fingers.
dp2-79,Cyndaquil,Mysterious Treasures,False,https://images.pokemontcg.io/dp2/79_hires.png,Diamond & Pearl,8/1/2007,Common,['Fire'],['Basic'],60,12,"It has a timid nature. If it is startled, the flames on its back burn more vigorously."
dp2-80,Doduo,Mysterious Treasures,False,https://images.pokemontcg.io/dp2/80_hires.png,Diamond & Pearl,8/1/2007,Common,['Colorless'],['Basic'],60,18,The brains in its two heads appear to communicate emotions to each other with a telepathic power.
dp2-81,Electrike,Mysterious Treasures,False,https://images.pokemontcg.io/dp2/81_hires.png,Diamond & Pearl,8/1/2007,Common,['Lightning'],['Basic'],60,16,"Using electricity stored in its fur, it stimulates its muscles to heighten its reaction speed."
dp2-82,Exeggcute,Mysterious Treasures,False,https://images.pokemontcg.io/dp2/82_hires.png,Diamond & Pearl,8/1/2007,Common,['Grass'],['Basic'],60,12,Its six eggs converse using telepathy. They can quickly gather if they become separated.
dp2-83,Finneon,Mysterious Treasures,False,https://images.pokemontcg.io/dp2/83_hires.png,Diamond & Pearl,8/1/2007,Common,['Water'],['Basic'],50,12,"After long exposure to sunlight, the patterns on its tail fins shine vividly when darkness arrives."
dp2-84,Geodude,Mysterious Treasures,False,https://images.pokemontcg.io/dp2/84_hires.png,Diamond & Pearl,8/1/2007,Common,['Fighting'],['Basic'],60,12,Many live on mountain trails and remain half buried while keeping an eye on climbers.
dp2-85,Gible,Mysterious Treasures,False,https://images.pokemontcg.io/dp2/85_hires.png,Diamond & Pearl,8/1/2007,Common,['Colorless'],['Basic'],50,9,"It nests in small, horizontal holes in cave walls. It pounces to catch prey that stray too close."
dp2-86,Kricketot,Mysterious Treasures,False,https://images.pokemontcg.io/dp2/86_hires.png,Diamond & Pearl,8/1/2007,Common,['Grass'],['Basic'],60,9,"It shakes its head back to front, causing its antennae to hit each other and sound like a xylophone."
dp2-87,Larvitar,Mysterious Treasures,False,https://images.pokemontcg.io/dp2/87_hires.png,Diamond & Pearl,8/1/2007,Common,['Fighting'],['Basic'],50,18,"A Pokémon that eats soil. Once it has eaten a large mountain, it goes to sleep so it can grow."
dp2-88,Magby,Mysterious Treasures,False,https://images.pokemontcg.io/dp2/88_hires.png,Diamond & Pearl,8/1/2007,Common,['Fire'],['Basic'],40,5,"Its body temperature is around 1,100 degrees F. It is healthy if it is breathing yellow flames."
dp2-89,Magikarp,Mysterious Treasures,False,https://images.pokemontcg.io/dp2/89_hires.png,Diamond & Pearl,8/1/2007,Common,['Water'],['Basic'],30,13,It is said to be the world's weakest Pokémon. No one knows why it has managed to survive.
dp2-90,Murkrow,Mysterious Treasures,False,https://images.pokemontcg.io/dp2/90_hires.png,Diamond & Pearl,8/1/2007,Common,['Darkness'],['Basic'],60,20,It is believed that seeing this Pokémon at night will bring about ominous occurrences.
dp2-91,Nidoran ♀,Mysterious Treasures,False,https://images.pokemontcg.io/dp2/91_hires.png,Diamond & Pearl,8/1/2007,Common,['Psychic'],['Basic'],50,12,"While it does not prefer to fight, even one drop of the poison it secretes from barbs can be fatal."
dp2-92,Paras,Mysterious Treasures,False,https://images.pokemontcg.io/dp2/92_hires.png,Diamond & Pearl,8/1/2007,Common,['Grass'],['Basic'],60,16,Mushrooms named tochukaso grow on its back. They grow along with the host PARAS.
dp2-93,Pichu,Mysterious Treasures,False,https://images.pokemontcg.io/dp2/93_hires.png,Diamond & Pearl,8/1/2007,Common,['Lightning'],['Basic'],40,6,The electric pouches on its cheeks are still small. They cannot store much electricity yet.
dp2-94,Pikachu,Mysterious Treasures,False,https://images.pokemontcg.io/dp2/94_hires.png,Diamond & Pearl,8/1/2007,Common,['Lightning'],['Basic'],60,15,It lives in forests with others. It stores electricity in the pouches on its cheeks.
dp2-95,Remoraid,Mysterious Treasures,False,https://images.pokemontcg.io/dp2/95_hires.png,Diamond & Pearl,8/1/2007,Common,['Water'],['Basic'],60,15,It squirts water forcefully from its mouth to shoot down flying prey.
dp2-96,Sandshrew,Mysterious Treasures,False,https://images.pokemontcg.io/dp2/96_hires.png,Diamond & Pearl,8/1/2007,Common,['Fighting'],['Basic'],60,16,"To protect itself from attackers, it curls up into a ball. It lives in arid regions with minimal rainfall."
dp2-97,Seel,Mysterious Treasures,False,https://images.pokemontcg.io/dp2/97_hires.png,Diamond & Pearl,8/1/2007,Common,['Water'],['Basic'],60,18,A Pokémon that lives on icebergs. It swims in the sea using the point on its head to break up ice.
dp2-99,Slakoth,Mysterious Treasures,False,https://images.pokemontcg.io/dp2/99_hires.png,Diamond & Pearl,8/1/2007,Common,['Colorless'],['Basic'],50,7,It spends nearly all its time in a day sprawled out. Just seeing it makes one drowsy.
dp2-100,Snorunt,Mysterious Treasures,False,https://images.pokemontcg.io/dp2/100_hires.png,Diamond & Pearl,8/1/2007,Common,['Water'],['Basic'],50,14,"In the snow country, certain folklore says a house will prosper if a SNORUNT lives there."
dp2-101,Snover,Mysterious Treasures,False,https://images.pokemontcg.io/dp2/101_hires.png,Diamond & Pearl,8/1/2007,Common,['Grass'],['Basic'],60,20,"It lives on snowy mountains. Having had little contact with humans, it is boldly inquisitive."
dp2-102,Spheal,Mysterious Treasures,False,https://images.pokemontcg.io/dp2/102_hires.png,Diamond & Pearl,8/1/2007,Common,['Water'],['Basic'],50,17,It rolls across ice floes to reach shore because its body is poorly shaped for swimming.
dp2-103,Spinarak,Mysterious Treasures,False,https://images.pokemontcg.io/dp2/103_hires.png,Diamond & Pearl,8/1/2007,Common,['Grass'],['Basic'],50,18,It sets a trap by spinning a web with thin but strong silk. It waits motionlessly for prey to arrive.
dp2-104,Surskit,Mysterious Treasures,False,https://images.pokemontcg.io/dp2/104_hires.png,Diamond & Pearl,8/1/2007,Common,['Grass'],['Basic'],50,14,It appears as if it is skating on water. It draws prey with a sweet scent from the tip of its head.
dp2-105,Teddiursa,Mysterious Treasures,False,https://images.pokemontcg.io/dp2/105_hires.png,Diamond & Pearl,8/1/2007,Common,['Colorless'],['Basic'],60,20,It lets honey soak into its paws so it can lick them all the time. Every sets of paws tastes unique.
dp2-106,Totodile,Mysterious Treasures,False,https://images.pokemontcg.io/dp2/106_hires.png,Diamond & Pearl,8/1/2007,Common,['Water'],['Basic'],50,15,It has the habit of biting anything with its developed jaws. Even its Trainer need to be careful.
dp2-107,Vulpix,Mysterious Treasures,False,https://images.pokemontcg.io/dp2/107_hires.png,Diamond & Pearl,8/1/2007,Common,['Fire'],['Basic'],60,16,"It controls balls of fire. As it grows, its six tails split from their tips to make more tails."
dp2-108,Zubat,Mysterious Treasures,False,https://images.pokemontcg.io/dp2/108_hires.png,Diamond & Pearl,8/1/2007,Common,['Psychic'],['Basic'],50,8,"Even though it has no eyes, it can sense obstacles using ultrasonic waves it emits from its mouth."
pop6-1,Bastiodon,POP Series 6,False,https://images.pokemontcg.io/pop6/1_hires.png,POP,9/1/2007,Rare,['Metal'],['Stage 2'],130,51,Any frontal attack is repulsed. It is a docile Pokémon that feeds on grass and berries.
pop6-2,Lucario,POP Series 6,False,https://images.pokemontcg.io/pop6/2_hires.png,POP,9/1/2007,Rare,['Fighting'],['Stage 1'],90,30,It has the ability to sense the auras of all things. It understands human speech.
pop6-3,Manaphy,POP Series 6,False,https://images.pokemontcg.io/pop6/3_hires.png,POP,9/1/2007,Rare,['Water'],['Basic'],70,20,"Born on a cold seafloor, it will swim great distances to return to its birthplace."
pop6-4,Pachirisu,POP Series 6,False,https://images.pokemontcg.io/pop6/4_hires.png,POP,9/1/2007,Rare,['Lightning'],['Basic'],70,23,It makes fur balls that crackle with static electricity. It stores them with berries in tree holes.
pop6-5,Rampardos,POP Series 6,False,https://images.pokemontcg.io/pop6/5_hires.png,POP,9/1/2007,Rare,['Fighting'],['Stage 2'],120,48,Its powerful head butt has enough power to shatter even the most durable things upon impact.
pop6-6,Drifloon,POP Series 6,False,https://images.pokemontcg.io/pop6/6_hires.png,POP,9/1/2007,Uncommon,['Psychic'],['Basic'],60,17,"A Pokémon formed by the spirits of people and Pokémon. It loves damp, humid seasons."
pop6-8,Riolu,POP Series 6,False,https://images.pokemontcg.io/pop6/8_hires.png,POP,9/1/2007,Uncommon,['Fighting'],['Basic'],60,7,The aura that emanates from its body intensifies to alert others if it is afraid or sad.
pop6-10,Staravia,POP Series 6,False,https://images.pokemontcg.io/pop6/10_hires.png,POP,9/1/2007,Uncommon,['Colorless'],['Stage 1'],70,21,It flies around forests and fields in search of bug Pokémon. It stays within a huge flock.
pop6-11,Bidoof,POP Series 6,False,https://images.pokemontcg.io/pop6/11_hires.png,POP,9/1/2007,Common,['Colorless'],['Basic'],50,10,"With nerves of steel, nothing can perturb it. It is more agile and active than it appears."
pop6-12,Buneary,POP Series 6,False,https://images.pokemontcg.io/pop6/12_hires.png,POP,9/1/2007,Common,['Colorless'],['Basic'],50,11,It slams foes by sharply uncoiling is rolled ears. It stings enough to make a grown-up cry in pain.
pop6-13,Cherubi,POP Series 6,False,https://images.pokemontcg.io/pop6/13_hires.png,POP,9/1/2007,Common,['Grass'],['Basic'],50,7,"The small ball holds the nutrients needed for evolution. Apparently, it is very sweet and tasty."
pop6-14,Chimchar,POP Series 6,False,https://images.pokemontcg.io/pop6/14_hires.png,POP,9/1/2007,Common,['Fire'],['Basic'],50,8,It agilely scales cliffs to live atop craggy mountains. Its fire is put out when it sleeps.
pop6-15,Piplup,POP Series 6,False,https://images.pokemontcg.io/pop6/15_hires.png,POP,9/1/2007,Common,['Water'],['Basic'],60,9,"Because it is very proud, it hates accepting food from people. Its thick down guards it from cold."
pop6-16,Starly,POP Series 6,False,https://images.pokemontcg.io/pop6/16_hires.png,POP,9/1/2007,Common,['Colorless'],['Basic'],50,8,"They flock in great numbers. Though small, they flap their wings with great power."
pop6-17,Turtwig,POP Series 6,False,https://images.pokemontcg.io/pop6/17_hires.png,POP,9/1/2007,Common,['Grass'],['Basic'],60,10,"Made from soil, the shell on its back hardens when it drinks water. It lives along lakes."
dp3-1,Ampharos,Secret Wonders,False,https://images.pokemontcg.io/dp3/1_hires.png,Diamond & Pearl,11/1/2007,Rare Holo,['Lightning'],['Stage 2'],130,52,"The tip of its tail shines brightly. In the olden days, people sent signals using the tail's light."
dp3-2,Blastoise,Secret Wonders,False,https://images.pokemontcg.io/dp3/2_hires.png,Diamond & Pearl,11/1/2007,Rare Holo,['Water'],['Stage 2'],120,52,The jets of water it spouts from the rocket cannons on its shell can punch through thick steel.
dp3-3,Charizard,Secret Wonders,False,https://images.pokemontcg.io/dp3/3_hires.png,Diamond & Pearl,11/1/2007,Rare Holo,['Fire'],['Stage 2'],130,55,It is said that CHARIZARD's fire burns hotter if it has experienced harsh battles.
dp3-4,Entei,Secret Wonders,False,https://images.pokemontcg.io/dp3/4_hires.png,Diamond & Pearl,11/1/2007,Rare Holo,['Fire'],['Basic'],80,43,"It is said that when it roars, a volcano erupts somewhere around the globe."
dp3-5,Flygon,Secret Wonders,False,https://images.pokemontcg.io/dp3/5_hires.png,Diamond & Pearl,11/1/2007,Rare Holo,['Fighting'],['Stage 2'],120,60,"It whips up sandstorms with powerful flaps of its wings. It is known as ""The Desert Spirit."""
dp3-6,Gallade,Secret Wonders,False,https://images.pokemontcg.io/dp3/6_hires.png,Diamond & Pearl,11/1/2007,Rare Holo,['Fighting'],['Stage 2'],130,55,"A master of courtesy and swordsmanship, it fights using extending swords on its elbows."
dp3-7,Gardevoir,Secret Wonders,False,https://images.pokemontcg.io/dp3/7_hires.png,Diamond & Pearl,11/1/2007,Rare Holo,['Psychic'],['Stage 2'],110,55,It will try to guard its trusted Trainer with its life. It has the ability to see the future.
dp3-8,Gastrodon East Sea,Secret Wonders,False,https://images.pokemontcg.io/dp3/8_hires.png,Diamond & Pearl,11/1/2007,Rare Holo,['Water'],['Stage 1'],100,43,"It has a pliable body without any bones. If any part of its body is torn off, it grows right back."
dp3-9,Gastrodon West Sea,Secret Wonders,False,https://images.pokemontcg.io/dp3/9_hires.png,Diamond & Pearl,11/1/2007,Rare Holo,['Fighting'],['Stage 1'],100,44,"It has a pliable body without any bones. If any part of its body is torn off, it grows right back."
dp3-10,Ho-Oh,Secret Wonders,False,https://images.pokemontcg.io/dp3/10_hires.png,Diamond & Pearl,11/1/2007,Rare Holo,['Fire'],['Basic'],90,45,Its feathers are in seven colors. It is said that anyone seeing it is promised eternal happiness.
dp3-11,Jumpluff,Secret Wonders,False,https://images.pokemontcg.io/dp3/11_hires.png,Diamond & Pearl,11/1/2007,Rare Holo,['Grass'],['Stage 2'],90,42,"Blown by seasonal winds, it circles the globe, scattering cotton spores as it goes."
dp3-12,Lickilicky,Secret Wonders,False,https://images.pokemontcg.io/dp3/12_hires.png,Diamond & Pearl,11/1/2007,Rare Holo,['Colorless'],['Stage 1'],110,46,It wraps things with its extensible tongue. Getting to close to it will leave you soaked with drool.
dp3-13,Ludicolo,Secret Wonders,False,https://images.pokemontcg.io/dp3/13_hires.png,Diamond & Pearl,11/1/2007,Rare Holo,['Water'],['Stage 2'],100,47,"If it hears festive music, all its muscles fill with energy. It can't help breaking out into a dance."
dp3-14,Lugia,Secret Wonders,False,https://images.pokemontcg.io/dp3/14_hires.png,Diamond & Pearl,11/1/2007,Rare Holo,['Colorless'],['Basic'],90,43,"It sleeps in a deep-sea trench. If it flaps its wings, it is said to cause a 40-day storm."
dp3-15,Mew,Secret Wonders,False,https://images.pokemontcg.io/dp3/15_hires.png,Diamond & Pearl,11/1/2007,Rare Holo,['Psychic'],['Basic'],60,40,"Because it can use all kinds of moves, many scientists believe MEW to be the ancestor of Pokémon."
dp3-16,Raikou,Secret Wonders,False,https://images.pokemontcg.io/dp3/16_hires.png,Diamond & Pearl,11/1/2007,Rare Holo,['Lightning'],['Basic'],80,42,It is said to have fallen with lightning. It can fire thunderbolts from the rain clouds on its back.
dp3-17,Roserade,Secret Wonders,False,https://images.pokemontcg.io/dp3/17_hires.png,Diamond & Pearl,11/1/2007,Rare Holo,['Grass'],['Stage 1'],90,37,"It attracts prey with a sweet aroma, then downs it with thorny whips hidden in its arms."
dp3-18,Salamence,Secret Wonders,False,https://images.pokemontcg.io/dp3/18_hires.png,Diamond & Pearl,11/1/2007,Rare Holo,['Colorless'],['Stage 2'],140,62,"As a result of its long-held dream of flying, its cellular structure changes, and wings grew out."
dp3-19,Suicune,Secret Wonders,False,https://images.pokemontcg.io/dp3/19_hires.png,Diamond & Pearl,11/1/2007,Rare Holo,['Water'],['Basic'],70,44,It races around the world to purify fouled water. It dashes away with the north wind.
dp3-20,Venusaur,Secret Wonders,False,https://images.pokemontcg.io/dp3/20_hires.png,Diamond & Pearl,11/1/2007,Rare Holo,['Grass'],['Stage 2'],130,51,"After a rainy day, the flower on its back smells stronger. The scent attracts other Pokémon."
dp3-21,Absol,Secret Wonders,False,https://images.pokemontcg.io/dp3/21_hires.png,Diamond & Pearl,11/1/2007,Rare,['Darkness'],['Basic'],70,31,It senses disasters coming and appears before people only to warn them of impending danger.
dp3-22,Arcanine,Secret Wonders,False,https://images.pokemontcg.io/dp3/22_hires.png,Diamond & Pearl,11/1/2007,Rare,['Fire'],['Stage 1'],100,48,Its proud and regal appearance has captured the hearts of people since long ago.
dp3-23,Banette,Secret Wonders,False,https://images.pokemontcg.io/dp3/23_hires.png,Diamond & Pearl,11/1/2007,Rare,['Psychic'],['Stage 1'],80,42,A doll that became a Pokémon over its grudge from being junked. It seeks the child that disowned it.
dp3-24,Dugtrio,Secret Wonders,False,https://images.pokemontcg.io/dp3/24_hires.png,Diamond & Pearl,11/1/2007,Rare,['Fighting'],['Stage 1'],90,46,"Its three heads moves alternately, driving it through tough soil to depths of over 60 miles."
dp3-25,Electivire,Secret Wonders,False,https://images.pokemontcg.io/dp3/25_hires.png,Diamond & Pearl,11/1/2007,Rare,['Lightning'],['Stage 1'],100,50,"It pushes the tips of its two tails against the foe, then lets loose with over 20,000 volts of power."
dp3-26,Electrode,Secret Wonders,False,https://images.pokemontcg.io/dp3/26_hires.png,Diamond & Pearl,11/1/2007,Rare,['Lightning'],['Stage 1'],80,42,It is known to drift on winds if it is bloated to bursting with stored electricity.
dp3-27,Furret,Secret Wonders,False,https://images.pokemontcg.io/dp3/27_hires.png,Diamond & Pearl,11/1/2007,Rare,['Colorless'],['Stage 1'],90,35,The mother puts its offspring to sleep by curling up around them. It corners foes with speed.
dp3-28,Golduck,Secret Wonders,False,https://images.pokemontcg.io/dp3/28_hires.png,Diamond & Pearl,11/1/2007,Rare,['Water'],['Stage 1'],90,39,A Pokémon that lives in lakes. It swims faster than any human swimming champion.
dp3-29,Golem,Secret Wonders,False,https://images.pokemontcg.io/dp3/29_hires.png,Diamond & Pearl,11/1/2007,Rare,['Fighting'],['Stage 2'],130,52,"It sheds its hide once a year. Its boulderlike body is so tough, even dynamite can't harm it."
dp3-30,Jynx,Secret Wonders,False,https://images.pokemontcg.io/dp3/30_hires.png,Diamond & Pearl,11/1/2007,Rare,['Psychic'],['Basic'],70,30,"It cries sound like human speech. However, it is impossible to tell what it is trying to say."
dp3-31,Magmortar,Secret Wonders,False,https://images.pokemontcg.io/dp3/31_hires.png,Diamond & Pearl,11/1/2007,Rare,['Fire'],['Stage 1'],110,52,"It blasts fireballs of over 3,600 degrees F from the ends of its arms. It lives in volcanic craters."
dp3-32,Minun,Secret Wonders,False,https://images.pokemontcg.io/dp3/32_hires.png,Diamond & Pearl,11/1/2007,Rare,['Lightning'],['Basic'],60,30,"It cheers on friends. If its friends are losing, its body lets off more and more sparks."
dp3-33,Mothim,Secret Wonders,False,https://images.pokemontcg.io/dp3/33_hires.png,Diamond & Pearl,11/1/2007,Rare,['Grass'],['Stage 1'],80,39,It loves the honey of flowers and steals honey collected by COMBEE.
dp3-34,Nidoking,Secret Wonders,False,https://images.pokemontcg.io/dp3/34_hires.png,Diamond & Pearl,11/1/2007,Rare,['Psychic'],['Stage 2'],130,55,One swing of its mighty tail can snap a telephone pole as if it were a matchstick.
dp3-35,Pidgeot,Secret Wonders,False,https://images.pokemontcg.io/dp3/35_hires.png,Diamond & Pearl,11/1/2007,Rare,['Colorless'],['Stage 2'],120,50,"By flapping its wings with all its might, PIDGEOT can make a gust of wind capable of bending tall trees."
dp3-36,Plusle,Secret Wonders,False,https://images.pokemontcg.io/dp3/36_hires.png,Diamond & Pearl,11/1/2007,Rare,['Lightning'],['Basic'],60,30,It cheers on friends with pom-poms made of sparks. It drains power from telephone poles.
dp3-37,Sharpedo,Secret Wonders,False,https://images.pokemontcg.io/dp3/37_hires.png,Diamond & Pearl,11/1/2007,Rare,['Darkness'],['Stage 1'],80,39,"Its fangs rip through sheet iron. It swims at 75 mph and is known as ""The Bully of the Sea."""
dp3-38,Sunflora,Secret Wonders,False,https://images.pokemontcg.io/dp3/38_hires.png,Diamond & Pearl,11/1/2007,Rare,['Grass'],['Stage 1'],80,35,It gets energy from warm sunlight and is known for its habit of moving in pursuit of it.
dp3-39,Unown S,Secret Wonders,False,https://images.pokemontcg.io/dp3/39_hires.png,Diamond & Pearl,11/1/2007,Rare,['Psychic'],['Basic'],50,18,"Shaped like ancient writing, it is a huge mystery whether language or UNOWN came first."
dp3-40,Weavile,Secret Wonders,False,https://images.pokemontcg.io/dp3/40_hires.png,Diamond & Pearl,11/1/2007,Rare,['Water'],['Stage 1'],80,30,"They live in cold regions, forming groups of four or five that hunt prey with impressive coordination."
dp3-41,Wormadam Plant Cloak,Secret Wonders,False,https://images.pokemontcg.io/dp3/41_hires.png,Diamond & Pearl,11/1/2007,Rare,['Grass'],['Stage 1'],80,36,"When BURMY evolved, its cloak became a part of this Pokémon's body. The cloak is never shed."
dp3-42,Wormadam Sandy Cloak,Secret Wonders,False,https://images.pokemontcg.io/dp3/42_hires.png,Diamond & Pearl,11/1/2007,Rare,['Fighting'],['Stage 1'],80,37,"When BURMY evolved, its cloak became a part of this Pokémon's body. The cloak is never shed."
dp3-43,Wormadam Trash Cloak,Secret Wonders,False,https://images.pokemontcg.io/dp3/43_hires.png,Diamond & Pearl,11/1/2007,Rare,['Metal'],['Stage 1'],70,38,"When BURMY evolved, its cloak became a part of this Pokémon's body. The cloak is never shed."
dp3-44,Xatu,Secret Wonders,False,https://images.pokemontcg.io/dp3/44_hires.png,Diamond & Pearl,11/1/2007,Rare,['Psychic'],['Stage 1'],80,44,This odd Pokémon can see both the past and the future. It eyes the sun's movement all day.
dp3-45,Breloom,Secret Wonders,False,https://images.pokemontcg.io/dp3/45_hires.png,Diamond & Pearl,11/1/2007,Uncommon,['Grass'],['Stage 1'],100,40,Its short arms stretch when it throws punches. Its technique is equal to that of pro boxers.
dp3-46,Charmeleon,Secret Wonders,False,https://images.pokemontcg.io/dp3/46_hires.png,Diamond & Pearl,11/1/2007,Uncommon,['Fire'],['Stage 1'],80,29,"In the rocky mountains where CHARMELEON live, their fiery tails shine at night like stars."
dp3-47,Cloyster,Secret Wonders,False,https://images.pokemontcg.io/dp3/47_hires.png,Diamond & Pearl,11/1/2007,Uncommon,['Water'],['Stage 1'],80,40,It fights by keeping its shell tightly shut for protection and by shooting spikes to repel foes.
dp3-48,Donphan,Secret Wonders,False,https://images.pokemontcg.io/dp3/48_hires.png,Diamond & Pearl,11/1/2007,Uncommon,['Fighting'],['Stage 1'],100,48,"It attacks by curling up, then rolling into its foe. It can blow apart a house in one hit."
dp3-49,Farfetch'd,Secret Wonders,False,https://images.pokemontcg.io/dp3/49_hires.png,Diamond & Pearl,11/1/2007,Uncommon,['Colorless'],['Basic'],60,26,It can't live without the stalk it holds. That's why it defends the stalk from attackers with its life.
dp3-50,Flaaffy,Secret Wonders,False,https://images.pokemontcg.io/dp3/50_hires.png,Diamond & Pearl,11/1/2007,Uncommon,['Lightning'],['Stage 1'],80,26,"If its coat becomes fully charged with electricity, its tail lights up. It fires hair that zaps on impact."
dp3-51,Ivysaur,Secret Wonders,False,https://images.pokemontcg.io/dp3/51_hires.png,Diamond & Pearl,11/1/2007,Uncommon,['Grass'],['Stage 1'],80,24,"When the bud on its back starts swelling, a sweet aroma wafts to indicate the flower's coming bloom."
dp3-52,Kecleon,Secret Wonders,False,https://images.pokemontcg.io/dp3/52_hires.png,Diamond & Pearl,11/1/2007,Uncommon,['Colorless'],['Basic'],70,28,"It can freely change its body's color. The zigzag pattern on its belly doesn't change, however."
dp3-53,Kirlia,Secret Wonders,False,https://images.pokemontcg.io/dp3/53_hires.png,Diamond & Pearl,11/1/2007,Uncommon,['Psychic'],['Stage 1'],80,28,It is highly perceptive of its Trainer's feelings. It dances when it is feeling happy.
dp3-54,Lombre,Secret Wonders,False,https://images.pokemontcg.io/dp3/54_hires.png,Diamond & Pearl,11/1/2007,Uncommon,['Water'],['Stage 1'],70,26,"It has a mischievous spirit. If it spots an angler, it will tug on the fishing line to interfere."
dp3-55,Miltank,Secret Wonders,False,https://images.pokemontcg.io/dp3/55_hires.png,Diamond & Pearl,11/1/2007,Uncommon,['Colorless'],['Basic'],90,32,"It is said that kids who drink MILTANK's milk grow up to become hearty, healthy adults."
dp3-56,Muk,Secret Wonders,False,https://images.pokemontcg.io/dp3/56_hires.png,Diamond & Pearl,11/1/2007,Uncommon,['Psychic'],['Stage 1'],80,43,A toxic fluids seeps from its body. The fluid instantly kills plants and trees on contact.
dp3-57,Nidorino,Secret Wonders,False,https://images.pokemontcg.io/dp3/57_hires.png,Diamond & Pearl,11/1/2007,Uncommon,['Psychic'],['Stage 1'],80,28,"It has a violent disposition and stabs foes with its horn, which oozes poison upon impact."
dp3-58,Pidgeotto,Secret Wonders,False,https://images.pokemontcg.io/dp3/58_hires.png,Diamond & Pearl,11/1/2007,Uncommon,['Colorless'],['Stage 1'],70,21,"It flies over its wide territory in search of prey, downing it with its highly developed claws."
dp3-59,Pinsir,Secret Wonders,False,https://images.pokemontcg.io/dp3/59_hires.png,Diamond & Pearl,11/1/2007,Uncommon,['Grass'],['Basic'],80,30,"It grips prey with its pincers until the prey is torn in half. What it can't tear, it tosses far."
dp3-60,Quagsire,Secret Wonders,False,https://images.pokemontcg.io/dp3/60_hires.png,Diamond & Pearl,11/1/2007,Uncommon,['Water'],['Stage 1'],90,38,"It has a sluggish nature. It lies at the river's bottom, waiting for prey to stray into its mouth."
dp3-61,Raticate,Secret Wonders,False,https://images.pokemontcg.io/dp3/61_hires.png,Diamond & Pearl,11/1/2007,Uncommon,['Colorless'],['Stage 1'],70,29,It whittles its constantly growing fangs by gnawing on hard things. It can chew apart cinder walls.
dp3-62,Roselia,Secret Wonders,False,https://images.pokemontcg.io/dp3/62_hires.png,Diamond & Pearl,11/1/2007,Uncommon,['Grass'],['Basic'],70,32,ROSELIA raised on clean drinking water are known to grow vividly colored flowers.
dp3-63,Sableye,Secret Wonders,False,https://images.pokemontcg.io/dp3/63_hires.png,Diamond & Pearl,11/1/2007,Uncommon,['Darkness'],['Basic'],60,26,It hides in the darkness of caves. Its diet of gems has transformed its eyes into gemstones.
dp3-64,Shelgon,Secret Wonders,False,https://images.pokemontcg.io/dp3/64_hires.png,Diamond & Pearl,11/1/2007,Uncommon,['Colorless'],['Stage 1'],80,32,"Within its rugged shell, its cells have begun changing. The shell peels off the instant it evolves."
dp3-65,Skiploom,Secret Wonders,False,https://images.pokemontcg.io/dp3/65_hires.png,Diamond & Pearl,11/1/2007,Uncommon,['Grass'],['Stage 1'],60,20,It blooms when the weather warms. It floats in the sky to soak up as much sunlight as possible.
dp3-66,Smeargle,Secret Wonders,False,https://images.pokemontcg.io/dp3/66_hires.png,Diamond & Pearl,11/1/2007,Uncommon,['Colorless'],['Basic'],70,31,"It marks its territory by using its tail like a paintbrush. There are more than 5,000 different marks."
dp3-67,Smoochum,Secret Wonders,False,https://images.pokemontcg.io/dp3/67_hires.png,Diamond & Pearl,11/1/2007,Uncommon,['Psychic'],['Basic'],50,6,"It tests everything by touching with its lips, which remember what it likes and dislikes."
dp3-68,Unown K,Secret Wonders,False,https://images.pokemontcg.io/dp3/68_hires.png,Diamond & Pearl,11/1/2007,Uncommon,['Psychic'],['Basic'],60,15,"Shaped like ancient writing, it is a huge mystery whether language or UNOWN came first."
dp3-69,Unown N,Secret Wonders,False,https://images.pokemontcg.io/dp3/69_hires.png,Diamond & Pearl,11/1/2007,Uncommon,['Psychic'],['Basic'],50,16,"Shaped like ancient writing, it is a huge mystery whether language or UNOWN came first."
dp3-70,Unown O,Secret Wonders,False,https://images.pokemontcg.io/dp3/70_hires.png,Diamond & Pearl,11/1/2007,Uncommon,['Psychic'],['Basic'],50,12,"Shaped like ancient writing, it is a huge mystery whether language or UNOWN came first."
dp3-71,Unown X,Secret Wonders,False,https://images.pokemontcg.io/dp3/71_hires.png,Diamond & Pearl,11/1/2007,Uncommon,['Psychic'],['Basic'],50,11,"Shaped like ancient writing, it is a huge mystery whether language or UNOWN came first."
dp3-72,Unown Z,Secret Wonders,False,https://images.pokemontcg.io/dp3/72_hires.png,Diamond & Pearl,11/1/2007,Uncommon,['Psychic'],['Basic'],50,16,"Shaped like ancient writing, it is a huge mystery whether language or UNOWN came first."
dp3-73,Venomoth,Secret Wonders,False,https://images.pokemontcg.io/dp3/73_hires.png,Diamond & Pearl,11/1/2007,Uncommon,['Grass'],['Stage 1'],80,42,It flutters its wings to scatter dustlike scales. The scales leach toxins if they contact skin.
dp3-74,Vibrava,Secret Wonders,False,https://images.pokemontcg.io/dp3/74_hires.png,Diamond & Pearl,11/1/2007,Uncommon,['Fighting'],['Stage 1'],80,37,"It violently shudders its wings, generating ultrasonic waves to induce headaches in people."
dp3-75,Wartortle,Secret Wonders,False,https://images.pokemontcg.io/dp3/75_hires.png,Diamond & Pearl,11/1/2007,Uncommon,['Water'],['Stage 1'],80,28,"It is said to live 10,000 years. Its furry tail is popular as a symbol of longevity."
dp3-76,Bagon,Secret Wonders,False,https://images.pokemontcg.io/dp3/76_hires.png,Diamond & Pearl,11/1/2007,Common,['Colorless'],['Basic'],50,11,"Dreaming of one day flying, it practices by leaping off cliffs every day."
dp3-77,Bulbasaur,Secret Wonders,False,https://images.pokemontcg.io/dp3/77_hires.png,Diamond & Pearl,11/1/2007,Common,['Grass'],['Basic'],60,14,"For some time after its birth, it grows by gaining nourishment from the seed on its back."
dp3-78,Burmy Plant Cloak,Secret Wonders,False,https://images.pokemontcg.io/dp3/78_hires.png,Diamond & Pearl,11/1/2007,Common,['Grass'],['Basic'],40,10,"To shelter itself from cold, wintry winds, it covers itself with a cloak made of twigs and leaves."
dp3-79,Burmy Sandy Cloak,Secret Wonders,False,https://images.pokemontcg.io/dp3/79_hires.png,Diamond & Pearl,11/1/2007,Common,['Grass'],['Basic'],40,10,"To shelter itself from cold, wintry winds, it covers itself with a cloak made of twigs and leaves."
dp3-80,Burmy Trash Cloak,Secret Wonders,False,https://images.pokemontcg.io/dp3/80_hires.png,Diamond & Pearl,11/1/2007,Common,['Grass'],['Basic'],40,10,"To shelter itself from cold, wintry winds, it covers itself with a cloak made of twigs and leaves."
dp3-81,Carvanha,Secret Wonders,False,https://images.pokemontcg.io/dp3/81_hires.png,Diamond & Pearl,11/1/2007,Common,['Darkness'],['Basic'],50,18,They can swarm any foe that invades their territory. Their sharp fangs can tear out boat hulls.
dp3-82,Charmander,Secret Wonders,False,https://images.pokemontcg.io/dp3/82_hires.png,Diamond & Pearl,11/1/2007,Common,['Fire'],['Basic'],50,8,"The fire on the tip of its tail is a measure of its life. If healthy, its tail burns intensely."
dp3-84,Corsola,Secret Wonders,False,https://images.pokemontcg.io/dp3/84_hires.png,Diamond & Pearl,11/1/2007,Common,['Water'],['Basic'],70,32,Many live in the clean seas of the south. They apparently can't live in polluted waters.
dp3-85,Diglett,Secret Wonders,False,https://images.pokemontcg.io/dp3/85_hires.png,Diamond & Pearl,11/1/2007,Common,['Fighting'],['Basic'],50,10,"A Pokémon that lives underground. Because of its dark habitat, it is repelled by bright sunlight."
dp3-87,Electabuzz,Secret Wonders,False,https://images.pokemontcg.io/dp3/87_hires.png,Diamond & Pearl,11/1/2007,Common,['Lightning'],['Basic'],70,32,Half of all blackouts occur when this Pokémon appears at power plants and eats electricity.
dp3-88,Grimer,Secret Wonders,False,https://images.pokemontcg.io/dp3/88_hires.png,Diamond & Pearl,11/1/2007,Common,['Psychic'],['Basic'],60,15,It was born when sludge in a dirty stream was exposed to the moon's X-rays. It appears among filth.
dp3-89,Growlithe,Secret Wonders,False,https://images.pokemontcg.io/dp3/89_hires.png,Diamond & Pearl,11/1/2007,Common,['Fire'],['Basic'],70,20,A Pokémon with a loyal nature. It will remain motionless until it is given an order by its Trainer.
dp3-90,Hoppip,Secret Wonders,False,https://images.pokemontcg.io/dp3/90_hires.png,Diamond & Pearl,11/1/2007,Common,['Grass'],['Basic'],30,7,"It drifts on winds. It is said that when HOPPIP gather in fields and mountains, spring is on the way."
dp3-91,Lickitung,Secret Wonders,False,https://images.pokemontcg.io/dp3/91_hires.png,Diamond & Pearl,11/1/2007,Common,['Colorless'],['Basic'],80,27,"Instead of hands, it uses its tongue, which is twice its height. Its sticky saliva grips anything."
dp3-92,Lotad,Secret Wonders,False,https://images.pokemontcg.io/dp3/92_hires.png,Diamond & Pearl,11/1/2007,Common,['Water'],['Basic'],50,13,It looks like an aquatic plant and serves as a ferry to Pokémon that can't swim.
dp3-93,Magmar,Secret Wonders,False,https://images.pokemontcg.io/dp3/93_hires.png,Diamond & Pearl,11/1/2007,Common,['Fire'],['Basic'],70,27,"Born in the spout of a volcano, its body is covered by flames that shimmer like the sun."
dp3-94,Mareep,Secret Wonders,False,https://images.pokemontcg.io/dp3/94_hires.png,Diamond & Pearl,11/1/2007,Common,['Lightning'],['Basic'],50,11,Its fluffy coat swells to double when static electricity builds up. Touching it can be shocking.
dp3-96,Natu,Secret Wonders,False,https://images.pokemontcg.io/dp3/96_hires.png,Diamond & Pearl,11/1/2007,Common,['Psychic'],['Basic'],40,9,"It picks food from cactus plants, deftly avoiding buds and spines. It seems to skip about to move."
dp3-97,Nidoran ♂,Secret Wonders,False,https://images.pokemontcg.io/dp3/97_hires.png,Diamond & Pearl,11/1/2007,Common,['Psychic'],['Basic'],60,13,It scans its surroundings by raising its ears out of the grass. Its toxic horn is for protection.
dp3-98,Phanpy,Secret Wonders,False,https://images.pokemontcg.io/dp3/98_hires.png,Diamond & Pearl,11/1/2007,Common,['Fighting'],['Basic'],60,14,It is strong despite its compact size. It can easily pick up and carry an adult human on its back.
dp3-99,Pidgey,Secret Wonders,False,https://images.pokemontcg.io/dp3/99_hires.png,Diamond & Pearl,11/1/2007,Common,['Colorless'],['Basic'],50,8,"It is docile and prefers to avoid conflict. If disturbed, however, it can ferociously strike back."
dp3-100,Psyduck,Secret Wonders,False,https://images.pokemontcg.io/dp3/100_hires.png,Diamond & Pearl,11/1/2007,Common,['Water'],['Basic'],60,15,"If its usual headache worsens, its starts exhibiting odd powers. It can't remember doing so, however."
dp3-101,Qwilfish,Secret Wonders,False,https://images.pokemontcg.io/dp3/101_hires.png,Diamond & Pearl,11/1/2007,Common,['Water'],['Basic'],70,31,It shoots the poison spines on its body in all directions. Its round form makes it a poor swimmer.
dp3-102,Ralts,Secret Wonders,False,https://images.pokemontcg.io/dp3/102_hires.png,Diamond & Pearl,11/1/2007,Common,['Psychic'],['Basic'],60,13,It uses the thorns on its head to sense human emotions. It is said to appear in front of cheerful people.
dp3-103,Rattata,Secret Wonders,False,https://images.pokemontcg.io/dp3/103_hires.png,Diamond & Pearl,11/1/2007,Common,['Colorless'],['Basic'],30,10,"Cautious in the extreme, its hardy vitality lets it live in any kind of environment."
dp3-104,Sentret,Secret Wonders,False,https://images.pokemontcg.io/dp3/104_hires.png,Diamond & Pearl,11/1/2007,Common,['Colorless'],['Basic'],60,11,It has a very nervous nature. It stands up high on its tail so it can scan wide areas.
dp3-105,Shellder,Secret Wonders,False,https://images.pokemontcg.io/dp3/105_hires.png,Diamond & Pearl,11/1/2007,Common,['Water'],['Basic'],50,10,It swims backwards by opening and closing its two shells. Its large tongue is always kept hanging out.
dp3-106,Shellos East Sea,Secret Wonders,False,https://images.pokemontcg.io/dp3/106_hires.png,Diamond & Pearl,11/1/2007,Common,['Water'],['Basic'],60,23,"Its colors and shapes differ from region to region. In the Sinnoh region, two types are confirmed."
dp3-107,Shellos West Sea,Secret Wonders,False,https://images.pokemontcg.io/dp3/107_hires.png,Diamond & Pearl,11/1/2007,Common,['Water'],['Basic'],60,25,"Its colors and shapes differ from region to region. In the Sinnoh region, two types are confirmed."
dp3-108,Shroomish,Secret Wonders,False,https://images.pokemontcg.io/dp3/108_hires.png,Diamond & Pearl,11/1/2007,Common,['Grass'],['Basic'],50,10,It spouts poison spores from the top of its head. These spores cause pain all over if inhaled.
dp3-109,Shuckle,Secret Wonders,False,https://images.pokemontcg.io/dp3/109_hires.png,Diamond & Pearl,11/1/2007,Common,['Grass'],['Basic'],60,25,It stores berries in its shell. The berries eventually ferment to become delicious juices.
dp3-110,Shuppet,Secret Wonders,False,https://images.pokemontcg.io/dp3/110_hires.png,Diamond & Pearl,11/1/2007,Common,['Psychic'],['Basic'],50,13,It loves vengeful emotions and hangs in rows under the eaves of houses where vengeful people live.
dp3-111,Spinda,Secret Wonders,False,https://images.pokemontcg.io/dp3/111_hires.png,Diamond & Pearl,11/1/2007,Common,['Colorless'],['Basic'],70,25,No two Spinda have the same pattern of spots. Its tottering step fouls the aim of foes.
dp3-112,Squirtle,Secret Wonders,False,https://images.pokemontcg.io/dp3/112_hires.png,Diamond & Pearl,11/1/2007,Common,['Water'],['Basic'],50,15,"It shelters itself in its shell, then strikes back with spouts of water at every opportunity."
dp3-113,Stantler,Secret Wonders,False,https://images.pokemontcg.io/dp3/113_hires.png,Diamond & Pearl,11/1/2007,Common,['Colorless'],['Basic'],70,28,Staring at its antlers creates an odd sensation as if one were being drawn into their centers.
dp3-114,Sunkern,Secret Wonders,False,https://images.pokemontcg.io/dp3/114_hires.png,Diamond & Pearl,11/1/2007,Common,['Grass'],['Basic'],40,10,"It suddenly falls out of the sky in the morning. A year after a cold summer, their population explodes."
dp3-115,Trapinch,Secret Wonders,False,https://images.pokemontcg.io/dp3/115_hires.png,Diamond & Pearl,11/1/2007,Common,['Fighting'],['Basic'],50,9,It makes a conical pit in desert sand and lies in wait at the bottom for prey to come tumbling down.
dp3-116,Venonat,Secret Wonders,False,https://images.pokemontcg.io/dp3/116_hires.png,Diamond & Pearl,11/1/2007,Common,['Grass'],['Basic'],50,25,"Its big eyes are actually clusters of tiny eyes. At nights, its kind is drawn by light."
dp3-117,Voltorb,Secret Wonders,False,https://images.pokemontcg.io/dp3/117_hires.png,Diamond & Pearl,11/1/2007,Common,['Lightning'],['Basic'],50,29,It looks just like a Poké Ball. It is dangerous because it may electrocute or explode on touch.
dp3-118,Wooper,Secret Wonders,False,https://images.pokemontcg.io/dp3/118_hires.png,Diamond & Pearl,11/1/2007,Common,['Water'],['Basic'],60,11,"It lives in cold water, half burying itself in mud at the bottom to sleep."
dp4-1,Blaziken,Great Encounters,False,https://images.pokemontcg.io/dp4/1_hires.png,Diamond & Pearl,2/1/2008,Rare Holo,['Fire'],['Stage 2'],130,56,"Flames spout from its wrists, enveloping its knuckles. Its punches scorch its foes."
dp4-2,Cresselia,Great Encounters,False,https://images.pokemontcg.io/dp4/2_hires.png,Diamond & Pearl,2/1/2008,Rare Holo,['Psychic'],['Basic'],80,48,Shiny particles are released from its wings like a veil. It is said to represent the crescent moon.
dp4-3,Darkrai,Great Encounters,False,https://images.pokemontcg.io/dp4/3_hires.png,Diamond & Pearl,2/1/2008,Rare Holo,['Darkness'],['Basic'],70,38,It can lull people to sleep and make them dream. It is active during nights of the new moon.
dp4-4,Darkrai,Great Encounters,False,https://images.pokemontcg.io/dp4/4_hires.png,Diamond & Pearl,2/1/2008,Rare Holo,['Darkness'],['Basic'],80,40,It can lull people to sleep and make them dream. It is active during nights of the new moon.
dp4-5,Pachirisu,Great Encounters,False,https://images.pokemontcg.io/dp4/5_hires.png,Diamond & Pearl,2/1/2008,Rare Holo,['Lightning'],['Basic'],70,30,It makes fur balls that crackle with static electricity. It stores them with berries in tree holes.
dp4-6,Porygon-Z,Great Encounters,False,https://images.pokemontcg.io/dp4/6_hires.png,Diamond & Pearl,2/1/2008,Rare Holo,['Colorless'],['Stage 2'],110,54,"Additional software was installed to make it a better Pokémon. It began acting oddly, however."
dp4-7,Rotom,Great Encounters,False,https://images.pokemontcg.io/dp4/7_hires.png,Diamond & Pearl,2/1/2008,Rare Holo,['Lightning'],['Basic'],70,38,Its body is composed of plasma. It is known to infiltrate electronic devices and wreak havoc.
dp4-8,Sceptile,Great Encounters,False,https://images.pokemontcg.io/dp4/8_hires.png,Diamond & Pearl,2/1/2008,Rare Holo,['Grass'],['Stage 2'],100,52,The leaves that grow on its arms can slice down thick trees. It is without peer in jungle combat.
dp4-9,Swampert,Great Encounters,False,https://images.pokemontcg.io/dp4/9_hires.png,Diamond & Pearl,2/1/2008,Rare Holo,['Water'],['Stage 2'],130,53,It can swim while towing a large ship. It bashes down foes with a swing of its thick arms.
dp4-10,Tangrowth,Great Encounters,False,https://images.pokemontcg.io/dp4/10_hires.png,Diamond & Pearl,2/1/2008,Rare Holo,['Grass'],['Stage 1'],110,38,It ensnares prey by extending arms made of vines. Losing arms to predators does not trouble it.
dp4-11,Togekiss,Great Encounters,False,https://images.pokemontcg.io/dp4/11_hires.png,Diamond & Pearl,2/1/2008,Rare Holo,['Colorless'],['Stage 2'],120,51,It will never appear where there is strife. Its sightings have become rare recently.
dp4-12,Altaria,Great Encounters,False,https://images.pokemontcg.io/dp4/12_hires.png,Diamond & Pearl,2/1/2008,Rare,['Colorless'],['Stage 1'],80,42,It looks like a fluffy cloud when it is in flight. It hums with its soprano voice.
dp4-13,Beedrill,Great Encounters,False,https://images.pokemontcg.io/dp4/13_hires.png,Diamond & Pearl,2/1/2008,Rare,['Grass'],['Stage 2'],110,41,"Its best attack involves flying around at high speed, striking with poison needles, then flying off."
dp4-14,Butterfree,Great Encounters,False,https://images.pokemontcg.io/dp4/14_hires.png,Diamond & Pearl,2/1/2008,Rare,['Grass'],['Stage 2'],120,36,It loves the honey of flowers and can locate flower patches that have even tiny amounts of pollen.
dp4-15,Claydol,Great Encounters,False,https://images.pokemontcg.io/dp4/15_hires.png,Diamond & Pearl,2/1/2008,Rare,['Fighting'],['Stage 1'],80,45,An ancient clay figurine that came to life as a Pokémon from exposure to a mysterious ray of light.
dp4-16,Dialga,Great Encounters,False,https://images.pokemontcg.io/dp4/16_hires.png,Diamond & Pearl,2/1/2008,Rare,['Metal'],['Basic'],90,68,It has the power to control time. It appears in Sinnoh-region myths as an ancient deity.
dp4-17,Exploud,Great Encounters,False,https://images.pokemontcg.io/dp4/17_hires.png,Diamond & Pearl,2/1/2008,Rare,['Colorless'],['Stage 2'],130,58,Its howls can be heard over six miles away. It emits all sorts of noises from the ports on its body.
dp4-18,Houndoom,Great Encounters,False,https://images.pokemontcg.io/dp4/18_hires.png,Diamond & Pearl,2/1/2008,Rare,['Darkness'],['Stage 1'],90,41,"Long ago, people imagined its eerie howls to be the call of the grim reaper."
dp4-19,Hypno,Great Encounters,False,https://images.pokemontcg.io/dp4/19_hires.png,Diamond & Pearl,2/1/2008,Rare,['Psychic'],['Stage 1'],80,28,"Seeing its swinging pendulum can induce sleep in three seconds, even if someone just woke up."
dp4-20,Kingler,Great Encounters,False,https://images.pokemontcg.io/dp4/20_hires.png,Diamond & Pearl,2/1/2008,Rare,['Water'],['Stage 1'],90,33,"The larger pincer has 10,000-horsepower strength. However, it is so heavy, it is difficult to aim."
dp4-21,Lapras,Great Encounters,False,https://images.pokemontcg.io/dp4/21_hires.png,Diamond & Pearl,2/1/2008,Rare,['Water'],['Basic'],80,47,It loves crossing the sea with people and Pokémon on its back. It understands human speech.
dp4-22,Latias,Great Encounters,False,https://images.pokemontcg.io/dp4/22_hires.png,Diamond & Pearl,2/1/2008,Rare,['Colorless'],['Basic'],80,45,Its body is covered with a down that can refract light in such a way that it becomes invisible.
dp4-23,Latios,Great Encounters,False,https://images.pokemontcg.io/dp4/23_hires.png,Diamond & Pearl,2/1/2008,Rare,['Colorless'],['Basic'],90,47,"A highly intelligent Pokémon. By folding back its wings in flight, it can overtake jet planes."
dp4-24,Mawile,Great Encounters,False,https://images.pokemontcg.io/dp4/24_hires.png,Diamond & Pearl,2/1/2008,Rare,['Metal'],['Basic'],70,32,Attached to its head is a huge set of jaws formed by horns. It can chew through iron beams.
dp4-25,Milotic,Great Encounters,False,https://images.pokemontcg.io/dp4/25_hires.png,Diamond & Pearl,2/1/2008,Rare,['Water'],['Stage 1'],90,47,"When people bicker, it is said to arise from the depths of lakes to becalm violent hearts."
dp4-26,Palkia,Great Encounters,False,https://images.pokemontcg.io/dp4/26_hires.png,Diamond & Pearl,2/1/2008,Rare,['Water'],['Basic'],90,67,It has the ability to distort space. It is described as a deity in Sinnoh-region mythology.
dp4-27,Primeape,Great Encounters,False,https://images.pokemontcg.io/dp4/27_hires.png,Diamond & Pearl,2/1/2008,Rare,['Fighting'],['Stage 1'],90,41,"It grows angry if you see its eyes and gets angrier if you run. If you beat it, it gets even madder."
dp4-28,Slowking,Great Encounters,False,https://images.pokemontcg.io/dp4/28_hires.png,Diamond & Pearl,2/1/2008,Rare,['Psychic'],['Stage 1'],80,41,Being bitten by Shellder gave it intelligence comparable to that of award-winning scientists.
dp4-29,Unown H,Great Encounters,False,https://images.pokemontcg.io/dp4/29_hires.png,Diamond & Pearl,2/1/2008,Rare,['Psychic'],['Basic'],60,12,"Shaped like ancient writing, it is a huge mystery whether language or UNOWN came first."
dp4-30,Wailord,Great Encounters,False,https://images.pokemontcg.io/dp4/30_hires.png,Diamond & Pearl,2/1/2008,Rare,['Water'],['Stage 1'],200,43,"The biggest of all Pokémon. It can dive to a depth of almost 10,000 feet on only one breath."
dp4-31,Weezing,Great Encounters,False,https://images.pokemontcg.io/dp4/31_hires.png,Diamond & Pearl,2/1/2008,Rare,['Psychic'],['Stage 1'],80,42,"It grows by feeding on gases released by garbage. Though very rare, triplets have been found."
dp4-32,Wigglytuff,Great Encounters,False,https://images.pokemontcg.io/dp4/32_hires.png,Diamond & Pearl,2/1/2008,Rare,['Colorless'],['Stage 1'],90,46,Its fine fur feels sublime to the touch. It can expand its body by inhaling air.
dp4-33,Arbok,Great Encounters,False,https://images.pokemontcg.io/dp4/33_hires.png,Diamond & Pearl,2/1/2008,Uncommon,['Psychic'],['Stage 1'],80,31,The pattern on its belly is for intimidation. It constricts foes while they are frozen in fear.
dp4-34,Cacturne,Great Encounters,False,https://images.pokemontcg.io/dp4/34_hires.png,Diamond & Pearl,2/1/2008,Uncommon,['Darkness'],['Stage 1'],80,36,"It becomes active at night, seeking prey that is exhausted from the day's desert heat."
dp4-35,Combusken,Great Encounters,False,https://images.pokemontcg.io/dp4/35_hires.png,Diamond & Pearl,2/1/2008,Uncommon,['Fire'],['Stage 1'],80,24,Its kicking mastery lets it loose 10 kicks per second. It emits sharp cries to intimidate foes.
dp4-36,Delibird,Great Encounters,False,https://images.pokemontcg.io/dp4/36_hires.png,Diamond & Pearl,2/1/2008,Uncommon,['Water'],['Basic'],70,26,It carries food rolled up in its tail. It has the habit of sharing food with people lost in mountains.
dp4-37,Floatzel,Great Encounters,False,https://images.pokemontcg.io/dp4/37_hires.png,Diamond & Pearl,2/1/2008,Uncommon,['Water'],['Stage 1'],80,32,It floats using its well-developed floatation sac. It assists in the rescues of drowning people.
dp4-38,Gorebyss,Great Encounters,False,https://images.pokemontcg.io/dp4/38_hires.png,Diamond & Pearl,2/1/2008,Uncommon,['Water'],['Stage 1'],80,34,"It lives at the bottom of the sea. In the springtime, its pink body turns more vivid for some reason."
dp4-39,Granbull,Great Encounters,False,https://images.pokemontcg.io/dp4/39_hires.png,Diamond & Pearl,2/1/2008,Uncommon,['Colorless'],['Stage 1'],90,34,"It is timid in spite of its looks. If it becomes enraged, however, it will strike with its huge fangs."
dp4-40,Grovyle,Great Encounters,False,https://images.pokemontcg.io/dp4/40_hires.png,Diamond & Pearl,2/1/2008,Common,['Grass'],['Stage 1'],80,26,"It lives in dense jungles. While closing in on its prey, it leaps from branch to branch."
dp4-41,Hariyama,Great Encounters,False,https://images.pokemontcg.io/dp4/41_hires.png,Diamond & Pearl,2/1/2008,Uncommon,['Fighting'],['Stage 1'],100,38,It loves to match power with big-bodied Pokémon. It can knock a truck flying with its arm thrusts.
dp4-42,Huntail,Great Encounters,False,https://images.pokemontcg.io/dp4/42_hires.png,Diamond & Pearl,2/1/2008,Uncommon,['Water'],['Stage 1'],90,33,"It lives deep in the sea. With a tail shaped like a small fish, it attracts unsuspecting prey."
dp4-43,Linoone,Great Encounters,False,https://images.pokemontcg.io/dp4/43_hires.png,Diamond & Pearl,2/1/2008,Uncommon,['Colorless'],['Stage 1'],80,24,"It charges prey at speeds over 60 mph. However, because it can only run straight, it often fails."
dp4-44,Loudred,Great Encounters,False,https://images.pokemontcg.io/dp4/44_hires.png,Diamond & Pearl,2/1/2008,Uncommon,['Colorless'],['Stage 1'],80,31,The shock waves from its cries can tip over trucks. It stamps its feet to power up.
dp4-45,Magcargo,Great Encounters,False,https://images.pokemontcg.io/dp4/45_hires.png,Diamond & Pearl,2/1/2008,Uncommon,['Fire'],['Stage 1'],90,35,"Its body temperature is roughly 18,000 degrees F. Flames spout from gaps in its hardened shell."
dp4-46,Marshtomp,Great Encounters,False,https://images.pokemontcg.io/dp4/46_hires.png,Diamond & Pearl,2/1/2008,Uncommon,['Water'],['Stage 1'],90,23,"Its sturdy legs give it sure footing, even in mud. It burrows into dirt to sleep."
dp4-47,Metapod,Great Encounters,False,https://images.pokemontcg.io/dp4/47_hires.png,Diamond & Pearl,2/1/2008,Uncommon,['Grass'],['Stage 1'],70,9,A steel-hard shell protects its tender body. It quietly endures hardships while awaiting evolution.
dp4-48,Pelipper,Great Encounters,False,https://images.pokemontcg.io/dp4/48_hires.png,Diamond & Pearl,2/1/2008,Uncommon,['Water'],['Stage 1'],80,45,"It dips its large bill in the sea, then scoops up numerous prey along with water."
dp4-49,Porygon2,Great Encounters,False,https://images.pokemontcg.io/dp4/49_hires.png,Diamond & Pearl,2/1/2008,Uncommon,['Colorless'],['Stage 1'],70,39,"With planetary development software installed, it became capable of working in space."
dp4-50,Purugly,Great Encounters,False,https://images.pokemontcg.io/dp4/50_hires.png,Diamond & Pearl,2/1/2008,Uncommon,['Colorless'],['Stage 1'],90,47,It is a brazen brute that barges its way into another Pokémon's nest and claims it as its own.
dp4-51,Relicanth,Great Encounters,False,https://images.pokemontcg.io/dp4/51_hires.png,Diamond & Pearl,2/1/2008,Uncommon,['Water'],['Basic'],70,31,A rare Pokémon discovered during a deep-sea exploration. It has not changed in over 100 million years.
dp4-52,Seviper,Great Encounters,False,https://images.pokemontcg.io/dp4/52_hires.png,Diamond & Pearl,2/1/2008,Uncommon,['Psychic'],['Basic'],80,26,"For many generations, it has feuded with ZANGOOSE. It whets its bladed tail on rocks for battle."
dp4-53,Skarmory,Great Encounters,False,https://images.pokemontcg.io/dp4/53_hires.png,Diamond & Pearl,2/1/2008,Uncommon,['Metal'],['Basic'],70,31,"Despite being clad entirely in iron-hard armor, it flies at speeds over 180 mph."
dp4-54,Slowbro,Great Encounters,False,https://images.pokemontcg.io/dp4/54_hires.png,Diamond & Pearl,2/1/2008,Uncommon,['Water'],['Stage 1'],80,39,"Though usually dim witted, it seems to become inspired if the SHELLDER on its tail bites down."
dp4-55,Togetic,Great Encounters,False,https://images.pokemontcg.io/dp4/55_hires.png,Diamond & Pearl,2/1/2008,Uncommon,['Colorless'],['Stage 1'],70,23,"It is said to appear in front of kindly people to scatter a glowing down called ""joy dust."""
dp4-56,Unown F,Great Encounters,False,https://images.pokemontcg.io/dp4/56_hires.png,Diamond & Pearl,2/1/2008,Uncommon,['Psychic'],['Basic'],50,13,"Shaped like ancient writing, it is a huge mystery whether language or UNOWN came first."
dp4-57,Unown G,Great Encounters,False,https://images.pokemontcg.io/dp4/57_hires.png,Diamond & Pearl,2/1/2008,Uncommon,['Psychic'],['Basic'],50,17,"Shaped like ancient writing, it is a huge mystery whether language or UNOWN came first."
dp4-58,Wailmer,Great Encounters,False,https://images.pokemontcg.io/dp4/58_hires.png,Diamond & Pearl,2/1/2008,Uncommon,['Water'],['Basic'],90,14,"On sunny days, it lands on beaches to bounce like a ball and play. It spouts water from its nose."
dp4-59,Zangoose,Great Encounters,False,https://images.pokemontcg.io/dp4/59_hires.png,Diamond & Pearl,2/1/2008,Uncommon,['Colorless'],['Basic'],70,23,It has feuded with SEVIPER for many generations. Its sharp claws are its biggest weapons.
dp4-60,Baltoy,Great Encounters,False,https://images.pokemontcg.io/dp4/60_hires.png,Diamond & Pearl,2/1/2008,Common,['Fighting'],['Basic'],50,11,It moves by spinning on its foot. It is a rare Pokémon that was discovered in ancient ruins.
dp4-61,Buizel,Great Encounters,False,https://images.pokemontcg.io/dp4/61_hires.png,Diamond & Pearl,2/1/2008,Common,['Water'],['Basic'],60,14,It has a flotation sac that is like an inflatable collar. It floats on water with its head out.
dp4-62,Cacnea,Great Encounters,False,https://images.pokemontcg.io/dp4/62_hires.png,Diamond & Pearl,2/1/2008,Common,['Grass'],['Basic'],50,12,"By storing water in its body, this desert dweller can survive 30 days without water."
dp4-63,Caterpie,Great Encounters,False,https://images.pokemontcg.io/dp4/63_hires.png,Diamond & Pearl,2/1/2008,Common,['Grass'],['Basic'],40,6,It releases a stench from its red antenna to repel enemies. It grows by molting repeatedly.
dp4-64,Clamperl,Great Encounters,False,https://images.pokemontcg.io/dp4/64_hires.png,Diamond & Pearl,2/1/2008,Common,['Water'],['Basic'],40,15,It makes a single pearl during its lifetime. The pearl is said to amplify psychic power.
dp4-65,Drowzee,Great Encounters,False,https://images.pokemontcg.io/dp4/65_hires.png,Diamond & Pearl,2/1/2008,Common,['Psychic'],['Basic'],60,13,It can tell what people are dreaming by sniffing with its big nose. It loves fun dreams.
dp4-66,Ekans,Great Encounters,False,https://images.pokemontcg.io/dp4/66_hires.png,Diamond & Pearl,2/1/2008,Common,['Psychic'],['Basic'],60,16,It sneaks through grass without making a sound and strikes unsuspecting prey from behind.
dp4-67,Feebas,Great Encounters,False,https://images.pokemontcg.io/dp4/67_hires.png,Diamond & Pearl,2/1/2008,Common,['Water'],['Basic'],30,4,"It is famous for its shabby appearance. While populous, they tend to cluster in set locations."
dp4-68,Glameow,Great Encounters,False,https://images.pokemontcg.io/dp4/68_hires.png,Diamond & Pearl,2/1/2008,Common,['Colorless'],['Basic'],50,14,It claws if displeased and purrs when affectionate. Its fickleness is very popular among some.
dp4-69,Houndour,Great Encounters,False,https://images.pokemontcg.io/dp4/69_hires.png,Diamond & Pearl,2/1/2008,Common,['Fire'],['Basic'],50,13,It conveys its feelings using different cries. It works in a pack to cleverly take down prey.
dp4-70,Igglybuff,Great Encounters,False,https://images.pokemontcg.io/dp4/70_hires.png,Diamond & Pearl,2/1/2008,Common,['Colorless'],['Basic'],50,6,"It has a soft and bouncy body. Once it starts bouncing, it becomes impossible to stop."
dp4-71,Illumise,Great Encounters,False,https://images.pokemontcg.io/dp4/71_hires.png,Diamond & Pearl,2/1/2008,Common,['Grass'],['Basic'],70,29,"With its sweet aroma, it guides VOLBEAT to draw signs with light in the night sky."
dp4-72,Jigglypuff,Great Encounters,False,https://images.pokemontcg.io/dp4/72_hires.png,Diamond & Pearl,2/1/2008,Common,['Colorless'],['Basic'],60,23,"When it wavers its big, round eyes, it begins singing a lullaby that makes everyone drowsy."
dp4-73,Kakuna,Great Encounters,False,https://images.pokemontcg.io/dp4/73_hires.png,Diamond & Pearl,2/1/2008,Common,['Grass'],['Stage 1'],80,9,"While awaiting evolution, it hides from predators under leaves and in nooks of branches."
dp4-74,Koffing,Great Encounters,False,https://images.pokemontcg.io/dp4/74_hires.png,Diamond & Pearl,2/1/2008,Common,['Psychic'],['Basic'],60,18,"Lighter-than-air gases in its body keep it aloft. The gases not only smell, they are also explosive."
dp4-75,Krabby,Great Encounters,False,https://images.pokemontcg.io/dp4/75_hires.png,Diamond & Pearl,2/1/2008,Common,['Water'],['Basic'],60,8,It lives in burrows dug on sandy beaches. Its pincers fully grow back if they are broken in battle.
dp4-76,Lunatone,Great Encounters,False,https://images.pokemontcg.io/dp4/76_hires.png,Diamond & Pearl,2/1/2008,Common,['Fighting'],['Basic'],60,31,"Because it turns active on nights of the full moon, it is said to have some link to the lunar phases."
dp4-77,Luvdisc,Great Encounters,False,https://images.pokemontcg.io/dp4/77_hires.png,Diamond & Pearl,2/1/2008,Common,['Water'],['Basic'],60,28,It lives in warm seas. It is said that a couple finding this Pokémon will be blessed with eternal love.
dp4-78,Makuhita,Great Encounters,False,https://images.pokemontcg.io/dp4/78_hires.png,Diamond & Pearl,2/1/2008,Common,['Fighting'],['Basic'],60,15,It toughens its body by slamming into thick trees. Many snapped trees can be found near its nest.
dp4-79,Mankey,Great Encounters,False,https://images.pokemontcg.io/dp4/79_hires.png,Diamond & Pearl,2/1/2008,Common,['Fighting'],['Basic'],50,14,"It lives in treetop colonies. If one becomes enraged, the whole colony rampages for no reason."
dp4-80,Mudkip,Great Encounters,False,https://images.pokemontcg.io/dp4/80_hires.png,Diamond & Pearl,2/1/2008,Common,['Water'],['Basic'],60,7,"To alert it, the fin on its head senses the flow of water. It has the strength to heft boulders."
dp4-81,Porygon,Great Encounters,False,https://images.pokemontcg.io/dp4/81_hires.png,Diamond & Pearl,2/1/2008,Common,['Colorless'],['Basic'],50,7,The world's first artificially created Pokémon. It can travel through electronic space.
dp4-82,Slowpoke,Great Encounters,False,https://images.pokemontcg.io/dp4/82_hires.png,Diamond & Pearl,2/1/2008,Common,['Water'],['Basic'],60,10,"Although slow, it is skilled at fishing with its tail. It does not feel pain if its tail is bitten."
dp4-83,Slugma,Great Encounters,False,https://images.pokemontcg.io/dp4/83_hires.png,Diamond & Pearl,2/1/2008,Common,['Fire'],['Basic'],60,11,"Its body is made of magma. If it doesn't keep moving, its body will cool and harden."
dp4-84,Snubbull,Great Encounters,False,https://images.pokemontcg.io/dp4/84_hires.png,Diamond & Pearl,2/1/2008,Common,['Colorless'],['Basic'],60,11,"Small Pokémon flee from its scary face. It is, however, considered by women to be cute."
dp4-85,Solrock,Great Encounters,False,https://images.pokemontcg.io/dp4/85_hires.png,Diamond & Pearl,2/1/2008,Common,['Fighting'],['Basic'],70,29,"A new Pokémon species, rumored to be from the sun. It gives off light while spinning."
dp4-86,Swablu,Great Encounters,False,https://images.pokemontcg.io/dp4/86_hires.png,Diamond & Pearl,2/1/2008,Common,['Colorless'],['Basic'],40,7,"Its wings are like cotton tufts. If it perches on someone's head, it looks like a cotton hat."
dp4-87,Tangela,Great Encounters,False,https://images.pokemontcg.io/dp4/87_hires.png,Diamond & Pearl,2/1/2008,Common,['Grass'],['Basic'],70,12,It is shrouded by blue vines. No one has seen the face hidden behind this growth of vines.
dp4-88,Togepi,Great Encounters,False,https://images.pokemontcg.io/dp4/88_hires.png,Diamond & Pearl,2/1/2008,Common,['Colorless'],['Basic'],50,4,Its shell is said to be stuffed with happiness that it shares with kindhearted people.
dp4-89,Torchic,Great Encounters,False,https://images.pokemontcg.io/dp4/89_hires.png,Diamond & Pearl,2/1/2008,Common,['Fire'],['Basic'],50,7,"A fire burns inside, so it feels very warm to hug. It launches fireballs of 1,800 degrees F."
dp4-90,Treecko,Great Encounters,False,https://images.pokemontcg.io/dp4/90_hires.png,Diamond & Pearl,2/1/2008,Common,['Grass'],['Basic'],50,7,"The soles of its feet are covered by countless tiny spikes, enabling it to walk on walls and ceilings."
dp4-91,Unown L,Great Encounters,False,https://images.pokemontcg.io/dp4/91_hires.png,Diamond & Pearl,2/1/2008,Common,['Psychic'],['Basic'],50,18,"Shaped like ancient writing, it is a huge mystery whether language or UNOWN came first."
dp4-92,Volbeat,Great Encounters,False,https://images.pokemontcg.io/dp4/92_hires.png,Diamond & Pearl,2/1/2008,Common,['Grass'],['Basic'],70,34,It communicates with others by lighting up its rear at night. It loves ILLUMISE's sweet aroma.
dp4-93,Weedle,Great Encounters,False,https://images.pokemontcg.io/dp4/93_hires.png,Diamond & Pearl,2/1/2008,Common,['Grass'],['Basic'],50,5,It eats its weight in leaves every day. It fends off attackers with the needle on its head.
dp4-94,Whismur,Great Encounters,False,https://images.pokemontcg.io/dp4/94_hires.png,Diamond & Pearl,2/1/2008,Common,['Colorless'],['Basic'],50,8,"Usually, its cries are like quiet murmurs.  If frightened, it shrieks at the same volume as a jet plane."
dp4-95,Wingull,Great Encounters,False,https://images.pokemontcg.io/dp4/95_hires.png,Diamond & Pearl,2/1/2008,Common,['Water'],['Basic'],50,6,"It makes its nest on steep sea cliffs. Riding updrafts, it soars to great heights."
dp4-96,Zigzagoon,Great Encounters,False,https://images.pokemontcg.io/dp4/96_hires.png,Diamond & Pearl,2/1/2008,Common,['Colorless'],['Basic'],50,6,It walks in zigzag fashion. It is good at finding items in the grass and even in the ground.
pop7-1,Ampharos,POP Series 7,False,https://images.pokemontcg.io/pop7/1_hires.png,POP,3/1/2008,Rare,['Lightning'],['Stage 2'],130,52,"The tip of its tail shines brightly. In the olden days, people sent signals using the tail's light."
pop7-2,Gallade,POP Series 7,False,https://images.pokemontcg.io/pop7/2_hires.png,POP,3/1/2008,Rare,['Fighting'],['Stage 2'],130,55,"A master of courtesy and swordsmanship, it fights using extending swords on it elbows."
pop7-3,Latias,POP Series 7,False,https://images.pokemontcg.io/pop7/3_hires.png,POP,3/1/2008,Rare,['Colorless'],['Basic'],80,45,Its body is covered with a down that can refract light in such a way that it becomes invisible.
pop7-4,Latios,POP Series 7,False,https://images.pokemontcg.io/pop7/4_hires.png,POP,3/1/2008,Rare,['Colorless'],['Basic'],90,47,"A highly intelligent Pokémon. By folding back its wings in flight, it can overtake jet planes."
pop7-5,Mothim,POP Series 7,False,https://images.pokemontcg.io/pop7/5_hires.png,POP,3/1/2008,Rare,['Grass'],['Stage 1'],80,39,It loves the honey of flowers and steals honey collected by COMBEE.
pop7-6,Delibird,POP Series 7,False,https://images.pokemontcg.io/pop7/6_hires.png,POP,3/1/2008,Uncommon,['Water'],['Basic'],70,26,It carries food rolled up in its tail. It has the habit of sharing food with people lost in mountains.
pop7-7,Flaaffy,POP Series 7,False,https://images.pokemontcg.io/pop7/7_hires.png,POP,3/1/2008,Uncommon,['Lightning'],['Stage 1'],80,26,"If its coat becomes fully charged with electricity, its tail lights up. It fire hair that zaps on impact."
pop7-8,Kirlia,POP Series 7,False,https://images.pokemontcg.io/pop7/8_hires.png,POP,3/1/2008,Uncommon,['Psychic'],['Stage 1'],80,28,It is highly perceptive of its Trainer's feelings. It dances when it is feeling happy.
pop7-9,Stantler,POP Series 7,False,https://images.pokemontcg.io/pop7/9_hires.png,POP,3/1/2008,Uncommon,['Colorless'],['Basic'],70,28,Staring at its antlers creates an odd sensation as if one were being drawn into their centers.
pop7-10,Wormadam Sandy Cloak,POP Series 7,False,https://images.pokemontcg.io/pop7/10_hires.png,POP,3/1/2008,Uncommon,['Fighting'],['Stage 1'],80,37,"When BURMY evolved, it cloak became a part of this Pokémon's body. The cloak is never shed."
pop7-11,Burmy Plant Cloak,POP Series 7,False,https://images.pokemontcg.io/pop7/11_hires.png,POP,3/1/2008,Common,['Grass'],['Basic'],40,10,"To shelter itself from cold, wintry winds, it covers itself with a cloak made of twigs and leaves."
pop7-12,Burmy Sandy Cloak,POP Series 7,False,https://images.pokemontcg.io/pop7/12_hires.png,POP,3/1/2008,Common,['Grass'],['Basic'],40,10,"To shelter itself from cold, wintry winds, it covers itself with a cloak made of twigs and leaves."
pop7-13,Corsola,POP Series 7,False,https://images.pokemontcg.io/pop7/13_hires.png,POP,3/1/2008,Common,['Water'],['Basic'],70,32,Many live in the clean seas of the south. They apparently can't live in polluted waters.
pop7-14,Mareep,POP Series 7,False,https://images.pokemontcg.io/pop7/14_hires.png,POP,3/1/2008,Common,['Lightning'],['Basic'],50,11,Its fluffy coat swells to double when static electricity builds up. Touching it can be shocking.
pop7-15,Ralts,POP Series 7,False,https://images.pokemontcg.io/pop7/15_hires.png,POP,3/1/2008,Common,['Psychic'],['Basic'],60,13,It uses the horns on its head to sense human emotions. It is said to appear in front of cheerful people.
pop7-16,Sentret,POP Series 7,False,https://images.pokemontcg.io/pop7/16_hires.png,POP,3/1/2008,Common,['Colorless'],['Basic'],60,11,It has a very nervous nature. It stands up high on its tail so it can scan wide areas.
pop7-17,Spinda,POP Series 7,False,https://images.pokemontcg.io/pop7/17_hires.png,POP,3/1/2008,Common,['Colorless'],['Basic'],70,25,No two SPINDA have the same pattern of spots. Its tottering step fouls the aim of foes.
dp5-1,Articuno,Majestic Dawn,False,https://images.pokemontcg.io/dp5/1_hires.png,Diamond & Pearl,5/1/2008,Rare Holo,['Water'],['Basic'],100,46,A legendary bird Pokémon. It can create blizzards by freezing moisture in the air.
dp5-2,Cresselia,Majestic Dawn,False,https://images.pokemontcg.io/dp5/2_hires.png,Diamond & Pearl,5/1/2008,Rare Holo,['Psychic'],['Basic'],70,43,Shiny particles are released from its wings like a veil. It is said to represent the crescent moon.
dp5-3,Darkrai,Majestic Dawn,False,https://images.pokemontcg.io/dp5/3_hires.png,Diamond & Pearl,5/1/2008,Rare Holo,['Darkness'],['Basic'],80,48,It can lull people to sleep and make them dream. It is active during nights of the new moon.
dp5-5,Glaceon,Majestic Dawn,False,https://images.pokemontcg.io/dp5/5_hires.png,Diamond & Pearl,5/1/2008,Rare Holo,['Water'],['Stage 1'],80,44,"As a protective technique, it can completely freeze its fur to make its hairs stand like needles."
dp5-6,Kabutops,Majestic Dawn,False,https://images.pokemontcg.io/dp5/6_hires.png,Diamond & Pearl,5/1/2008,Rare Holo,['Fighting'],['Stage 2'],120,56,It is thought that this Pokémon came onto land because its prey adapted to life on land.
dp5-7,Leafeon,Majestic Dawn,False,https://images.pokemontcg.io/dp5/7_hires.png,Diamond & Pearl,5/1/2008,Rare Holo,['Grass'],['Stage 1'],90,42,"Just like a plant, it uses photosynthesis. As a result, it is always enveloped in clear air."
dp5-8,Manaphy,Majestic Dawn,False,https://images.pokemontcg.io/dp5/8_hires.png,Diamond & Pearl,5/1/2008,Rare Holo,['Water'],['Basic'],70,32,"Born on a cold seafloor, it will swim great distances to return to its birthplace."
dp5-9,Mewtwo,Majestic Dawn,False,https://images.pokemontcg.io/dp5/9_hires.png,Diamond & Pearl,5/1/2008,Rare Holo,['Psychic'],['Basic'],90,51,A Pokémon created by recombining Mew's genes. It's said to have the most savage heart among Pokémon.
dp5-10,Moltres,Majestic Dawn,False,https://images.pokemontcg.io/dp5/10_hires.png,Diamond & Pearl,5/1/2008,Rare Holo,['Fire'],['Basic'],100,47,One of the legendary bird Pokémon. It is said that its appearance indicates the coming of spring.
dp5-12,Phione,Majestic Dawn,False,https://images.pokemontcg.io/dp5/12_hires.png,Diamond & Pearl,5/1/2008,Rare Holo,['Water'],['Basic'],60,23,A Pokémon that lives in warm seas. It inflates the flotation sac on its head to drift and search for food.
dp5-13,Rotom,Majestic Dawn,False,https://images.pokemontcg.io/dp5/13_hires.png,Diamond & Pearl,5/1/2008,Rare Holo,['Lightning'],['Basic'],60,37,Its body is composed of plasma. It is known to infiltrate electronic devices and wreak havoc.
dp5-14,Zapdos,Majestic Dawn,False,https://images.pokemontcg.io/dp5/14_hires.png,Diamond & Pearl,5/1/2008,Rare Holo,['Lightning'],['Basic'],100,45,A legendary Pokémon that is said to live in thunderclouds. It freely controls lightning bolts.
dp5-15,Aerodactyl,Majestic Dawn,False,https://images.pokemontcg.io/dp5/15_hires.png,Diamond & Pearl,5/1/2008,Rare,['Colorless'],['Stage 1'],80,44,A Pokémon that roamed the skies in the dinosaur era. Its teeth are like saw blades.
dp5-16,Bronzong,Majestic Dawn,False,https://images.pokemontcg.io/dp5/16_hires.png,Diamond & Pearl,5/1/2008,Rare,['Psychic'],['Stage 1'],90,44,"One caused a news sensation when it was dug up at a construction site after a 2,000-year sleep."
dp5-17,Empoleon,Majestic Dawn,False,https://images.pokemontcg.io/dp5/17_hires.png,Diamond & Pearl,5/1/2008,Rare,['Water'],['Stage 2'],130,49,It swims as fast as a jet boat. The edges of its wings are sharp and can slice apart drifting ice.
dp5-18,Espeon,Majestic Dawn,False,https://images.pokemontcg.io/dp5/18_hires.png,Diamond & Pearl,5/1/2008,Rare,['Psychic'],['Stage 1'],80,44,Its fur has the look and feel of velvet. The orb on its forehead glows when it uses psycho-power.
dp5-19,Flareon,Majestic Dawn,False,https://images.pokemontcg.io/dp5/19_hires.png,Diamond & Pearl,5/1/2008,Rare,['Fire'],['Stage 1'],90,43,"It has a flame sac in its body. Its body temperature tops 1,650 degrees Fahrenheit before battle."
dp5-20,Glaceon,Majestic Dawn,False,https://images.pokemontcg.io/dp5/20_hires.png,Diamond & Pearl,5/1/2008,Rare,['Water'],['Stage 1'],90,46,"As a protective technique, it can completely freeze its fur to make its hairs stand like needles."
dp5-21,Hippowdon,Majestic Dawn,False,https://images.pokemontcg.io/dp5/21_hires.png,Diamond & Pearl,5/1/2008,Rare,['Fighting'],['Stage 1'],100,44,Its huge mouth is almost seven feet across. It has enough power to completely crush a car.
dp5-22,Infernape,Majestic Dawn,False,https://images.pokemontcg.io/dp5/22_hires.png,Diamond & Pearl,5/1/2008,Rare,['Fire'],['Stage 2'],110,46,Its crown of fire is indicative of its fiery nature. It is beaten by none in terms of quickness.
dp5-23,Jolteon,Majestic Dawn,False,https://images.pokemontcg.io/dp5/23_hires.png,Diamond & Pearl,5/1/2008,Rare,['Lightning'],['Stage 1'],80,39,"It controls 10,000-volt power and can raise all the furs on its body as if it were sharp needles."
dp5-24,Leafeon,Majestic Dawn,False,https://images.pokemontcg.io/dp5/24_hires.png,Diamond & Pearl,5/1/2008,Rare,['Grass'],['Stage 1'],90,40,"Just like a plant, it uses photosynthesis. As a result, it is always enveloped in clear air."
dp5-25,Minun,Majestic Dawn,False,https://images.pokemontcg.io/dp5/25_hires.png,Diamond & Pearl,5/1/2008,Rare,['Lightning'],['Basic'],60,24,"It cheers on friends. If its friends are losing, its body lets off more and more sparks."
dp5-26,Omastar,Majestic Dawn,False,https://images.pokemontcg.io/dp5/26_hires.png,Diamond & Pearl,5/1/2008,Rare,['Water'],['Stage 2'],110,53,It is thought that this Pokémon became extinct because its spiral shell grew too large.
dp5-27,Phione,Majestic Dawn,False,https://images.pokemontcg.io/dp5/27_hires.png,Diamond & Pearl,5/1/2008,Rare,['Water'],['Basic'],70,20,A Pokémon that lives in warm seas. It inflates the flotation sac on its head to drift and search for food.
dp5-28,Plusle,Majestic Dawn,False,https://images.pokemontcg.io/dp5/28_hires.png,Diamond & Pearl,5/1/2008,Rare,['Lightning'],['Basic'],60,27,It cheers on friends with pom-poms made of sparks. It drains power from telephone poles.
dp5-29,Scizor,Majestic Dawn,False,https://images.pokemontcg.io/dp5/29_hires.png,Diamond & Pearl,5/1/2008,Rare,['Metal'],['Stage 1'],90,42,It has a steel-hard body. It intimidates foes by upraising its eye-patterned pincers.
dp5-30,Torterra,Majestic Dawn,False,https://images.pokemontcg.io/dp5/30_hires.png,Diamond & Pearl,5/1/2008,Rare,['Grass'],['Stage 2'],140,51,"Groups of this Pokémon migrating in search of water have been mistaken for ""moving forests."""
dp5-31,Toxicroak,Majestic Dawn,False,https://images.pokemontcg.io/dp5/31_hires.png,Diamond & Pearl,5/1/2008,Rare,['Psychic'],['Stage 1'],90,32,The toxin made in its poison sacs is pumped to the knuckle claws through tubes down its arms.
dp5-32,Umbreon,Majestic Dawn,False,https://images.pokemontcg.io/dp5/32_hires.png,Diamond & Pearl,5/1/2008,Rare,['Darkness'],['Stage 1'],80,43,The light of the moon changed Eevee's genetic structure. It lurks in darkness for prey.
dp5-33,Unown P,Majestic Dawn,False,https://images.pokemontcg.io/dp5/33_hires.png,Diamond & Pearl,5/1/2008,Rare,['Psychic'],['Basic'],50,17,"Shaped like ancient writing, it is a huge mystery whether language or Unown came first."
dp5-34,Vaporeon,Majestic Dawn,False,https://images.pokemontcg.io/dp5/34_hires.png,Diamond & Pearl,5/1/2008,Rare,['Water'],['Stage 1'],90,45,It has evolved to be suitable for aquatic life. It can invisibly melt away into water.
dp5-35,Ambipom,Majestic Dawn,False,https://images.pokemontcg.io/dp5/35_hires.png,Diamond & Pearl,5/1/2008,Uncommon,['Colorless'],['Stage 1'],80,34,"To eat, it deftly shucks nuts with its two tails. It rarely uses its arms now."
dp5-36,Fearow,Majestic Dawn,False,https://images.pokemontcg.io/dp5/36_hires.png,Diamond & Pearl,5/1/2008,Uncommon,['Colorless'],['Stage 1'],80,29,It has the stamina to fly all day on its broad wings. It fights by using its sharp beak.
dp5-37,Grotle,Majestic Dawn,False,https://images.pokemontcg.io/dp5/37_hires.png,Diamond & Pearl,5/1/2008,Uncommon,['Grass'],['Stage 1'],90,23,The shell is hardened soil. Some Pokémon come to peck the berries growing on the trees on its back.
dp5-38,Kangaskhan,Majestic Dawn,False,https://images.pokemontcg.io/dp5/38_hires.png,Diamond & Pearl,5/1/2008,Uncommon,['Colorless'],['Basic'],90,28,It raises its offspring in its belly pouch. It lets the baby out to play only when it feels safe.
dp5-39,Lickitung,Majestic Dawn,False,https://images.pokemontcg.io/dp5/39_hires.png,Diamond & Pearl,5/1/2008,Uncommon,['Colorless'],['Basic'],70,23,"Instead of hands, it uses its tongue, which is twice its height. Its sticky saliva grips anything."
dp5-40,Manectric,Majestic Dawn,False,https://images.pokemontcg.io/dp5/40_hires.png,Diamond & Pearl,5/1/2008,Uncommon,['Lightning'],['Stage 1'],80,34,It discharges electricity from its mane. It creates a thundercloud overhead to drop lightning bolts.
dp5-41,Monferno,Majestic Dawn,False,https://images.pokemontcg.io/dp5/41_hires.png,Diamond & Pearl,5/1/2008,Uncommon,['Fire'],['Stage 1'],70,20,It uses ceilings and walls to launch aerial attacks. Its fiery tail is but one weapon.
dp5-42,Mothim,Majestic Dawn,False,https://images.pokemontcg.io/dp5/42_hires.png,Diamond & Pearl,5/1/2008,Uncommon,['Grass'],['Stage 1'],80,41,It loves the honey of flowers and steals honey collected by Combee.
dp5-43,Pachirisu,Majestic Dawn,False,https://images.pokemontcg.io/dp5/43_hires.png,Diamond & Pearl,5/1/2008,Uncommon,['Lightning'],['Basic'],70,25,It makes electricity with pouches in its cheeks and shoots charges from its tail. It lives atop trees.
dp5-44,Prinplup,Majestic Dawn,False,https://images.pokemontcg.io/dp5/44_hires.png,Diamond & Pearl,5/1/2008,Uncommon,['Water'],['Stage 1'],80,24,Its wings deliver wicked blows that snap even the thickest of trees. It searches for prey in icy seas.
dp5-45,Raichu,Majestic Dawn,False,https://images.pokemontcg.io/dp5/45_hires.png,Diamond & Pearl,5/1/2008,Uncommon,['Lightning'],['Stage 1'],90,37,"It can loose 100,000-volt bursts of electricity, instantly downing foes several times its size."
dp5-46,Scyther,Majestic Dawn,False,https://images.pokemontcg.io/dp5/46_hires.png,Diamond & Pearl,5/1/2008,Uncommon,['Grass'],['Basic'],70,12,It is nearly impossible to parry its attacking scythes. Its movements are like a ninja's.
dp5-47,Staravia,Majestic Dawn,False,https://images.pokemontcg.io/dp5/47_hires.png,Diamond & Pearl,5/1/2008,Uncommon,['Colorless'],['Stage 1'],80,23,It lives in forests and fields. Squabbles over territory occur when flocks collide.
dp5-48,Sudowoodo,Majestic Dawn,False,https://images.pokemontcg.io/dp5/48_hires.png,Diamond & Pearl,5/1/2008,Uncommon,['Fighting'],['Basic'],80,25,"It stands along paths pretending to be a tree. If it starts raining, it seems to disappear."
dp5-49,Unown Q,Majestic Dawn,False,https://images.pokemontcg.io/dp5/49_hires.png,Diamond & Pearl,5/1/2008,Uncommon,['Psychic'],['Basic'],30,15,"Shaped like ancient writing, it is a huge mystery whether language or Unown came first."
dp5-50,Aipom,Majestic Dawn,False,https://images.pokemontcg.io/dp5/50_hires.png,Diamond & Pearl,5/1/2008,Common,['Colorless'],['Basic'],60,16,It lives atop giant trees. It wraps its tail around a branch so it won't fall off while asleep.
dp5-51,Aipom,Majestic Dawn,False,https://images.pokemontcg.io/dp5/51_hires.png,Diamond & Pearl,5/1/2008,Common,['Colorless'],['Basic'],60,15,It uses its tail to pluck fruits that are out of reach. Its tail is more adept than its real hands.
dp5-52,Bronzor,Majestic Dawn,False,https://images.pokemontcg.io/dp5/52_hires.png,Diamond & Pearl,5/1/2008,Common,['Psychic'],['Basic'],50,11,"X-ray photos were taken to check its body structure. Nothing appeared, however."
dp5-53,Buneary,Majestic Dawn,False,https://images.pokemontcg.io/dp5/53_hires.png,Diamond & Pearl,5/1/2008,Common,['Colorless'],['Basic'],50,13,"When it senses danger, it perks up its ears. On cold nights, it sleeps with its head tucked into its fur."
dp5-54,Burmy Sandy Cloak,Majestic Dawn,False,https://images.pokemontcg.io/dp5/54_hires.png,Diamond & Pearl,5/1/2008,Common,['Grass'],['Basic'],50,12,"If its cloak is broken in battle, it quickly remakes the cloak with materials nearby."
dp5-55,Chatot,Majestic Dawn,False,https://images.pokemontcg.io/dp5/55_hires.png,Diamond & Pearl,5/1/2008,Common,['Colorless'],['Basic'],60,30,"It can learn and speak human words. If they gather, they all learn the same saying."
dp5-56,Chimchar,Majestic Dawn,False,https://images.pokemontcg.io/dp5/56_hires.png,Diamond & Pearl,5/1/2008,Common,['Fire'],['Basic'],40,6,Its fiery rear end is fueled by gas made in its belly. Even rain can't extinguish the fire.
dp5-58,Chingling,Majestic Dawn,False,https://images.pokemontcg.io/dp5/58_hires.png,Diamond & Pearl,5/1/2008,Common,['Psychic'],['Basic'],40,5,It emits cries by agitating an orb at the back of its throat. It moves with flouncing hops.
dp5-59,Combee,Majestic Dawn,False,https://images.pokemontcg.io/dp5/59_hires.png,Diamond & Pearl,5/1/2008,Common,['Grass'],['Basic'],50,6,"It collects and delivers honey to its colony. At night, they cluster to form a beehive and sleep."
dp5-60,Croagunk,Majestic Dawn,False,https://images.pokemontcg.io/dp5/60_hires.png,Diamond & Pearl,5/1/2008,Common,['Psychic'],['Basic'],60,13,"Inflating its poison sacs, it makes an eerie blubbering sound for intimidation."
dp5-61,Drifloon,Majestic Dawn,False,https://images.pokemontcg.io/dp5/61_hires.png,Diamond & Pearl,5/1/2008,Common,['Psychic'],['Basic'],60,18,"It tugs on the hands of children to steal them away. However, it gets pulled around instead."
dp5-62,Eevee,Majestic Dawn,False,https://images.pokemontcg.io/dp5/62_hires.png,Diamond & Pearl,5/1/2008,Common,['Colorless'],['Basic'],60,14,A rare Pokémon that adapts to harsh environments by taking on different evolutionary forms.
dp5-63,Eevee,Majestic Dawn,False,https://images.pokemontcg.io/dp5/63_hires.png,Diamond & Pearl,5/1/2008,Common,['Colorless'],['Basic'],60,12,A rare Pokémon that adapts to harsh environments by taking on different evolutionary forms.
dp5-64,Electrike,Majestic Dawn,False,https://images.pokemontcg.io/dp5/64_hires.png,Diamond & Pearl,5/1/2008,Common,['Lightning'],['Basic'],60,18,"Using electricity stored in its fur, it stimulates its muscles to heighten its reaction speed."
dp5-65,Glameow,Majestic Dawn,False,https://images.pokemontcg.io/dp5/65_hires.png,Diamond & Pearl,5/1/2008,Common,['Colorless'],['Basic'],60,15,"With its sharp glare, it puts foes in a mild hypnotic state. It is a very fickle Pokémon."
dp5-66,Hippopotas,Majestic Dawn,False,https://images.pokemontcg.io/dp5/66_hires.png,Diamond & Pearl,5/1/2008,Common,['Fighting'],['Basic'],60,25,It enshrouds itself with sand to protect itself from germs. It does not enjoy getting wet.
dp5-67,Kabuto,Majestic Dawn,False,https://images.pokemontcg.io/dp5/67_hires.png,Diamond & Pearl,5/1/2008,Common,['Fighting'],['Stage 1'],80,38,It is thought to have inhabited beaches 300 million years ago. It is protected by a stiff shell.
dp5-68,Munchlax,Majestic Dawn,False,https://images.pokemontcg.io/dp5/68_hires.png,Diamond & Pearl,5/1/2008,Common,['Colorless'],['Basic'],60,7,"It hides food under its long body hair. However, it forgets it has hidden the food."
dp5-69,Omanyte,Majestic Dawn,False,https://images.pokemontcg.io/dp5/69_hires.png,Diamond & Pearl,5/1/2008,Common,['Water'],['Stage 1'],70,37,A Pokémon that was resurrected from a fossil using modern science. It swam in ancient seas.
dp5-70,Pikachu,Majestic Dawn,False,https://images.pokemontcg.io/dp5/70_hires.png,Diamond & Pearl,5/1/2008,Common,['Lightning'],['Basic'],60,12,"If it looses crackling power from the electric pouches on its cheeks, it is being wary."
dp5-71,Piplup,Majestic Dawn,False,https://images.pokemontcg.io/dp5/71_hires.png,Diamond & Pearl,5/1/2008,Common,['Water'],['Basic'],60,10,"It lives along shores in northern countries. A skilled swimmer, it dives for over 10 minutes to hunt."
dp5-73,Shellos East Sea,Majestic Dawn,False,https://images.pokemontcg.io/dp5/73_hires.png,Diamond & Pearl,5/1/2008,Common,['Water'],['Basic'],60,19,It lives along bodies of water. Its body shape changed to suit its habitat.
dp5-74,Spearow,Majestic Dawn,False,https://images.pokemontcg.io/dp5/74_hires.png,Diamond & Pearl,5/1/2008,Common,['Colorless'],['Basic'],50,10,"It flaps its small wings busily to fly. Using its beak, it searches in grass for prey."
dp5-75,Starly,Majestic Dawn,False,https://images.pokemontcg.io/dp5/75_hires.png,Diamond & Pearl,5/1/2008,Common,['Colorless'],['Basic'],50,10,"Usually with a large flock, it is barely noticeable when alone. Its cries are very strident."
dp5-76,Stunky,Majestic Dawn,False,https://images.pokemontcg.io/dp5/76_hires.png,Diamond & Pearl,5/1/2008,Common,['Darkness'],['Basic'],60,14,"It sprays a nose-curling, stinky fluid from its rear to repel attackers."
dp5-77,Turtwig,Majestic Dawn,False,https://images.pokemontcg.io/dp5/77_hires.png,Diamond & Pearl,5/1/2008,Common,['Grass'],['Basic'],60,11,"It undertakes photosynthesis with its body, making oxygen. The leaf on its head wilts if it is thirsty."
dp6-1,Deoxys Normal Forme,Legends Awakened,False,https://images.pokemontcg.io/dp6/1_hires.png,Diamond & Pearl,8/1/2008,Rare Holo,['Psychic'],['Basic'],90,50,An alien virus that fell to earth on a meteor underwent a DNA mutation to become this Pokémon.
dp6-2,Dragonite,Legends Awakened,False,https://images.pokemontcg.io/dp6/2_hires.png,Diamond & Pearl,8/1/2008,Rare Holo,['Colorless'],['Stage 2'],140,61,It is said to make its home somewhere in the sea. It guides crews of shipwrecks to shore.
dp6-3,Froslass,Legends Awakened,False,https://images.pokemontcg.io/dp6/3_hires.png,Diamond & Pearl,8/1/2008,Rare Holo,['Water'],['Stage 1'],90,46,It freezes foes with an icy breath nearly -60 degrees F. What seems to be its body is actually hollow.
dp6-4,Giratina,Legends Awakened,False,https://images.pokemontcg.io/dp6/4_hires.png,Diamond & Pearl,8/1/2008,Rare Holo,['Psychic'],['Basic'],100,52,A Pokémon that is said to live in a world on the reverse side of ours. It appears in an ancient cemetery.
dp6-5,Gliscor,Legends Awakened,False,https://images.pokemontcg.io/dp6/5_hires.png,Diamond & Pearl,8/1/2008,Rare Holo,['Fighting'],['Stage 1'],80,42,"It observes prey while hanging inverted from branches. When the chance presents itself, it swoops!"
dp6-6,Heatran,Legends Awakened,False,https://images.pokemontcg.io/dp6/6_hires.png,Diamond & Pearl,8/1/2008,Rare Holo,['Fire'],['Basic'],100,47,It dwells in volcanic caves. It digs in with its cross-shaped feet to crawl on ceilings and walls.
dp6-7,Kingdra,Legends Awakened,False,https://images.pokemontcg.io/dp6/7_hires.png,Diamond & Pearl,8/1/2008,Rare Holo,['Water'],['Stage 2'],130,52,It lives in caves on the seafloor and creates giant whirlpools every time it moves.
dp6-8,Luxray,Legends Awakened,False,https://images.pokemontcg.io/dp6/8_hires.png,Diamond & Pearl,8/1/2008,Rare Holo,['Lightning'],['Stage 2'],120,51,It has eyes that can see through anything. It spots and captures prey hiding behind objects.
dp6-9,Mamoswine,Legends Awakened,False,https://images.pokemontcg.io/dp6/9_hires.png,Diamond & Pearl,8/1/2008,Rare Holo,['Water'],['Stage 2'],140,54,Its impressive tusks are made of ice. The population thinned when it turned warm after the ice age.
dp6-10,Metagross,Legends Awakened,False,https://images.pokemontcg.io/dp6/10_hires.png,Diamond & Pearl,8/1/2008,Rare Holo,['Metal'],['Stage 2'],120,58,"Metang combined to form it. With four brains, it has the intelligence of a supercomputer."
dp6-11,Mewtwo,Legends Awakened,False,https://images.pokemontcg.io/dp6/11_hires.png,Diamond & Pearl,8/1/2008,Rare Holo,['Psychic'],['Basic'],80,42,A Pokémon created by recombining Mew's genes. It's said to have the most savage heart among Pokémon.
dp6-12,Politoed,Legends Awakened,False,https://images.pokemontcg.io/dp6/12_hires.png,Diamond & Pearl,8/1/2008,Rare Holo,['Water'],['Stage 2'],120,49,It gathers groups of others as their leader. Its cries make Poliwag obey.
dp6-13,Probopass,Legends Awakened,False,https://images.pokemontcg.io/dp6/13_hires.png,Diamond & Pearl,8/1/2008,Rare Holo,['Fighting'],['Stage 1'],90,46,It exudes strong magnetism from all over. It controls three small units call Mini-Noses.
dp6-14,Rayquaza,Legends Awakened,False,https://images.pokemontcg.io/dp6/14_hires.png,Diamond & Pearl,8/1/2008,Rare Holo,['Colorless'],['Basic'],100,56,It lives in the ozone layer far above the clouds and cannot be seen from the ground.
dp6-15,Regigigas,Legends Awakened,False,https://images.pokemontcg.io/dp6/15_hires.png,Diamond & Pearl,8/1/2008,Rare Holo,['Colorless'],['Basic'],120,52,There is an enduring legend that states this Pokémon towed continents with ropes.
dp6-16,Spiritomb,Legends Awakened,False,https://images.pokemontcg.io/dp6/16_hires.png,Diamond & Pearl,8/1/2008,Rare Holo,['Psychic'],['Basic'],70,44,A Pokémon that was formed by 108 spirits. It is bound to a fissure in an odd keystone.
dp6-17,Yanmega,Legends Awakened,False,https://images.pokemontcg.io/dp6/17_hires.png,Diamond & Pearl,8/1/2008,Rare Holo,['Grass'],['Stage 1'],90,47,"By churning its wings, it creates shock waves that inflict critical internal injuries to foes."
dp6-18,Armaldo,Legends Awakened,False,https://images.pokemontcg.io/dp6/18_hires.png,Diamond & Pearl,8/1/2008,Rare,['Fighting'],['Stage 2'],140,52,It went ashore after evolving. Its entire body is clad in a sturdy armor.
dp6-19,Azelf,Legends Awakened,False,https://images.pokemontcg.io/dp6/19_hires.png,Diamond & Pearl,8/1/2008,Rare,['Psychic'],['Basic'],70,55,"Known as ""The Being of Willpower."" It sleeps at the bottom of a lake to keep the world in balance."
dp6-20,Bellossom,Legends Awakened,False,https://images.pokemontcg.io/dp6/20_hires.png,Diamond & Pearl,8/1/2008,Rare,['Grass'],['Stage 2'],100,38,"When the heavy rainfall season ends, it is drawn out by warm sunlight to dance in the open."
dp6-21,Cradily,Legends Awakened,False,https://images.pokemontcg.io/dp6/21_hires.png,Diamond & Pearl,8/1/2008,Rare,['Grass'],['Stage 2'],120,49,"It lives in the shallows of warm seas. When the tide goes out, it digs up prey from beaches."
dp6-22,Crawdaunt,Legends Awakened,False,https://images.pokemontcg.io/dp6/22_hires.png,Diamond & Pearl,8/1/2008,Rare,['Water'],['Stage 1'],90,32,It is a ruffian that uses its pincers to pick up and toss out other Pokémon from its pond.
dp6-23,Delcatty,Legends Awakened,False,https://images.pokemontcg.io/dp6/23_hires.png,Diamond & Pearl,8/1/2008,Rare,['Colorless'],['Stage 1'],80,46,It is highly popular among female Trainers for its sublime fur. It does not keep a nest.
dp6-24,Deoxys Attack Forme,Legends Awakened,False,https://images.pokemontcg.io/dp6/24_hires.png,Diamond & Pearl,8/1/2008,Rare,['Psychic'],['Basic'],80,50,An alien virus that fell to earth on a meteor underwent a DNA mutation to become this Pokémon.
dp6-25,Deoxys Defense Forme,Legends Awakened,False,https://images.pokemontcg.io/dp6/25_hires.png,Diamond & Pearl,8/1/2008,Rare,['Psychic'],['Basic'],100,50,An alien virus that fell to earth on a meteor underwent a DNA mutation to become this Pokémon.
dp6-26,Deoxys Speed Forme,Legends Awakened,False,https://images.pokemontcg.io/dp6/26_hires.png,Diamond & Pearl,8/1/2008,Rare,['Psychic'],['Basic'],70,50,An alien virus that fell to earth on a meteor underwent a DNA mutation to become this Pokémon.
dp6-27,Ditto,Legends Awakened,False,https://images.pokemontcg.io/dp6/27_hires.png,Diamond & Pearl,8/1/2008,Rare,['Colorless'],['Basic'],60,33,It has the ability to reconstitute its entire cellular structure to transform into whatever it sees.
dp6-28,Forretress,Legends Awakened,False,https://images.pokemontcg.io/dp6/28_hires.png,Diamond & Pearl,8/1/2008,Rare,['Metal'],['Stage 1'],90,43,It is encased in a steel shell. Its peering eyes are all that can be seen of its mysterious innards.
dp6-29,Groudon,Legends Awakened,False,https://images.pokemontcg.io/dp6/29_hires.png,Diamond & Pearl,8/1/2008,Rare,['Fighting'],['Basic'],100,45,It had been asleep in underground magma ever since it fiercely fought Kyogre long ago.
dp6-30,Heatran,Legends Awakened,False,https://images.pokemontcg.io/dp6/30_hires.png,Diamond & Pearl,8/1/2008,Rare,['Metal'],['Basic'],100,45,It dwells in volcanic caves. It digs in with its cross-shaped feet to crawl on ceilings and walls.
dp6-31,Jirachi,Legends Awakened,False,https://images.pokemontcg.io/dp6/31_hires.png,Diamond & Pearl,8/1/2008,Rare,['Metal'],['Basic'],70,42,It is said to have the ability to grant any wish for just one week every thousand years.
dp6-32,Kyogre,Legends Awakened,False,https://images.pokemontcg.io/dp6/32_hires.png,Diamond & Pearl,8/1/2008,Rare,['Water'],['Basic'],100,47,It is said to have widened the seas by causing downpours. It had been asleep in a marine trench.
dp6-33,Lopunny,Legends Awakened,False,https://images.pokemontcg.io/dp6/33_hires.png,Diamond & Pearl,8/1/2008,Rare,['Colorless'],['Stage 1'],80,37,An extremely cautious Pokémon. It cloaks its body with its fluffy ear fur when it senses danger.
dp6-34,Mesprit,Legends Awakened,False,https://images.pokemontcg.io/dp6/34_hires.png,Diamond & Pearl,8/1/2008,Rare,['Psychic'],['Basic'],70,55,"Known as ""The Being of Emotion."" It taught humans the nobility of sorrow, pain, and joy."
dp6-35,Poliwrath,Legends Awakened,False,https://images.pokemontcg.io/dp6/35_hires.png,Diamond & Pearl,8/1/2008,Rare,['Water'],['Stage 2'],130,46,"With extremely tough muscles, it can keep swimming in the Pacific Ocean without resting."
dp6-36,Regice,Legends Awakened,False,https://images.pokemontcg.io/dp6/36_hires.png,Diamond & Pearl,8/1/2008,Rare,['Water'],['Basic'],90,43,Its body is made of ice from the ice age. It controls frigid air of -328 degrees Fahrenheit.
dp6-37,Regigigas,Legends Awakened,False,https://images.pokemontcg.io/dp6/37_hires.png,Diamond & Pearl,8/1/2008,Rare,['Colorless'],['Basic'],100,48,There is an enduring legend that states this Pokémon towed continents with ropes.
dp6-38,Regirock,Legends Awakened,False,https://images.pokemontcg.io/dp6/38_hires.png,Diamond & Pearl,8/1/2008,Rare,['Fighting'],['Basic'],90,51,"Its entire body is made of rock. If any part chips off in battle, it attaches rocks to repair itself."
dp6-39,Registeel,Legends Awakened,False,https://images.pokemontcg.io/dp6/39_hires.png,Diamond & Pearl,8/1/2008,Rare,['Metal'],['Basic'],90,50,"Tempered by pressure underground over tens of thousands of years, its body cannot be scratched."
dp6-40,Shedinja,Legends Awakened,False,https://images.pokemontcg.io/dp6/40_hires.png,Diamond & Pearl,8/1/2008,Rare,['Grass'],['Stage 1'],60,34,A discarded bug shell that came to life. Peering into the crack on its back is said to steal one's spirit.
dp6-41,Torkoal,Legends Awakened,False,https://images.pokemontcg.io/dp6/41_hires.png,Diamond & Pearl,8/1/2008,Rare,['Fire'],['Basic'],80,32,It burns coal inside its shell for energy. It blows out black soot if it is endangered.
dp6-42,Unown !,Legends Awakened,False,https://images.pokemontcg.io/dp6/42_hires.png,Diamond & Pearl,8/1/2008,Rare,['Psychic'],['Basic'],50,16,"Shaped like an ancient writing, it is a huge mystery whether language or Unown came first."
dp6-43,Uxie,Legends Awakened,False,https://images.pokemontcg.io/dp6/43_hires.png,Diamond & Pearl,8/1/2008,Rare,['Psychic'],['Basic'],70,55,"Known as ""The Being of Knowledge."" It is said that it can wipe out the memory of those who see its eyes."
dp6-44,Victreebel,Legends Awakened,False,https://images.pokemontcg.io/dp6/44_hires.png,Diamond & Pearl,8/1/2008,Rare,['Grass'],['Stage 2'],120,40,"It pools in its mouth a fluid with a honeylike scent, which is really an acid that dissolves anything."
dp6-45,Vileplume,Legends Awakened,False,https://images.pokemontcg.io/dp6/45_hires.png,Diamond & Pearl,8/1/2008,Rare,['Grass'],['Stage 2'],120,41,"Its petals are the largest in the world. As it walks, it scatters extremely allergenic pollen."
dp6-46,Anorith,Legends Awakened,False,https://images.pokemontcg.io/dp6/46_hires.png,Diamond & Pearl,8/1/2008,Uncommon,['Fighting'],['Stage 1'],80,29,A Pokémon ancestor that was reanimated from a fossil. It lived in the sea and hunted with claws.
dp6-47,Camerupt,Legends Awakened,False,https://images.pokemontcg.io/dp6/47_hires.png,Diamond & Pearl,8/1/2008,Uncommon,['Fire'],['Stage 1'],100,41,"It has volcanoes on its back. If magma builds up in its body, it shudders, then erupts violently."
dp6-48,Castform,Legends Awakened,False,https://images.pokemontcg.io/dp6/48_hires.png,Diamond & Pearl,8/1/2008,Uncommon,['Colorless'],['Basic'],60,35,"Its appearance changes with the weather. Recently, its molecules were found to be just like water."
dp6-49,Castform Rain Form,Legends Awakened,False,https://images.pokemontcg.io/dp6/49_hires.png,Diamond & Pearl,8/1/2008,Uncommon,['Water'],['Basic'],70,35,"Its appearance changes with the weather. Recently, its molecules were found to be just like water."
dp6-50,Castform Snow-Cloud Form,Legends Awakened,False,https://images.pokemontcg.io/dp6/50_hires.png,Diamond & Pearl,8/1/2008,Uncommon,['Water'],['Basic'],70,35,"Its appearance changes with the weather. Recently, its molecules were found to be just like water."
dp6-51,Castform Sunny Form,Legends Awakened,False,https://images.pokemontcg.io/dp6/51_hires.png,Diamond & Pearl,8/1/2008,Uncommon,['Fire'],['Basic'],70,35,"Its appearance changes with the weather. Recently, its molecules were found to be just like water."
dp6-52,Dragonair,Legends Awakened,False,https://images.pokemontcg.io/dp6/52_hires.png,Diamond & Pearl,8/1/2008,Uncommon,['Colorless'],['Stage 1'],70,31,"If its body takes on an aura, the weather changes instantly. It is said to live in seas and lakes."
dp6-53,Drifblim,Legends Awakened,False,https://images.pokemontcg.io/dp6/53_hires.png,Diamond & Pearl,8/1/2008,Uncommon,['Psychic'],['Stage 1'],90,43,"It's drowzy in daytime, but flies off in the evening in big groups. No one knows where they go."
dp6-54,Exeggutor,Legends Awakened,False,https://images.pokemontcg.io/dp6/54_hires.png,Diamond & Pearl,8/1/2008,Uncommon,['Psychic'],['Stage 1'],80,43,"It is called ""The Walking Jungle."" If a head grows too big, it falls off and becomes an Exeggcute."
dp6-55,Gliscor,Legends Awakened,False,https://images.pokemontcg.io/dp6/55_hires.png,Diamond & Pearl,8/1/2008,Uncommon,['Fighting'],['Stage 1'],90,44,"It observes prey while hanging inverted from branches. When the chance presents itself, it swoops!"
dp6-56,Grumpig,Legends Awakened,False,https://images.pokemontcg.io/dp6/56_hires.png,Diamond & Pearl,8/1/2008,Uncommon,['Psychic'],['Stage 1'],90,36,It uses black pearls to amplify its psycho-power. It does an odd dance to gain control over foes.
dp6-57,Houndoom,Legends Awakened,False,https://images.pokemontcg.io/dp6/57_hires.png,Diamond & Pearl,8/1/2008,Uncommon,['Fire'],['Stage 1'],80,45,"Long ago, people imagined its eerie howls to be the call of the grim reaper."
dp6-58,Lanturn,Legends Awakened,False,https://images.pokemontcg.io/dp6/58_hires.png,Diamond & Pearl,8/1/2008,Uncommon,['Water'],['Stage 1'],90,39,"Lanturn's light can shine up from great depths. It is nicknamed ""The Deep-Sea Star."""
dp6-59,Lanturn,Legends Awakened,False,https://images.pokemontcg.io/dp6/59_hires.png,Diamond & Pearl,8/1/2008,Uncommon,['Lightning'],['Stage 1'],90,43,"Lanturn's light can shine up from great depths. It is nicknamed ""The Deep-Sea Star."""
dp6-60,Ledian,Legends Awakened,False,https://images.pokemontcg.io/dp6/60_hires.png,Diamond & Pearl,8/1/2008,Uncommon,['Grass'],['Stage 1'],80,39,"It uses starlight as energy. When more stars appear at night, the patterns on its back grow larger."
dp6-61,Lucario,Legends Awakened,False,https://images.pokemontcg.io/dp6/61_hires.png,Diamond & Pearl,8/1/2008,Uncommon,['Fighting'],['Stage 1'],90,35,It has the ability to sense the auras of all things. It understands human speech.
dp6-62,Luxio,Legends Awakened,False,https://images.pokemontcg.io/dp6/62_hires.png,Diamond & Pearl,8/1/2008,Uncommon,['Lightning'],['Stage 1'],80,23,Its claws loose electricity with enough amperage to cause fainting. They live in small groups.
dp6-63,Marowak,Legends Awakened,False,https://images.pokemontcg.io/dp6/63_hires.png,Diamond & Pearl,8/1/2008,Uncommon,['Fighting'],['Stage 1'],90,30,"From its birth, this savage Pokémon constantly holds bones. It is skilled in using them as weapons."
dp6-64,Metang,Legends Awakened,False,https://images.pokemontcg.io/dp6/64_hires.png,Diamond & Pearl,8/1/2008,Uncommon,['Metal'],['Stage 1'],80,24,It is formed by two Beldum joining together. Its steel body won't be scratched if it collides with a jet.
dp6-65,Metang,Legends Awakened,False,https://images.pokemontcg.io/dp6/65_hires.png,Diamond & Pearl,8/1/2008,Uncommon,['Metal'],['Stage 1'],80,22,It is formed by two Beldum joining together. Its steel body won't be scratched if it collides with a jet.
dp6-66,Mightyena,Legends Awakened,False,https://images.pokemontcg.io/dp6/66_hires.png,Diamond & Pearl,8/1/2008,Uncommon,['Darkness'],['Stage 1'],90,42,It chases down prey in a pack. It will never disobey the commands of a skilled Trainer.
dp6-67,Ninjask,Legends Awakened,False,https://images.pokemontcg.io/dp6/67_hires.png,Diamond & Pearl,8/1/2008,Uncommon,['Grass'],['Stage 1'],80,42,"Because it moves so quickly, it sometimes becomes unseeable. It congregates around tree sap."
dp6-68,Persian,Legends Awakened,False,https://images.pokemontcg.io/dp6/68_hires.png,Diamond & Pearl,8/1/2008,Uncommon,['Colorless'],['Stage 1'],80,32,"A very haughty Pokémon. Among fans, the size of the jewel in its forehead is a topic of much talk."
dp6-69,Piloswine,Legends Awakened,False,https://images.pokemontcg.io/dp6/69_hires.png,Diamond & Pearl,8/1/2008,Uncommon,['Water'],['Stage 1'],100,35,Its shaggy coat makes it unable to see. It checks surroundings with its sensitive nose instead.
dp6-70,Seadra,Legends Awakened,False,https://images.pokemontcg.io/dp6/70_hires.png,Diamond & Pearl,8/1/2008,Uncommon,['Water'],['Stage 1'],80,35,Its spines provide protection. Its fins and bones are prized as traditional medicine ingredients.
dp6-71,Starmie,Legends Awakened,False,https://images.pokemontcg.io/dp6/71_hires.png,Diamond & Pearl,8/1/2008,Uncommon,['Water'],['Stage 1'],80,39,"At the center of its body is a red core, which sends mysterious radio signals into the night sky."
dp6-72,Swalot,Legends Awakened,False,https://images.pokemontcg.io/dp6/72_hires.png,Diamond & Pearl,8/1/2008,Uncommon,['Psychic'],['Stage 1'],90,35,It swallows anything whole. It sweats toxic fluids from its follicles to douse foes.
dp6-73,Swellow,Legends Awakened,False,https://images.pokemontcg.io/dp6/73_hires.png,Diamond & Pearl,8/1/2008,Uncommon,['Colorless'],['Stage 1'],80,30,"It circles the sky in search of prey. When it spots one, it dive steeply to catch the prey."
dp6-74,Tauros,Legends Awakened,False,https://images.pokemontcg.io/dp6/74_hires.png,Diamond & Pearl,8/1/2008,Uncommon,['Colorless'],['Basic'],80,26,"Once it takes aim at its foe, it makes a headlong charge. It is famous for its violent nature."
dp6-75,Tentacruel,Legends Awakened,False,https://images.pokemontcg.io/dp6/75_hires.png,Diamond & Pearl,8/1/2008,Uncommon,['Water'],['Stage 1'],90,37,"With 80 tentacles for ensnaring victims, it prevents escape until the prey is weakened by poison."
dp6-76,Unown J,Legends Awakened,False,https://images.pokemontcg.io/dp6/76_hires.png,Diamond & Pearl,8/1/2008,Uncommon,['Psychic'],['Basic'],50,12,"Shaped like an ancient writing, it is a huge mystery whether language or Unown came first."
dp6-77,Unown R,Legends Awakened,False,https://images.pokemontcg.io/dp6/77_hires.png,Diamond & Pearl,8/1/2008,Uncommon,['Psychic'],['Basic'],60,16,"Shaped like an ancient writing, it is a huge mystery whether language or Unown came first."
dp6-78,Unown U,Legends Awakened,False,https://images.pokemontcg.io/dp6/78_hires.png,Diamond & Pearl,8/1/2008,Uncommon,['Psychic'],['Basic'],50,15,"Shaped like an ancient writing, it is a huge mystery whether language or Unown came first."
dp6-79,Unown V,Legends Awakened,False,https://images.pokemontcg.io/dp6/79_hires.png,Diamond & Pearl,8/1/2008,Uncommon,['Psychic'],['Basic'],60,17,"Shaped like an ancient writing, it is a huge mystery whether language or Unown came first."
dp6-80,Unown W,Legends Awakened,False,https://images.pokemontcg.io/dp6/80_hires.png,Diamond & Pearl,8/1/2008,Uncommon,['Psychic'],['Basic'],90,21,"Shaped like an ancient writing, it is a huge mystery whether language or Unown came first."
dp6-81,Unown Y,Legends Awakened,False,https://images.pokemontcg.io/dp6/81_hires.png,Diamond & Pearl,8/1/2008,Uncommon,['Psychic'],['Basic'],50,15,"Shaped like an ancient writing, it is a huge mystery whether language or Unown came first."
dp6-82,Unown ?,Legends Awakened,False,https://images.pokemontcg.io/dp6/82_hires.png,Diamond & Pearl,8/1/2008,Uncommon,['Psychic'],['Basic'],70,18,"Shaped like ancient writing, it is a huge mystery whether language or Unown came first."
dp6-83,Beldum,Legends Awakened,False,https://images.pokemontcg.io/dp6/83_hires.png,Diamond & Pearl,8/1/2008,Common,['Metal'],['Basic'],50,9,"It converses with others by using magnetic pulses. In a swarm, they move in perfect unison."
dp6-84,Beldum,Legends Awakened,False,https://images.pokemontcg.io/dp6/84_hires.png,Diamond & Pearl,8/1/2008,Common,['Metal'],['Basic'],50,7,"It converses with others by using magnetic pulses. In a swarm, they move in perfect unison."
dp6-85,Bellsprout,Legends Awakened,False,https://images.pokemontcg.io/dp6/85_hires.png,Diamond & Pearl,8/1/2008,Common,['Grass'],['Basic'],50,5,It prefers hot and humid environments. It is quick at capturing prey with its vines.
dp6-86,Buneary,Legends Awakened,False,https://images.pokemontcg.io/dp6/86_hires.png,Diamond & Pearl,8/1/2008,Common,['Colorless'],['Basic'],50,10,It slams foes by sharply uncoiling its rolled ears. It stings enough to make a grown-up cry in pain.
dp6-87,Chinchou,Legends Awakened,False,https://images.pokemontcg.io/dp6/87_hires.png,Diamond & Pearl,8/1/2008,Common,['Water'],['Basic'],60,15,It discharges positive and negative electricity from its antenna tips to shock its foes.
dp6-88,Chinchou,Legends Awakened,False,https://images.pokemontcg.io/dp6/88_hires.png,Diamond & Pearl,8/1/2008,Common,['Lightning'],['Basic'],50,13,It discharges positive and negative electricity from its antenna tips to shock its foes.
dp6-89,Corphish,Legends Awakened,False,https://images.pokemontcg.io/dp6/89_hires.png,Diamond & Pearl,8/1/2008,Common,['Water'],['Basic'],50,6,Its hardy vitality enables it to adapt to any environment. Its pincers will never release prey.
dp6-90,Cubone,Legends Awakened,False,https://images.pokemontcg.io/dp6/90_hires.png,Diamond & Pearl,8/1/2008,Common,['Fighting'],['Basic'],60,16,"When it thinks of its dead mother, it cries. Its crying makes the skull it wears rattle hollowly."
dp6-91,Dratini,Legends Awakened,False,https://images.pokemontcg.io/dp6/91_hires.png,Diamond & Pearl,8/1/2008,Common,['Colorless'],['Basic'],40,8,"It is called the ""Mirage Pokémon"" because so few have seen it. Its shed skin has been found."
dp6-92,Drifloon,Legends Awakened,False,https://images.pokemontcg.io/dp6/92_hires.png,Diamond & Pearl,8/1/2008,Common,['Psychic'],['Basic'],50,14,"A Pokémon formed by the spirits of people and Pokémon. It loves damp, humid seasons."
dp6-93,Exeggcute,Legends Awakened,False,https://images.pokemontcg.io/dp6/93_hires.png,Diamond & Pearl,8/1/2008,Common,['Psychic'],['Basic'],50,11,Its six eggs converse using telepathy. They can quickly gather if they become separated.
dp6-94,Gligar,Legends Awakened,False,https://images.pokemontcg.io/dp6/94_hires.png,Diamond & Pearl,8/1/2008,Common,['Fighting'],['Basic'],60,19,It sails on the winds with its limbs extended to strike from the sky. It aims for the prey's face.
dp6-95,Gligar,Legends Awakened,False,https://images.pokemontcg.io/dp6/95_hires.png,Diamond & Pearl,8/1/2008,Common,['Fighting'],['Basic'],50,14,It sails on the winds with its limbs extended to strike from the sky. It aims for the prey's face.
dp6-96,Gloom,Legends Awakened,False,https://images.pokemontcg.io/dp6/96_hires.png,Diamond & Pearl,8/1/2008,Common,['Grass'],['Stage 1'],70,22,"The honey it drools from its mouth smells so atrocious, it can curl noses more than a mile away."
dp6-97,Gloom,Legends Awakened,False,https://images.pokemontcg.io/dp6/97_hires.png,Diamond & Pearl,8/1/2008,Common,['Psychic'],['Stage 1'],80,24,"The honey it drools from its mouth smells so atrocious, it can curl noses more than a mile away."
dp6-98,Gulpin,Legends Awakened,False,https://images.pokemontcg.io/dp6/98_hires.png,Diamond & Pearl,8/1/2008,Common,['Psychic'],['Basic'],60,17,Almost all its body is its stomach. Its harsh digestive juices quickly dissolve anything it swallows.
dp6-99,Hitmonchan,Legends Awakened,False,https://images.pokemontcg.io/dp6/99_hires.png,Diamond & Pearl,8/1/2008,Common,['Fighting'],['Basic'],70,27,The arm-twisting punches it throws pulverize even concrete. It rests after three minutes of fighting.
dp6-100,Hitmonlee,Legends Awakened,False,https://images.pokemontcg.io/dp6/100_hires.png,Diamond & Pearl,8/1/2008,Common,['Fighting'],['Basic'],80,24,Its legs can stretch double. First-time foes are startled by its extensible reach.
dp6-101,Hitmontop,Legends Awakened,False,https://images.pokemontcg.io/dp6/101_hires.png,Diamond & Pearl,8/1/2008,Common,['Fighting'],['Basic'],80,25,It fights while spinning like a top. The centrifugal force boosts its destructive power by ten.
dp6-102,Horsea,Legends Awakened,False,https://images.pokemontcg.io/dp6/102_hires.png,Diamond & Pearl,8/1/2008,Common,['Water'],['Basic'],50,8,"It makes its nest in the shade of corals. If it senses danger, it spits murky ink and flees."
dp6-103,Houndour,Legends Awakened,False,https://images.pokemontcg.io/dp6/103_hires.png,Diamond & Pearl,8/1/2008,Common,['Darkness'],['Basic'],50,12,It conveys its feelings using different cries. It works in a pack to cleverly take down prey.
dp6-104,Ledyba,Legends Awakened,False,https://images.pokemontcg.io/dp6/104_hires.png,Diamond & Pearl,8/1/2008,Common,['Grass'],['Basic'],50,12,"It is so timid, it can't move if it isn't with a swarm of others. It conveys its feelings with scent."
dp6-105,Lileep,Legends Awakened,False,https://images.pokemontcg.io/dp6/105_hires.png,Diamond & Pearl,8/1/2008,Common,['Grass'],['Stage 1'],80,27,It lived on the seafloor 100 million years ago and was reanimated scientifically.
dp6-106,Meowth,Legends Awakened,False,https://images.pokemontcg.io/dp6/106_hires.png,Diamond & Pearl,8/1/2008,Common,['Colorless'],['Basic'],50,13,"It is nocturnal in nature. If it spots something shiny, its eyes glitter brightly."
dp6-107,Misdreavus,Legends Awakened,False,https://images.pokemontcg.io/dp6/107_hires.png,Diamond & Pearl,8/1/2008,Common,['Psychic'],['Basic'],60,18,"It loves to sneak up on people late at night, then startle them with its shrieklike cry."
dp6-108,Nincada,Legends Awakened,False,https://images.pokemontcg.io/dp6/108_hires.png,Diamond & Pearl,8/1/2008,Common,['Grass'],['Basic'],40,10,"It grows underground, sensing its surroundings using antennae instead of its virtually blind eyes."
dp6-109,Nosepass,Legends Awakened,False,https://images.pokemontcg.io/dp6/109_hires.png,Diamond & Pearl,8/1/2008,Common,['Fighting'],['Basic'],70,15,"Its nose is a magnet. As a result, this Pokémon always keeps its face pointing north."
dp6-110,Numel,Legends Awakened,False,https://images.pokemontcg.io/dp6/110_hires.png,Diamond & Pearl,8/1/2008,Common,['Fire'],['Basic'],60,16,"Its humped back stores intensely hot magma. In rain, the magma cools, slowing its movement."
dp6-111,Oddish,Legends Awakened,False,https://images.pokemontcg.io/dp6/111_hires.png,Diamond & Pearl,8/1/2008,Common,['Grass'],['Basic'],40,6,It often plants its root feet in the ground during the day and sows seeds as it walks about at night.
dp6-112,Oddish,Legends Awakened,False,https://images.pokemontcg.io/dp6/112_hires.png,Diamond & Pearl,8/1/2008,Common,['Psychic'],['Basic'],50,7,It often plants its root feet in the ground during the day and sows seeds as it walks about at night.
dp6-113,Pineco,Legends Awakened,False,https://images.pokemontcg.io/dp6/113_hires.png,Diamond & Pearl,8/1/2008,Common,['Grass'],['Basic'],50,11,It looks just like a pinecone. Its shell protects it from bird Pokémon that peck it by mistake.
dp6-114,Poliwag,Legends Awakened,False,https://images.pokemontcg.io/dp6/114_hires.png,Diamond & Pearl,8/1/2008,Common,['Water'],['Basic'],40,5,"Its skin is so thin, its internal organs are visible. It has trouble walking on its newly grown feet."
dp6-115,Poliwhirl,Legends Awakened,False,https://images.pokemontcg.io/dp6/115_hires.png,Diamond & Pearl,8/1/2008,Common,['Water'],['Stage 1'],80,28,The spiral pattern on its belly subtly undulates. Staring at it gradually causes drowsiness.
dp6-116,Poochyena,Legends Awakened,False,https://images.pokemontcg.io/dp6/116_hires.png,Diamond & Pearl,8/1/2008,Common,['Darkness'],['Basic'],50,17,"A Pokémon with a persistent nature, it chases its chosen prey until the prey becomes exhausted."
dp6-117,Riolu,Legends Awakened,False,https://images.pokemontcg.io/dp6/117_hires.png,Diamond & Pearl,8/1/2008,Common,['Fighting'],['Basic'],60,11,The aura that emanates from its body intensifies to alert others if it is afraid or sad.
dp6-118,Shinx,Legends Awakened,False,https://images.pokemontcg.io/dp6/118_hires.png,Diamond & Pearl,8/1/2008,Common,['Lightning'],['Basic'],50,6,All of its fur dazzles if danger is sensed. It flees while the foe is momentarily blinded.
dp6-119,Skitty,Legends Awakened,False,https://images.pokemontcg.io/dp6/119_hires.png,Diamond & Pearl,8/1/2008,Common,['Colorless'],['Basic'],50,14,"It can't stop itself from chasing moving things, and it runs in a circle, chasing its own tail."
dp6-120,Sneasel,Legends Awakened,False,https://images.pokemontcg.io/dp6/120_hires.png,Diamond & Pearl,8/1/2008,Common,['Darkness'],['Basic'],60,23,It feeds on eggs stolen from nests. Its sharply hooked claws rip vulnerable spots on prey.
dp6-121,Spoink,Legends Awakened,False,https://images.pokemontcg.io/dp6/121_hires.png,Diamond & Pearl,8/1/2008,Common,['Psychic'],['Basic'],50,10,"It bounces constantly, using its tail like a spring. The shock of bouncing keeps its heart beating."
dp6-122,Staryu,Legends Awakened,False,https://images.pokemontcg.io/dp6/122_hires.png,Diamond & Pearl,8/1/2008,Common,['Water'],['Basic'],50,14,Its body is virtually composed of water. It shoots strange beams from its crystal-like eyes.
dp6-123,Swinub,Legends Awakened,False,https://images.pokemontcg.io/dp6/123_hires.png,Diamond & Pearl,8/1/2008,Common,['Water'],['Basic'],60,13,It loves eating mushrooms that grow under dead grass. It also finds hot springs while foraging.
dp6-124,Taillow,Legends Awakened,False,https://images.pokemontcg.io/dp6/124_hires.png,Diamond & Pearl,8/1/2008,Common,['Colorless'],['Basic'],50,12,It has a gutsy spirit that makes it bravely take on tough foes. It flies in search of warm climates.
dp6-125,Tentacool,Legends Awakened,False,https://images.pokemontcg.io/dp6/125_hires.png,Diamond & Pearl,8/1/2008,Common,['Water'],['Basic'],50,16,Its body is virtually composed of water. It shoots strange beams from its crystal-like eyes.
dp6-126,Tyrogue,Legends Awakened,False,https://images.pokemontcg.io/dp6/126_hires.png,Diamond & Pearl,8/1/2008,Common,['Fighting'],['Basic'],60,10,It is famous for its eagerness to fight and always nurses injuries from challenging larger foes.
dp6-127,Weepinbell,Legends Awakened,False,https://images.pokemontcg.io/dp6/127_hires.png,Diamond & Pearl,8/1/2008,Common,['Grass'],['Stage 1'],80,23,A Pokémon that appears to be a plant. It captures unwary prey by dousing them with a toxic powder.
dp6-128,Yanma,Legends Awakened,False,https://images.pokemontcg.io/dp6/128_hires.png,Diamond & Pearl,8/1/2008,Common,['Grass'],['Basic'],70,13,Its eyes can see 360 degrees without moving its head. It won't miss prey—even those behind it.
pop8-1,Heatran,POP Series 8,False,https://images.pokemontcg.io/pop8/1_hires.png,POP,9/1/2008,Rare,['Fire'],['Basic'],100,41,It dwells in volcanic caves. It digs in with its cross-shaped feet to crawl on ceilings and walls.
pop8-2,Lucario,POP Series 8,False,https://images.pokemontcg.io/pop8/2_hires.png,POP,9/1/2008,Rare,['Fighting'],['Stage 1'],90,49,"By catching the aura emanating from others, it can read their thoughts and movements."
pop8-3,Luxray,POP Series 8,False,https://images.pokemontcg.io/pop8/3_hires.png,POP,9/1/2008,Rare,['Lightning'],['Stage 2'],120,45,"When its eyes gleam gold, it can spot hiding prey–even those taking shelter behind a wall."
pop8-4,Probopass,POP Series 8,False,https://images.pokemontcg.io/pop8/4_hires.png,POP,9/1/2008,Rare,['Metal'],['Stage 1'],90,44,It exudes strong magnetism from all cover. It controls three small units called Mini-Noses.
pop8-5,Yanmega,POP Series 8,False,https://images.pokemontcg.io/pop8/5_hires.png,POP,9/1/2008,Rare,['Grass'],['Stage 1'],90,42,"By churning its wings, it creates shock waves that inflict critical internal injuries to foes."
pop8-6,Cherrim,POP Series 8,False,https://images.pokemontcg.io/pop8/6_hires.png,POP,9/1/2008,Uncommon,['Grass'],['Stage 1'],80,26,It blooms during times of strong sunlight. It tries to make up for everything it endured as a bud.
pop8-7,Carnivine,POP Series 8,False,https://images.pokemontcg.io/pop8/7_hires.png,POP,9/1/2008,Uncommon,['Grass'],['Basic'],70,32,"It attracts prey with its sweet-smelling saliva, then chomps down. It takes a whole day to eat prey."
pop8-8,Luxio,POP Series 8,False,https://images.pokemontcg.io/pop8/8_hires.png,POP,9/1/2008,Uncommon,['Lightning'],['Stage 1'],80,19,Its claws loose electricity with enough amperage to cause fainting. They live in small groups.
pop8-12,Chimchar,POP Series 8,False,https://images.pokemontcg.io/pop8/12_hires.png,POP,9/1/2008,Common,['Fire'],['Basic'],50,8,It agilely scales sheer cliffs to live atop craggy mountains. Its fire is put out when it sleeps.
pop8-13,Croagunk,POP Series 8,False,https://images.pokemontcg.io/pop8/13_hires.png,POP,9/1/2008,Common,['Psychic'],['Basic'],60,17,Its cheeks hold poison sacs. It tries to catch foes off guard to jab them with toxic fingers.
pop8-14,Happiny,POP Series 8,False,https://images.pokemontcg.io/pop8/14_hires.png,POP,9/1/2008,Common,['Colorless'],['Basic'],60,8,It loves round white things. It carries an egg-shaped rock in imitation of CHANSEY.
pop8-15,Piplup,POP Series 8,False,https://images.pokemontcg.io/pop8/15_hires.png,POP,9/1/2008,Common,['Water'],['Basic'],60,9,"Because it is very proud, it hates accepting food from people. Its thick down guards it from cold."
pop8-16,Riolu,POP Series 8,False,https://images.pokemontcg.io/pop8/16_hires.png,POP,9/1/2008,Common,['Fighting'],['Basic'],50,6,Its body is lithe yet powerful. It can crest three mountains and cross two canyons in one night.
pop8-17,Turtwig,POP Series 8,False,https://images.pokemontcg.io/pop8/17_hires.png,POP,9/1/2008,Common,['Grass'],['Basic'],60,10,"Made from soil, the shell on its back hardens when it drinks water. It lives along lakes."
dp7-6,Magnezone,Stormfront,False,https://images.pokemontcg.io/dp7/6_hires.png,Diamond & Pearl,11/1/2008,Rare Holo,['Lightning'],['Stage 2'],120,46,It evolved from exposure to a special magnetic field. Three units generate magnetism.
dp7-17,Dusknoir,Stormfront,False,https://images.pokemontcg.io/dp7/17_hires.png,Diamond & Pearl,11/1/2008,Rare,['Psychic'],['Stage 2'],120,47,The antenna on its head captures radio waves from the world of spirits that command it to take people there.
dp7-28,Steelix,Stormfront,False,https://images.pokemontcg.io/dp7/28_hires.png,Diamond & Pearl,11/1/2008,Rare,['Metal'],['Stage 1'],130,63,"Tempered underground under high pressure and heat, its body is harder than any metal."
dp7-34,Dusclops,Stormfront,False,https://images.pokemontcg.io/dp7/34_hires.png,Diamond & Pearl,11/1/2008,Uncommon,['Psychic'],['Stage 1'],80,41,Its body is hollow. It is said that those who look into its body are sucked into the void.
dp7-35,Dusclops,Stormfront,False,https://images.pokemontcg.io/dp7/35_hires.png,Diamond & Pearl,11/1/2008,Uncommon,['Psychic'],['Stage 1'],80,40,Its body is hollow. It is said that those who look into its body are sucked into the void.
dp7-37,Electrode,Stormfront,False,https://images.pokemontcg.io/dp7/37_hires.png,Diamond & Pearl,11/1/2008,Uncommon,['Lightning'],['Stage 1'],80,45,It is known to drift on winds if it is bloated to bursting with stored electricity.
dp7-38,Farfetch'd,Stormfront,False,https://images.pokemontcg.io/dp7/38_hires.png,Diamond & Pearl,11/1/2008,Uncommon,['Colorless'],['Basic'],70,29,It can't live without the stalk it holds. That's why it defends the stalk from attackers with its life.
dp7-39,Grovyle,Stormfront,False,https://images.pokemontcg.io/dp7/39_hires.png,Diamond & Pearl,11/1/2008,Uncommon,['Grass'],['Stage 1'],80,23,"It lives in dense jungles. While closing in on its prey, it leaps from branch to branch."
dp7-40,Haunter,Stormfront,False,https://images.pokemontcg.io/dp7/40_hires.png,Diamond & Pearl,11/1/2008,Uncommon,['Psychic'],['Stage 1'],80,35,It can slip through any obstacle. It lurks inside walls to keep an eye on its foes.
dp7-41,Machoke,Stormfront,False,https://images.pokemontcg.io/dp7/41_hires.png,Diamond & Pearl,11/1/2008,Uncommon,['Fighting'],['Stage 1'],80,41,"Machoke's boundless power is very dangerous, so it wears a belt that suppresses its energy."
dp7-42,Magneton,Stormfront,False,https://images.pokemontcg.io/dp7/42_hires.png,Diamond & Pearl,11/1/2008,Uncommon,['Metal'],['Stage 1'],80,40,It is actually three Magnemite linked by magnetism. A group can set off a magnetic storm.
dp7-43,Magneton,Stormfront,False,https://images.pokemontcg.io/dp7/43_hires.png,Diamond & Pearl,11/1/2008,Uncommon,['Lightning'],['Stage 1'],80,38,It is actually three Magnemite linked by magnetism. A group can set off a magnetic storm.
dp7-45,Pichu,Stormfront,False,https://images.pokemontcg.io/dp7/45_hires.png,Diamond & Pearl,11/1/2008,Uncommon,['Lightning'],['Basic'],50,8,The electric pouches on its cheeks are still small. They cannot store much electricity yet.
dp7-46,Piloswine,Stormfront,False,https://images.pokemontcg.io/dp7/46_hires.png,Diamond & Pearl,11/1/2008,Uncommon,['Fighting'],['Stage 1'],90,34,Its shaggy coat makes it unable to see. It checks surroundings with its sensitive nose instead.
dp7-47,Pupitar,Stormfront,False,https://images.pokemontcg.io/dp7/47_hires.png,Diamond & Pearl,11/1/2008,Uncommon,['Fighting'],['Stage 1'],80,33,"Its body is hard as bedrock. By venting pressurized gas, it can launch itself like a rocket."
dp7-49,Scyther,Stormfront,False,https://images.pokemontcg.io/dp7/49_hires.png,Diamond & Pearl,11/1/2008,Uncommon,['Grass'],['Basic'],60,11,It is nearly impossible to parry its attacking scythes. Its movements are like a ninja's.
dp7-50,Shelgon,Stormfront,False,https://images.pokemontcg.io/dp7/50_hires.png,Diamond & Pearl,11/1/2008,Uncommon,['Colorless'],['Stage 1'],90,35,"Within its rugged shell, its cells have begun changing. The shell peels off the instant it evolves."
dp7-51,Skarmory,Stormfront,False,https://images.pokemontcg.io/dp7/51_hires.png,Diamond & Pearl,11/1/2008,Uncommon,['Metal'],['Basic'],80,34,"Despite being clad entirely in iron-hard armor, it flies at speeds over 180 mph."
dp7-52,Staravia,Stormfront,False,https://images.pokemontcg.io/dp7/52_hires.png,Diamond & Pearl,11/1/2008,Uncommon,['Colorless'],['Stage 1'],70,18,It flies around forests and fields in search of bug Pokémon. It stays within a huge flock.
dp7-53,Bagon,Stormfront,False,https://images.pokemontcg.io/dp7/53_hires.png,Diamond & Pearl,11/1/2008,Common,['Colorless'],['Basic'],50,13,"Dreaming of one day flying, it practices by leaping off cliffs every day."
dp7-54,Bidoof,Stormfront,False,https://images.pokemontcg.io/dp7/54_hires.png,Diamond & Pearl,11/1/2008,Common,['Colorless'],['Basic'],60,13,"With nerves of steel, nothing can perturb it. It is more agile and active than it appears."
dp7-55,Bronzor,Stormfront,False,https://images.pokemontcg.io/dp7/55_hires.png,Diamond & Pearl,11/1/2008,Common,['Psychic'],['Basic'],60,14,Implements shaped like it were discovered in ancient tombs. It is unknown if they are related.
dp7-56,Cherubi,Stormfront,False,https://images.pokemontcg.io/dp7/56_hires.png,Diamond & Pearl,11/1/2008,Common,['Grass'],['Basic'],50,9,"The small ball holds the nutrients needed for evolution. Apparently, it is very sweet and tasty."
dp7-58,Drifloon,Stormfront,False,https://images.pokemontcg.io/dp7/58_hires.png,Diamond & Pearl,11/1/2008,Common,['Psychic'],['Basic'],50,15,"A Pokémon formed by the spirits of people and Pokémon. It loves damp, humid seasons."
dp7-59,Duskull,Stormfront,False,https://images.pokemontcg.io/dp7/59_hires.png,Diamond & Pearl,11/1/2008,Common,['Psychic'],['Basic'],50,12,"It doggedly pursues its prey wherever it goes. However, the chase is abandoned at sunrise."
dp7-60,Duskull,Stormfront,False,https://images.pokemontcg.io/dp7/60_hires.png,Diamond & Pearl,11/1/2008,Common,['Psychic'],['Basic'],50,10,"It doggedly pursues its prey wherever it goes. However, the chase is abandoned at sunrise."
dp7-61,Finneon,Stormfront,False,https://images.pokemontcg.io/dp7/61_hires.png,Diamond & Pearl,11/1/2008,Common,['Water'],['Basic'],50,16,"After long exposure to sunlight, the patterns on its tail fins shine vividly when darkness arrives."
dp7-62,Gastly,Stormfront,False,https://images.pokemontcg.io/dp7/62_hires.png,Diamond & Pearl,11/1/2008,Common,['Psychic'],['Basic'],50,14,"This Pokémon's body is 95% made up of gases, which are blown away by strong gusts of wind."
dp7-63,Larvitar,Stormfront,False,https://images.pokemontcg.io/dp7/63_hires.png,Diamond & Pearl,11/1/2008,Common,['Fighting'],['Basic'],50,19,"A Pokémon that eats soil. Once it has eaten a large mountain, it goes to sleep so it can grow."
dp7-64,Machop,Stormfront,False,https://images.pokemontcg.io/dp7/64_hires.png,Diamond & Pearl,11/1/2008,Common,['Fighting'],['Basic'],60,18,It hefts a Graveler repeatedly to strengthen its entire body. It uses every type of martial arts.
dp7-65,Magikarp,Stormfront,False,https://images.pokemontcg.io/dp7/65_hires.png,Diamond & Pearl,11/1/2008,Common,['Water'],['Basic'],30,10,It is said to be the world's weakest Pokémon. No one knows why it has managed to survive.
dp7-67,Magnemite,Stormfront,False,https://images.pokemontcg.io/dp7/67_hires.png,Diamond & Pearl,11/1/2008,Common,['Lightning'],['Basic'],50,13,The units at its sides generate electromagnetic waves that keep it airborne. It feeds on electricity.
dp7-68,Misdreavus,Stormfront,False,https://images.pokemontcg.io/dp7/68_hires.png,Diamond & Pearl,11/1/2008,Common,['Psychic'],['Basic'],60,19,"It loves to sneak up on people late at night, then startle them with its shrieklike cry."
dp7-69,Onix,Stormfront,False,https://images.pokemontcg.io/dp7/69_hires.png,Diamond & Pearl,11/1/2008,Common,['Fighting'],['Basic'],90,25,"When it travels underground, it causes rumbling and tremors. It can move at 50 mph."
dp7-70,Pikachu,Stormfront,False,https://images.pokemontcg.io/dp7/70_hires.png,Diamond & Pearl,11/1/2008,Common,['Lightning'],['Basic'],70,20,It lives in forests with others. It stores electricity in the pouches on its cheeks.
dp7-71,Ponyta,Stormfront,False,https://images.pokemontcg.io/dp7/71_hires.png,Diamond & Pearl,11/1/2008,Common,['Fire'],['Basic'],50,11,"About an hour after birth, its fiery mane and tail grow out, giving it an impressive appearance."
dp7-72,Roselia,Stormfront,False,https://images.pokemontcg.io/dp7/72_hires.png,Diamond & Pearl,11/1/2008,Common,['Psychic'],['Basic'],70,27,Roselia raised on clean drinking water are known to grow vividly colored flowers.
dp7-73,Skorupi,Stormfront,False,https://images.pokemontcg.io/dp7/73_hires.png,Diamond & Pearl,11/1/2008,Common,['Grass'],['Basic'],60,11,It grips prey with its tail claws and injects poison. It tenaciously hangs on until the poison takes.
dp7-74,Snover,Stormfront,False,https://images.pokemontcg.io/dp7/74_hires.png,Diamond & Pearl,11/1/2008,Common,['Water'],['Basic'],50,17,"It lives on snowy mountains. Having had little contact with humans, it is boldly inquisitive."
dp7-75,Starly,Stormfront,False,https://images.pokemontcg.io/dp7/75_hires.png,Diamond & Pearl,11/1/2008,Common,['Colorless'],['Basic'],50,7,"They flock in great numbers. Though small, they flap their wings with great power."
dp7-76,Stunky,Stormfront,False,https://images.pokemontcg.io/dp7/76_hires.png,Diamond & Pearl,11/1/2008,Common,['Darkness'],['Basic'],60,18,It protects itself by spraying a noxious fluid from its rear. The stench lingers for 24 hours.
dp7-77,Swinub,Stormfront,False,https://images.pokemontcg.io/dp7/77_hires.png,Diamond & Pearl,11/1/2008,Common,['Fighting'],['Basic'],50,12,It loves eating mushrooms that grow under dead grass. It also finds hot springs while foraging.
dp7-78,Tangela,Stormfront,False,https://images.pokemontcg.io/dp7/78_hires.png,Diamond & Pearl,11/1/2008,Common,['Grass'],['Basic'],70,10,It is shrouded by blue vines. No one has seen the face hidden behind this growth of vines.
dp7-79,Treecko,Stormfront,False,https://images.pokemontcg.io/dp7/79_hires.png,Diamond & Pearl,11/1/2008,Common,['Grass'],['Basic'],50,11,"The soles of its feet are covered by countless tiny spikes, enabling it to walk on walls and ceilings."
dp7-80,Voltorb,Stormfront,False,https://images.pokemontcg.io/dp7/80_hires.png,Diamond & Pearl,11/1/2008,Common,['Lightning'],['Basic'],60,28,It looks just like a Poké Ball. It is dangerous because it may electrocute or explode on touch.
dp7-81,Voltorb,Stormfront,False,https://images.pokemontcg.io/dp7/81_hires.png,Diamond & Pearl,11/1/2008,Common,['Lightning'],['Basic'],60,31,It looks just like a Poké Ball. It is dangerous because it may electrocute or explode on touch.
dp7-101,Charmander,Stormfront,False,https://images.pokemontcg.io/dp7/101_hires.png,Diamond & Pearl,11/1/2008,Rare Secret,['Fire'],['Basic'],50,10,"From the time it is born, a flame burns at the tip of its tail. Its life would end if the flame were to go out."
dp7-102,Charmeleon,Stormfront,False,https://images.pokemontcg.io/dp7/102_hires.png,Diamond & Pearl,11/1/2008,Rare Secret,['Fire'],['Stage 1'],80,32,It lashes about with its tail to knock down its foe. It then tears up the fallen opponent with sharp claws.
dp7-103,Charizard,Stormfront,False,https://images.pokemontcg.io/dp7/103_hires.png,Diamond & Pearl,11/1/2008,Rare Secret,['Fire'],['Stage 2'],120,76,"Its wings can carry this Pokémon close to an altitude of 4,600 feet. It blows out fire at very high temperatures."
pl1-5,Dialga,Platinum,False,https://images.pokemontcg.io/pl1/5_hires.png,Platinum,2/11/2009,Rare Holo,['Metal'],['Basic'],100,72,It has the power to control time. It appears in Sinnoh-region myths as an ancient deity.
pl1-6,Dialga,Platinum,False,https://images.pokemontcg.io/pl1/6_hires.png,Platinum,2/11/2009,Rare Holo,['Metal'],['Basic'],100,70,It has the power to control time. It appears in Sinnoh-region myths as an ancient deity.
pl1-14,Shaymin,Platinum,False,https://images.pokemontcg.io/pl1/14_hires.png,Platinum,2/11/2009,Rare Holo,['Grass'],['Basic'],70,42,It lives in flower patches and avoids detection by curling up to look like a flowering plant.
pl1-15,Shaymin,Platinum,False,https://images.pokemontcg.io/pl1/15_hires.png,Platinum,2/11/2009,Rare Holo,['Grass'],['Basic'],80,56,The flowers all over its body burst into bloom if it is lovingly hugged and senses gratitude.
pl1-16,Slaking,Platinum,False,https://images.pokemontcg.io/pl1/16_hires.png,Platinum,2/11/2009,Rare Holo,['Colorless'],['Stage 2'],150,62,"The world's laziest Pokémon. When it is lounging, it is actually saving energy for striking back."
pl1-21,Beautifly,Platinum,False,https://images.pokemontcg.io/pl1/21_hires.png,Platinum,2/11/2009,Rare,['Grass'],['Stage 2'],120,37,"Despite its looks, it is aggressive. It jabs with its long, thin mouth if disturbed while collecting pollen."
pl1-23,Dialga,Platinum,False,https://images.pokemontcg.io/pl1/23_hires.png,Platinum,2/11/2009,Rare,['Metal'],['Basic'],100,73,A legendary Pokémon of Sinnoh. It is said that time flows when Dialga's heart beats.
pl1-26,Empoleon,Platinum,False,https://images.pokemontcg.io/pl1/26_hires.png,Platinum,2/11/2009,Rare,['Water'],['Stage 2'],130,47,"If anyone were to hurt its pride, it would slash them with wings that can cleave through an ice floe."
pl1-27,Giratina,Platinum,False,https://images.pokemontcg.io/pl1/27_hires.png,Platinum,2/11/2009,Rare,['Psychic'],['Basic'],100,59,A Pokémon that is said to live in a world on the reverse side of ours. It appears in an ancient cemetery.
pl1-28,Giratina,Platinum,False,https://images.pokemontcg.io/pl1/28_hires.png,Platinum,2/11/2009,Rare,['Psychic'],['Basic'],110,70,It was banished for its violence. It silently gazed upon the old world from the Distortion World.
pl1-29,Golduck,Platinum,False,https://images.pokemontcg.io/pl1/29_hires.png,Platinum,2/11/2009,Rare,['Water'],['Stage 1'],90,47,It is seen swimming dynamically and elegantly using its well-developed limbs and flippers.
pl1-31,Infernape,Platinum,False,https://images.pokemontcg.io/pl1/31_hires.png,Platinum,2/11/2009,Rare,['Fire'],['Stage 2'],110,44,It uses unique fighting moves with fires on its hands and feet. It will take on any opponent.
pl1-32,Kricketune,Platinum,False,https://images.pokemontcg.io/pl1/32_hires.png,Platinum,2/11/2009,Rare,['Grass'],['Stage 1'],90,46,There is a village that hosts a contest based on the amazingly variable cries of this Pokémon.
pl1-33,Lickilicky,Platinum,False,https://images.pokemontcg.io/pl1/33_hires.png,Platinum,2/11/2009,Rare,['Colorless'],['Stage 1'],120,52,The long tongue is always soggy with slobber. The saliva contains a solvent that causes numbness.
pl1-35,Luvdisc,Platinum,False,https://images.pokemontcg.io/pl1/35_hires.png,Platinum,2/11/2009,Rare,['Water'],['Basic'],70,33,It lives in warm seas. It is said that a couple finding this Pokémon will be blessed with eternal love.
pl1-36,Ninetales,Platinum,False,https://images.pokemontcg.io/pl1/36_hires.png,Platinum,2/11/2009,Rare,['Fire'],['Stage 1'],90,43,Its nine tails are said to be imbued with a mystic power. It can live for a thousand years.
pl1-37,Palkia,Platinum,False,https://images.pokemontcg.io/pl1/37_hires.png,Platinum,2/11/2009,Rare,['Water'],['Basic'],100,72,A legendary Pokémon of Sinnoh. It is said that space becomes more stable with PALKIA's every breath.
pl1-38,Shaymin,Platinum,False,https://images.pokemontcg.io/pl1/38_hires.png,Platinum,2/11/2009,Rare,['Grass'],['Basic'],80,44,It lives in flower patches and avoids detection by curling up to look like a flowering plant.
pl1-39,Torterra,Platinum,False,https://images.pokemontcg.io/pl1/39_hires.png,Platinum,2/11/2009,Rare,['Grass'],['Stage 2'],140,48,Some Pokémon are born on a TORTERRA's back and spend their entire life there.
pl1-42,Cacturne,Platinum,False,https://images.pokemontcg.io/pl1/42_hires.png,Platinum,2/11/2009,Uncommon,['Grass'],['Stage 1'],90,44,"It becomes active at night, seeking prey that is exhausted from the day's desert heat."
pl1-44,Cascoon,Platinum,False,https://images.pokemontcg.io/pl1/44_hires.png,Platinum,2/11/2009,Uncommon,['Grass'],['Stage 1'],80,10,"It never forgets any attack it endured while in the cocoon. After evolution, it seeks payback."
pl1-45,Combusken,Platinum,False,https://images.pokemontcg.io/pl1/45_hires.png,Platinum,2/11/2009,Uncommon,['Fire'],['Stage 1'],80,27,Its kicking mastery lets it loose 10 kicks per second. It emits sharp cries to intimidate foes.
pl1-46,Cranidos,Platinum,False,https://images.pokemontcg.io/pl1/46_hires.png,Platinum,2/11/2009,Uncommon,['Fighting'],['Stage 1'],80,27,"A lifelong jungle dweller from 100 million years ago, it would snap obstructing trees with head butts."
pl1-48,Flaaffy,Platinum,False,https://images.pokemontcg.io/pl1/48_hires.png,Platinum,2/11/2009,Uncommon,['Lightning'],['Stage 1'],80,22,"If its coat becomes fully charged with electricity, its tail lights up. It fires hair that zaps on impact."
pl1-49,Grotle,Platinum,False,https://images.pokemontcg.io/pl1/49_hires.png,Platinum,2/11/2009,Uncommon,['Grass'],['Stage 1'],90,26,It knows where pure water wells up. It carries fellow Pokémon there on its back.
pl1-51,Kirlia,Platinum,False,https://images.pokemontcg.io/pl1/51_hires.png,Platinum,2/11/2009,Uncommon,['Psychic'],['Stage 1'],80,24,"If its Trainer becomes happy, it overflows with energy, dancing joyously while spinning about."
pl1-52,Lombre,Platinum,False,https://images.pokemontcg.io/pl1/52_hires.png,Platinum,2/11/2009,Uncommon,['Grass'],['Stage 1'],80,30,"It has a mischievous spirit. If it spots an angler, it will tug on the fishing line to interfere."
pl1-53,Lucario,Platinum,False,https://images.pokemontcg.io/pl1/53_hires.png,Platinum,2/11/2009,Uncommon,['Metal'],['Stage 1'],90,42,A well-trained one can sense auras to identify and take in the feelings of creatures over half a mile away.
pl1-55,Mismagius,Platinum,False,https://images.pokemontcg.io/pl1/55_hires.png,Platinum,2/11/2009,Uncommon,['Psychic'],['Stage 1'],90,40,Its cry sounds like an incantation. It is said the cry may rarely be imbued with happiness-giving power.
pl1-56,Monferno,Platinum,False,https://images.pokemontcg.io/pl1/56_hires.png,Platinum,2/11/2009,Uncommon,['Fire'],['Stage 1'],80,27,It skillfully control the intensity of the fire on its tail to keep its foes at an ideal distance.
pl1-58,Octillery,Platinum,False,https://images.pokemontcg.io/pl1/58_hires.png,Platinum,2/11/2009,Uncommon,['Water'],['Stage 1'],90,40,It loves to lurk inside holes in rocks. It sometimes sprays ink on prey by sticking out only its mouth.
pl1-59,Prinplup,Platinum,False,https://images.pokemontcg.io/pl1/59_hires.png,Platinum,2/11/2009,Uncommon,['Water'],['Stage 1'],80,25,"Because every PRINPLUP considers itself to be the most important, they can never form a group."
pl1-60,Probopass,Platinum,False,https://images.pokemontcg.io/pl1/60_hires.png,Platinum,2/11/2009,Uncommon,['Fighting'],['Stage 1'],90,49,It freely controls three small units called Mini-Noses using magnetic force.
pl1-62,Shieldon,Platinum,False,https://images.pokemontcg.io/pl1/62_hires.png,Platinum,2/11/2009,Uncommon,['Metal'],['Stage 1'],80,21,"It is outstandingly armored. As a result, it can eat grass and berries without having to fight."
pl1-63,Silcoon,Platinum,False,https://images.pokemontcg.io/pl1/63_hires.png,Platinum,2/11/2009,Uncommon,['Grass'],['Stage 1'],80,10,It wraps silk around the branches of a tree. It drinks rainwater on its silk while awaiting evolution.
pl1-64,Vigoroth,Platinum,False,https://images.pokemontcg.io/pl1/64_hires.png,Platinum,2/11/2009,Uncommon,['Colorless'],['Stage 1'],80,28,"Its heart beats at a tenfold tempo, so it cannot sit still even for a moment."
pl1-65,Wartortle,Platinum,False,https://images.pokemontcg.io/pl1/65_hires.png,Platinum,2/11/2009,Uncommon,['Water'],['Stage 1'],80,25,"It is said to live 10,000 years. Its furry tail is popular as a symbol of longevity."
pl1-67,Cacnea,Platinum,False,https://images.pokemontcg.io/pl1/67_hires.png,Platinum,2/11/2009,Common,['Grass'],['Basic'],50,16,"By storing water in its body, this desert dweller can survive 30 days without water."
pl1-68,Carnivine,Platinum,False,https://images.pokemontcg.io/pl1/68_hires.png,Platinum,2/11/2009,Common,['Grass'],['Basic'],80,39,It binds itself to trees in marshes. It attracts prey with its sweet-smelling drool and gulps them down.
pl1-69,Chansey,Platinum,False,https://images.pokemontcg.io/pl1/69_hires.png,Platinum,2/11/2009,Common,['Colorless'],['Basic'],90,26,A kindly Pokémon that lays highly nutritious eggs and shares them with injured Pokémon or people.
pl1-70,Chimchar,Platinum,False,https://images.pokemontcg.io/pl1/70_hires.png,Platinum,2/11/2009,Common,['Fire'],['Basic'],50,10,"It is very agile. Before going to sleep, it extinguishes the flame on its tail to prevent fires."
pl1-71,Combee,Platinum,False,https://images.pokemontcg.io/pl1/71_hires.png,Platinum,2/11/2009,Common,['Grass'],['Basic'],60,19,The trio is together from birth. It constantly gathers honey from flowers to please VESPIQUEN.
pl1-72,Diglett,Platinum,False,https://images.pokemontcg.io/pl1/72_hires.png,Platinum,2/11/2009,Common,['Fighting'],['Basic'],50,13,"A Pokémon that lives underground. Because of its dark habitat, it is repelled by bright sunlight."
pl1-73,Dunsparce,Platinum,False,https://images.pokemontcg.io/pl1/73_hires.png,Platinum,2/11/2009,Common,['Colorless'],['Basic'],60,17,It digs into the ground with its tail and makes a mazelike nest. It can fly just a little.
pl1-74,Electrike,Platinum,False,https://images.pokemontcg.io/pl1/74_hires.png,Platinum,2/11/2009,Common,['Lightning'],['Basic'],50,10,"Using electricity stored in its fur, it stimulates its muscles to heighten its reaction speed."
pl1-75,Grimer,Platinum,False,https://images.pokemontcg.io/pl1/75_hires.png,Platinum,2/11/2009,Common,['Psychic'],['Basic'],60,23,It was born when sludge in a dirty stream was exposed to the moon's X-rays. It appears among filth.
pl1-76,Happiny,Platinum,False,https://images.pokemontcg.io/pl1/76_hires.png,Platinum,2/11/2009,Common,['Colorless'],['Basic'],60,5,It likes to carry around a small rock. It may wander around others' feet and cause them to stumble.
pl1-78,Kricketot,Platinum,False,https://images.pokemontcg.io/pl1/78_hires.png,Platinum,2/11/2009,Common,['Grass'],['Basic'],60,6,"Its legs are short. Whenever it stumbles, its stiff antennae clack with a xylophone-like sound."
pl1-79,Lapras,Platinum,False,https://images.pokemontcg.io/pl1/79_hires.png,Platinum,2/11/2009,Common,['Water'],['Basic'],80,41,It loves crossing the sea with people and Pokémon on its back. It understands human speech.
pl1-80,Lickitung,Platinum,False,https://images.pokemontcg.io/pl1/80_hires.png,Platinum,2/11/2009,Common,['Colorless'],['Basic'],90,30,"When it extends its over-six-foot-long tongue, its tail quivers. There is a possibility they are connected."
pl1-81,Lotad,Platinum,False,https://images.pokemontcg.io/pl1/81_hires.png,Platinum,2/11/2009,Common,['Grass'],['Basic'],50,11,It looks like an aquatic plant and serves as a ferry to Pokémon that can't swim.
pl1-82,Mareep,Platinum,False,https://images.pokemontcg.io/pl1/82_hires.png,Platinum,2/11/2009,Common,['Lightning'],['Basic'],60,13,Its fluffy coat swells to double when static electricity builds up. Touching it can be shocking.
pl1-83,Misdreavus,Platinum,False,https://images.pokemontcg.io/pl1/83_hires.png,Platinum,2/11/2009,Common,['Psychic'],['Basic'],50,12,A Pokémon that startles people in the middle of the night. It gathers fear as its energy.
pl1-84,Nosepass,Platinum,False,https://images.pokemontcg.io/pl1/84_hires.png,Platinum,2/11/2009,Common,['Fighting'],['Basic'],60,10,"When endangered, it may protect itself by raising its magnetism and drawing iron objects to its body."
pl1-85,Piplup,Platinum,False,https://images.pokemontcg.io/pl1/85_hires.png,Platinum,2/11/2009,Common,['Water'],['Basic'],60,12,"A poor walker, it often falls down. However, its strong pride makes it puff up its chest without a care."
pl1-86,Poochyena,Platinum,False,https://images.pokemontcg.io/pl1/86_hires.png,Platinum,2/11/2009,Common,['Darkness'],['Basic'],50,12,"A Pokémon with persistent nature, it chases its prey until the prey becomes exhausted."
pl1-87,Psyduck,Platinum,False,https://images.pokemontcg.io/pl1/87_hires.png,Platinum,2/11/2009,Common,['Water'],['Basic'],60,19,"Overwhelmed by enigmatic abilities, it suffers a constant headache. It sometimes uses mysterious powers."
pl1-89,Ralts,Platinum,False,https://images.pokemontcg.io/pl1/89_hires.png,Platinum,2/11/2009,Common,['Psychic'],['Basic'],60,16,"If its horns capture the warm feelings of people or Pokémon, its body warms up slightly."
pl1-90,Remoraid,Platinum,False,https://images.pokemontcg.io/pl1/90_hires.png,Platinum,2/11/2009,Common,['Water'],['Basic'],60,18,It forcefully squirts water. The water jet never misses prey even if the REMORAID is deep in the sea.
pl1-91,Riolu,Platinum,False,https://images.pokemontcg.io/pl1/91_hires.png,Platinum,2/11/2009,Common,['Fighting'],['Basic'],60,15,It has the peculiar power of being able to see emotions such as joy and rage in the form of waves.
pl1-92,Shuppet,Platinum,False,https://images.pokemontcg.io/pl1/92_hires.png,Platinum,2/11/2009,Common,['Psychic'],['Basic'],50,17,It loves vengeful emotions and hangs in rows under the eaves of houses where vengeful people live.
pl1-93,Skitty,Platinum,False,https://images.pokemontcg.io/pl1/93_hires.png,Platinum,2/11/2009,Common,['Colorless'],['Basic'],60,20,"It can't stop itself from chasing moving things, and it runs in a circle, chasing its own tail."
pl1-95,Slakoth,Platinum,False,https://images.pokemontcg.io/pl1/95_hires.png,Platinum,2/11/2009,Common,['Colorless'],['Basic'],50,11,It spends nearly all its time in a day sprawled out. Just seeing it makes one drowsy.
pl1-96,Squirtle,Platinum,False,https://images.pokemontcg.io/pl1/96_hires.png,Platinum,2/11/2009,Common,['Water'],['Basic'],60,16,"It shelters itself in its shell, then strikes back with spouts of water at every opportunity."
pl1-97,Swablu,Platinum,False,https://images.pokemontcg.io/pl1/97_hires.png,Platinum,2/11/2009,Common,['Colorless'],['Basic'],40,11,It can't relax if it or its surroundings are not clean. It wipes off dirt with its wings.
pl1-98,Tauros,Platinum,False,https://images.pokemontcg.io/pl1/98_hires.png,Platinum,2/11/2009,Common,['Colorless'],['Basic'],70,23,"Once it takes aim at its foe, it makes a headlong charge. It is famous for its violent nature."
pl1-99,Torchic,Platinum,False,https://images.pokemontcg.io/pl1/99_hires.png,Platinum,2/11/2009,Common,['Fire'],['Basic'],60,12,"A fire burns inside, so it feels very warm to hug. It launches fireballs of 1,800 degrees F."
pl1-100,Torkoal,Platinum,False,https://images.pokemontcg.io/pl1/100_hires.png,Platinum,2/11/2009,Common,['Fire'],['Basic'],80,28,It burns coal inside its shell for energy. It blows out black soot if it is endangered.
pl1-101,Turtwig,Platinum,False,https://images.pokemontcg.io/pl1/101_hires.png,Platinum,2/11/2009,Common,['Grass'],['Basic'],60,14,"The shell on its back is made of soil. On a very healthy TURTWIG, the shell should feel moist."
pl1-102,Vulpix,Platinum,False,https://images.pokemontcg.io/pl1/102_hires.png,Platinum,2/11/2009,Common,['Fire'],['Basic'],50,12,"It controls balls of fire. As it grows, its six tails split from their tips to make more tails."
pl1-103,Wurmple,Platinum,False,https://images.pokemontcg.io/pl1/103_hires.png,Platinum,2/11/2009,Common,['Grass'],['Basic'],50,5,"Often targeted by bird Pokémon, it desperately resists by releasing poison from its tail spikes."
pl1-128,Electabuzz,Platinum,False,https://images.pokemontcg.io/pl1/128_hires.png,Platinum,2/11/2009,Rare Secret,['Lightning'],['Basic'],70,35,It loves to feed on strong electricity. It occasionally appears around large power plants and so on.
pl1-129,Hitmonchan,Platinum,False,https://images.pokemontcg.io/pl1/129_hires.png,Platinum,2/11/2009,Rare Secret,['Fighting'],['Basic'],70,33,The spirit of a pro boxer has infused this POKéMON. It throws punches that are faster than a bullet train.
pl1-130,Scyther,Platinum,False,https://images.pokemontcg.io/pl1/130_hires.png,Platinum,2/11/2009,Rare Secret,['Grass'],['Basic'],70,25,It tears and shreds prey with its wickedly sharp scythes. It very rarely spreads its wings to fly.
pop9-1,Garchomp,POP Series 9,False,https://images.pokemontcg.io/pop9/1_hires.png,POP,3/1/2009,Rare,['Colorless'],['Stage 2'],130,64,It flies at speeds equal to a jet fighter plane. It never allows its prey to escape.
pop9-2,Manaphy,POP Series 9,False,https://images.pokemontcg.io/pop9/2_hires.png,POP,3/1/2009,Rare,['Water'],['Basic'],70,25,It is born with a wondrous power that lets it bond with any kind of Pokémon.
pop9-3,Raichu,POP Series 9,False,https://images.pokemontcg.io/pop9/3_hires.png,POP,3/1/2009,Rare,['Lightning'],['Stage 1'],90,39,"It can loose 100,000-volt bursts of electricity, instantly downing foes several times its size."
pop9-4,Regigigas,POP Series 9,False,https://images.pokemontcg.io/pop9/4_hires.png,POP,3/1/2009,Rare,['Colorless'],['Basic'],100,42,There is an enduring legend that states this Pokémon towed continents with ropes.
pop9-5,Rotom,POP Series 9,False,https://images.pokemontcg.io/pop9/5_hires.png,POP,3/1/2009,Rare,['Lightning'],['Basic'],70,46,Its electric-like body can enter some kinds of machines and take control in order to make mischief.
pop9-6,Buizel,POP Series 9,False,https://images.pokemontcg.io/pop9/6_hires.png,POP,3/1/2009,Uncommon,['Water'],['Basic'],60,17,"It swims by rotating its two tails like a screw. When it dives, its flotation sac collapses."
pop9-7,Croagunk,POP Series 9,False,https://images.pokemontcg.io/pop9/7_hires.png,POP,3/1/2009,Uncommon,['Psychic'],['Basic'],60,19,"Inflating its poison sacs, it makes an eerie blubbering sound for intimidation."
pop9-8,Gabite,POP Series 9,False,https://images.pokemontcg.io/pop9/8_hires.png,POP,3/1/2009,Uncommon,['Colorless'],['Stage 1'],80,33,It habitually digs up and hoards gems in its nest. Its loot is constantly targeted by thieves.
pop9-9,Lopunny,POP Series 9,False,https://images.pokemontcg.io/pop9/9_hires.png,POP,3/1/2009,Uncommon,['Colorless'],['Stage 1'],80,36,It is very conscious of its looks and never fails to groom its ears. It runs with sprightly jumps.
pop9-10,Pachirisu,POP Series 9,False,https://images.pokemontcg.io/pop9/10_hires.png,POP,3/1/2009,Uncommon,['Lightning'],['Basic'],70,20,It makes electricity with pouches in its cheeks and shoots charges from its tail. It live atop trees.
pop9-11,Pichu,POP Series 9,False,https://images.pokemontcg.io/pop9/11_hires.png,POP,3/1/2009,Uncommon,['Lightning'],['Basic'],40,5,It plays with others by touching tails and setting off sparks. This appears to be a test of courage.
pop9-12,Buneary,POP Series 9,False,https://images.pokemontcg.io/pop9/12_hires.png,POP,3/1/2009,Common,['Colorless'],['Basic'],50,8,"When it senses danger, it perks up its ears. On cold nights, it sleeps with its head tucked into its fur."
pop9-13,Chimchar,POP Series 9,False,https://images.pokemontcg.io/pop9/13_hires.png,POP,3/1/2009,Common,['Fire'],['Basic'],40,5,Its fiery rear end is fueled by gas made in its belly. Even rain can't extinguish the fire.
pop9-14,Gible,POP Series 9,False,https://images.pokemontcg.io/pop9/14_hires.png,POP,3/1/2009,Common,['Colorless'],['Basic'],50,9,"Its nests is small, horizontal holes in cave walls. It pounces to catch prey that stray too close."
pop9-15,Pikachu,POP Series 9,False,https://images.pokemontcg.io/pop9/15_hires.png,POP,3/1/2009,Common,['Lightning'],['Basic'],60,18,"If it looses crackling power from the electric pouches on its cheeks, it is being wary."
pop9-16,Piplup,POP Series 9,False,https://images.pokemontcg.io/pop9/16_hires.png,POP,3/1/2009,Common,['Water'],['Basic'],50,6,"It lives along shores in northern countries. A skilled swimmer, it dives for over 10 minutes to hunt."
pop9-17,Turtwig,POP Series 9,False,https://images.pokemontcg.io/pop9/17_hires.png,POP,3/1/2009,Common,['Grass'],['Basic'],60,7,"It undertakes photosynthesis with its body, making oxygen. The leaf on its head wilts if it is thirsty."
pl2-15,Beedrill,Rising Rivals,False,https://images.pokemontcg.io/pl2/15_hires.png,Platinum,5/16/2009,Rare,['Grass'],['Stage 2'],110,47,"Its best attack involves flying around at high speed, striking with poison needles, then flying off."
pl2-33,Snorlax,Rising Rivals,False,https://images.pokemontcg.io/pl2/33_hires.png,Platinum,5/16/2009,Rare,['Colorless'],['Basic'],100,37,It stops eating only to sleep. It doesn't feel full unless it eats nearly 900 pounds a day.
pl2-36,Walrein,Rising Rivals,False,https://images.pokemontcg.io/pl2/36_hires.png,Platinum,5/16/2009,Rare,['Water'],['Stage 2'],140,59,"It shatters ice with its big tusks. Its thick blubber repels not only the cold, but also enemy attacks."
pl2-44,Lairon,Rising Rivals,False,https://images.pokemontcg.io/pl2/44_hires.png,Platinum,5/16/2009,Uncommon,['Metal'],['Stage 1'],80,37,"For food, it digs up iron ore. It smashes its steely body against others to fight over territory."
pl2-53,Vibrava,Rising Rivals,False,https://images.pokemontcg.io/pl2/53_hires.png,Platinum,5/16/2009,Uncommon,['Colorless'],['Stage 1'],70,36,"It violently shudders its wings, generating ultrasonic waves to induce headaches in people."
pl2-57,Aron,Rising Rivals,False,https://images.pokemontcg.io/pl2/57_hires.png,Platinum,5/16/2009,Common,['Metal'],['Basic'],50,21,"It usually lives deep in mountains. However, hunger may drive it to eat railroad tracks and cars."
pl2-58,Carvanha,Rising Rivals,False,https://images.pokemontcg.io/pl2/58_hires.png,Platinum,5/16/2009,Common,['Darkness'],['Basic'],40,13,They swarm any foes that invades their territory. Their sharp fangs can tear out boat hulls.
pl2-59,Eevee,Rising Rivals,False,https://images.pokemontcg.io/pl2/59_hires.png,Platinum,5/16/2009,Common,['Colorless'],['Basic'],50,10,"Because its genetic makeup is irregular, it quickly changes its form due to a variety of causes."
pl2-63,Growlithe,Rising Rivals,False,https://images.pokemontcg.io/pl2/63_hires.png,Platinum,5/16/2009,Common,['Fire'],['Basic'],70,26,A Pokémon with a loyal nature. It will remain motionless until it is given an order by its Trainer.
pl2-64,Hippopotas,Rising Rivals,False,https://images.pokemontcg.io/pl2/64_hires.png,Platinum,5/16/2009,Common,['Fighting'],['Basic'],70,31,It shuts its nostrils tight then travels through sand as if walking. They form colonies of around ten.
pl2-66,Kakuna,Rising Rivals,False,https://images.pokemontcg.io/pl2/66_hires.png,Platinum,5/16/2009,Common,['Grass'],['Stage 1'],80,8,"While awaiting evolution, it hides from predators under leaves and in nooks of branches."
pl2-67,Kecleon,Rising Rivals,False,https://images.pokemontcg.io/pl2/67_hires.png,Platinum,5/16/2009,Common,['Colorless'],['Basic'],70,34,"It can freely change its body's color. The zigzag pattern on its belly doesn't change, however."
pl2-68,Koffing,Rising Rivals,False,https://images.pokemontcg.io/pl2/68_hires.png,Platinum,5/16/2009,Common,['Psychic'],['Basic'],60,22,"Lighter-than-air gases in its body keep it aloft. The gases not only smell, they are also explosive."
pl2-69,Munchlax,Rising Rivals,False,https://images.pokemontcg.io/pl2/69_hires.png,Platinum,5/16/2009,Common,['Colorless'],['Basic'],70,13,"In its desperation to gulp down food, it forgets about the food it has hidden under its fur."
pl2-70,Munchlax,Rising Rivals,False,https://images.pokemontcg.io/pl2/70_hires.png,Platinum,5/16/2009,Common,['Colorless'],['Basic'],70,15,"It hides food under its long body hair. However, it forgets it has hidden the food."
pl2-71,Nidoran ♀,Rising Rivals,False,https://images.pokemontcg.io/pl2/71_hires.png,Platinum,5/16/2009,Common,['Psychic'],['Basic'],60,14,"While it does not prefer to fight, even one drop of the poison it secretes from barbs can be fatal."
pl2-72,Nidoran ♂,Rising Rivals,False,https://images.pokemontcg.io/pl2/72_hires.png,Platinum,5/16/2009,Common,['Psychic'],['Basic'],50,9,It scans its surroundings by raising its ears out of the grass. Its toxic horn is for protection.
pl2-73,Nidorina,Rising Rivals,False,https://images.pokemontcg.io/pl2/73_hires.png,Platinum,5/16/2009,Common,['Psychic'],['Stage 1'],80,29,"When it senses danger, it raises all the barbs on its body. These barbs grow slower than NIDORINO's."
pl2-74,Nidorino,Rising Rivals,False,https://images.pokemontcg.io/pl2/74_hires.png,Platinum,5/16/2009,Common,['Psychic'],['Stage 1'],80,30,"It has a violent disposition and stabs foes with its horn, which oozes poison upon impact."
pl2-75,Nuzleaf,Rising Rivals,False,https://images.pokemontcg.io/pl2/75_hires.png,Platinum,5/16/2009,Common,['Darkness'],['Stage 1'],80,25,The sound of its grass flute makes its listeners uneasy. It lives deep in forests.
pl2-77,Sealeo,Rising Rivals,False,https://images.pokemontcg.io/pl2/77_hires.png,Platinum,5/16/2009,Common,['Water'],['Stage 1'],80,31,"It habitually spins things on its nose. By doing so, it learns textures and odors."
pl2-78,Seedot,Rising Rivals,False,https://images.pokemontcg.io/pl2/78_hires.png,Platinum,5/16/2009,Common,['Grass'],['Basic'],40,8,"When it dangles from a tree branch, it looks just like an acorn. It enjoys scaring other Pokémon."
pl2-79,Shellos East Sea,Rising Rivals,False,https://images.pokemontcg.io/pl2/79_hires.png,Platinum,5/16/2009,Common,['Water'],['Basic'],60,21,"Beware of pushing strongly on its squishy body, as it makes a mysterious purple fluid ooze out."
pl2-80,Shellos West Sea,Rising Rivals,False,https://images.pokemontcg.io/pl2/80_hires.png,Platinum,5/16/2009,Common,['Water'],['Basic'],70,27,"Beware of pushing strongly on its squishy body, as it makes a mysterious purple fluid ooze out."
pl2-82,Spheal,Rising Rivals,False,https://images.pokemontcg.io/pl2/82_hires.png,Platinum,5/16/2009,Common,['Water'],['Basic'],60,18,It rolls across ice floes to reach shore because its body is poorly shaped for swimming.
pl2-83,Staryu,Rising Rivals,False,https://images.pokemontcg.io/pl2/83_hires.png,Platinum,5/16/2009,Common,['Water'],['Basic'],50,18,"If its body is torn, it can grow back if the red core remains. The core flashes at midnight."
pl2-84,Trapinch,Rising Rivals,False,https://images.pokemontcg.io/pl2/84_hires.png,Platinum,5/16/2009,Common,['Fighting'],['Basic'],50,14,It makes a conical pit in desert sand and lies in wait at the bottom for prey to come tumbling down.
pl2-86,Weedle,Rising Rivals,False,https://images.pokemontcg.io/pl2/86_hires.png,Platinum,5/16/2009,Common,['Grass'],['Basic'],60,6,It eats its weight in leaves every day. It fends off attackers with the needle on its head.
pl2-112,Pikachu,Rising Rivals,False,https://images.pokemontcg.io/pl2/112_hires.png,Platinum,5/16/2009,Rare Secret,['Lightning'],['Basic'],40,12,"It has small electric sacs on both its cheeks. If threatened, it looses electric charges from the sacs."
pl2-113,Flying Pikachu,Rising Rivals,False,https://images.pokemontcg.io/pl2/113_hires.png,Platinum,5/16/2009,Rare Secret,['Lightning'],['Basic'],40,12,"By learning how to fly, Pikachu overcame its weakness to Fighting Pokémon."
pl2-114,Surfing Pikachu,Rising Rivals,False,https://images.pokemontcg.io/pl2/114_hires.png,Platinum,5/16/2009,Rare Secret,['Lightning'],['Basic'],50,13,"One summer, a group of Pikachu was found riding the waves at the local beach."
pl3-7,Metagross,Supreme Victors,False,https://images.pokemontcg.io/pl3/7_hires.png,Platinum,8/19/2009,Rare Holo,['Metal'],['Stage 2'],130,68,"Metang combined to form it. With four brains, it has the intelligence of a supercomputer."
pl3-10,Rhyperior,Supreme Victors,False,https://images.pokemontcg.io/pl3/10_hires.png,Platinum,8/19/2009,Rare Holo,['Fighting'],['Stage 2'],140,66,It can launch a rock held in its hand like a missile by tightening then expanding muscles instantly.
pl3-16,Articuno,Supreme Victors,False,https://images.pokemontcg.io/pl3/16_hires.png,Platinum,8/19/2009,Rare,['Water'],['Basic'],100,41,A legendary bird Pokémon. It can create blizzards by freezing moisture in the air.
pl3-18,Camerupt,Supreme Victors,False,https://images.pokemontcg.io/pl3/18_hires.png,Platinum,8/19/2009,Rare,['Fire'],['Stage 1'],120,49,"It has volcanoes on its back. If magma builds up in its body, it shudders, then erupts violently."
pl3-21,Chimecho,Supreme Victors,False,https://images.pokemontcg.io/pl3/21_hires.png,Platinum,8/19/2009,Rare,['Psychic'],['Basic'],70,30,Its cries echo inside its hollow body to emerge as beautiful notes for startling and repelling foes.
pl3-22,Claydol,Supreme Victors,False,https://images.pokemontcg.io/pl3/22_hires.png,Platinum,8/19/2009,Rare,['Psychic'],['Stage 1'],90,51,An ancient clay figurine that came to life as a Pokémon from exposure to a mysterious ray of light.
pl3-25,Dodrio,Supreme Victors,False,https://images.pokemontcg.io/pl3/25_hires.png,Platinum,8/19/2009,Rare,['Colorless'],['Stage 1'],80,32,"When Doduo evolves into this odd breed, one of its heads splits into two. It runs at nearly 40 mph."
pl3-29,Honchkrow,Supreme Victors,False,https://images.pokemontcg.io/pl3/29_hires.png,Platinum,8/19/2009,Rare,['Darkness'],['Stage 1'],90,46,"If one utters a deep cry, many Murkrow gather quickly. For this, it is called ""Summoner of Night."""
pl3-32,Lunatone,Supreme Victors,False,https://images.pokemontcg.io/pl3/32_hires.png,Platinum,8/19/2009,Rare,['Psychic'],['Basic'],70,38,"Because it turns active on nights of the full moon, it is said to have some link to the lunar phases."
pl3-34,Medicham,Supreme Victors,False,https://images.pokemontcg.io/pl3/34_hires.png,Platinum,8/19/2009,Rare,['Psychic'],['Stage 1'],90,48,It gains the ability to see the aura of its opponents by honing its mind through starvation.
pl3-36,Moltres,Supreme Victors,False,https://images.pokemontcg.io/pl3/36_hires.png,Platinum,8/19/2009,Rare,['Fire'],['Basic'],100,42,One of the legendary bird Pokémon. It is said that its appearance indicates the coming of spring.
pl3-37,Mr. Mime,Supreme Victors,False,https://images.pokemontcg.io/pl3/37_hires.png,Platinum,8/19/2009,Rare,['Psychic'],['Basic'],70,40,It shapes an invisible wall in midair by minutely vibrating its fingertips to stop molecules in the air.
pl3-38,Parasect,Supreme Victors,False,https://images.pokemontcg.io/pl3/38_hires.png,Platinum,8/19/2009,Rare,['Grass'],['Stage 1'],80,33,A mushroom grown larger than the host's body controls Parasect. It scatters poisonous spores.
pl3-39,Primeape,Supreme Victors,False,https://images.pokemontcg.io/pl3/39_hires.png,Platinum,8/19/2009,Rare,['Fighting'],['Stage 1'],90,45,"It grows angry if you see its eyes and gets angrier if you run. If you beat it, it gets even madder."
pl3-42,Sandslash,Supreme Victors,False,https://images.pokemontcg.io/pl3/42_hires.png,Platinum,8/19/2009,Rare,['Fighting'],['Stage 1'],90,32,"It curls up, then rolls into foes with its back. Its sharp spines inflict severe damage."
pl3-43,Seaking,Supreme Victors,False,https://images.pokemontcg.io/pl3/43_hires.png,Platinum,8/19/2009,Rare,['Water'],['Stage 1'],90,43,"In autumn, its body becomes more fatty in preparing to propose to a mate. It takes on beautiful colors."
pl3-44,Shedinja,Supreme Victors,False,https://images.pokemontcg.io/pl3/44_hires.png,Platinum,8/19/2009,Rare,['Grass'],['Stage 1'],60,40,A discarded bug shell that came to life. Peering into the crack on its back is said to steal one's spirit.
pl3-45,Solrock,Supreme Victors,False,https://images.pokemontcg.io/pl3/45_hires.png,Platinum,8/19/2009,Rare,['Psychic'],['Basic'],80,41,"A new Pokémon species, rumored to be from the sun. It gives off light while spinning."
pl3-46,Spinda,Supreme Victors,False,https://images.pokemontcg.io/pl3/46_hires.png,Platinum,8/19/2009,Rare,['Colorless'],['Basic'],70,27,No two Spinda have the same pattern of spots. Its tottering step fouls the aim of foes.
pl3-47,Wailord,Supreme Victors,False,https://images.pokemontcg.io/pl3/47_hires.png,Platinum,8/19/2009,Rare,['Water'],['Stage 1'],180,41,"The biggest of all Pokémon. It can dive to a depth of almost 10,000 feet on only one breath."
pl3-48,Zapdos,Supreme Victors,False,https://images.pokemontcg.io/pl3/48_hires.png,Platinum,8/19/2009,Rare,['Lightning'],['Basic'],100,40,A legendary Pokémon that is said to live in thunderclouds. It freely controls lightning bolts.
pl3-50,Arcanine,Supreme Victors,False,https://images.pokemontcg.io/pl3/50_hires.png,Platinum,8/19/2009,Uncommon,['Fire'],['Stage 1'],80,32,Its proud and regal appearance has captured the hearts of people since long ago.
pl3-51,Bibarel,Supreme Victors,False,https://images.pokemontcg.io/pl3/51_hires.png,Platinum,8/19/2009,Uncommon,['Colorless'],['Stage 1'],90,20,"A river dammed by Bibarel will never overflow its banks, which is appreciated by people nearby."
pl3-52,Breloom,Supreme Victors,False,https://images.pokemontcg.io/pl3/52_hires.png,Platinum,8/19/2009,Uncommon,['Fighting'],['Stage 1'],90,37,Its short arms stretch when it throws punches. Its technique is equal to that of pro boxers.
pl3-53,Carnivine,Supreme Victors,False,https://images.pokemontcg.io/pl3/53_hires.png,Platinum,8/19/2009,Uncommon,['Grass'],['Basic'],80,34,It binds itself to trees in marshes. It attracts prey with its sweet-smelling drool and gulps them down.
pl3-55,Cherrim,Supreme Victors,False,https://images.pokemontcg.io/pl3/55_hires.png,Platinum,8/19/2009,Uncommon,['Grass'],['Stage 1'],80,29,"If it senses strong sunlight, it opens its folded petals to absorb the sun's rays with its whole body."
pl3-57,Drifblim,Supreme Victors,False,https://images.pokemontcg.io/pl3/57_hires.png,Platinum,8/19/2009,Uncommon,['Psychic'],['Stage 1'],80,33,"At dusk, swarms of them are carried aloft on winds. When noticed, they suddenly vanish."
pl3-58,Floatzel,Supreme Victors,False,https://images.pokemontcg.io/pl3/58_hires.png,Platinum,8/19/2009,Uncommon,['Water'],['Stage 1'],70,27,It is a common sight around fishing ports. It is known to rescue people and carry off prey.
pl3-59,Gabite,Supreme Victors,False,https://images.pokemontcg.io/pl3/59_hires.png,Platinum,8/19/2009,Uncommon,['Colorless'],['Stage 1'],80,36,It loves sparkly things. It seeks treasures in caves and hoards the loot in its nest.
pl3-61,Hippopotas,Supreme Victors,False,https://images.pokemontcg.io/pl3/61_hires.png,Platinum,8/19/2009,Uncommon,['Fighting'],['Basic'],70,29,It shuts its nostrils tight then travels through sand as if walking. They form colonies of around ten.
pl3-62,Ivysaur,Supreme Victors,False,https://images.pokemontcg.io/pl3/62_hires.png,Platinum,8/19/2009,Uncommon,['Grass'],['Stage 1'],80,26,"When the bud on its back starts swelling, a sweet aroma wafts to indicate the flower's coming bloom."
pl3-63,Lopunny,Supreme Victors,False,https://images.pokemontcg.io/pl3/63_hires.png,Platinum,8/19/2009,Uncommon,['Colorless'],['Stage 1'],80,34,"The ears appear to be delicate. If they are touched roughly, it kicks with its graceful legs."
pl3-64,Loudred,Supreme Victors,False,https://images.pokemontcg.io/pl3/64_hires.png,Platinum,8/19/2009,Uncommon,['Colorless'],['Stage 1'],80,35,The shock waves from its cries can tip over trucks. It stamps its feet to power up.
pl3-65,Magmar,Supreme Victors,False,https://images.pokemontcg.io/pl3/65_hires.png,Platinum,8/19/2009,Uncommon,['Fire'],['Basic'],70,28,"When it breathes deeply, heat waves form around its body, making it hard to see clearly."
pl3-67,Marshtomp,Supreme Victors,False,https://images.pokemontcg.io/pl3/67_hires.png,Platinum,8/19/2009,Uncommon,['Water'],['Stage 1'],80,21,"Its sturdy legs give it sure footing, even in mud. It burrows into dirt to sleep."
pl3-68,Masquerain,Supreme Victors,False,https://images.pokemontcg.io/pl3/68_hires.png,Platinum,8/19/2009,Uncommon,['Grass'],['Stage 1'],80,36,Its antennae have eye patterns on them. Its four wings enable it to hover and fly in any direction.
pl3-69,Metang,Supreme Victors,False,https://images.pokemontcg.io/pl3/69_hires.png,Platinum,8/19/2009,Uncommon,['Metal'],['Stage 1'],80,28,It is formed by two Beldum joining together. Its steel body won't be scratched if it collides with a jet.
pl3-70,Milotic,Supreme Victors,False,https://images.pokemontcg.io/pl3/70_hires.png,Platinum,8/19/2009,Uncommon,['Water'],['Stage 1'],90,49,Its lovely scales are described as rainbow colored. They change color depending on the viewing angle.
pl3-71,Minun,Supreme Victors,False,https://images.pokemontcg.io/pl3/71_hires.png,Platinum,8/19/2009,Uncommon,['Lightning'],['Basic'],60,33,"It cheers on friends. If its friends are losing, its body lets off more and more sparks."
pl3-72,Murkrow,Supreme Victors,False,https://images.pokemontcg.io/pl3/72_hires.png,Platinum,8/19/2009,Uncommon,['Darkness'],['Basic'],70,22,"If spotted, it will lure an unwary person into chasing it, then lose the pursuer on mountain trails."
pl3-73,Ninjask,Supreme Victors,False,https://images.pokemontcg.io/pl3/73_hires.png,Platinum,8/19/2009,Uncommon,['Grass'],['Stage 1'],80,38,"Because it moves so quickly, it sometimes becomes unseeable. It congregates around tree sap."
pl3-74,Numel,Supreme Victors,False,https://images.pokemontcg.io/pl3/74_hires.png,Platinum,8/19/2009,Uncommon,['Fire'],['Basic'],70,21,"Its humped back stores intensely hot magma. In rain, the magma cools, slowing its movement."
pl3-75,Pinsir,Supreme Victors,False,https://images.pokemontcg.io/pl3/75_hires.png,Platinum,8/19/2009,Uncommon,['Grass'],['Basic'],90,32,"It grips prey with its pincers until the prey is torn in half. What it can't tear, it tosses far."
pl3-76,Plusle,Supreme Victors,False,https://images.pokemontcg.io/pl3/76_hires.png,Platinum,8/19/2009,Uncommon,['Lightning'],['Basic'],60,33,It cheers on friends with pom-poms made of sparks. It drains power from telephone poles.
pl3-77,Raichu,Supreme Victors,False,https://images.pokemontcg.io/pl3/77_hires.png,Platinum,8/19/2009,Uncommon,['Lightning'],['Stage 1'],90,35,"Its tail discharges electricity into the ground, protecting it from getting shocked."
pl3-79,Relicanth,Supreme Victors,False,https://images.pokemontcg.io/pl3/79_hires.png,Platinum,8/19/2009,Uncommon,['Fighting'],['Basic'],80,36,A rare Pokémon discovered during a deep-sea exploration. It has not changed in over 100 million years.
pl3-80,Rhydon,Supreme Victors,False,https://images.pokemontcg.io/pl3/80_hires.png,Platinum,8/19/2009,Uncommon,['Fighting'],['Stage 1'],90,45,"Standing on its hind legs freed its forelegs and made it smarter. It is very forgetful, however."
pl3-81,Roserade,Supreme Victors,False,https://images.pokemontcg.io/pl3/81_hires.png,Platinum,8/19/2009,Uncommon,['Grass'],['Stage 1'],80,25,"Each of its hands contains different toxins, but both hands can jab with near-fatal power."
pl3-82,Rotom,Supreme Victors,False,https://images.pokemontcg.io/pl3/82_hires.png,Platinum,8/19/2009,Uncommon,['Lightning'],['Basic'],70,40,Its electric-like body can enter some kinds of machines and take control in order to make mischief.
pl3-85,Staravia,Supreme Victors,False,https://images.pokemontcg.io/pl3/85_hires.png,Platinum,8/19/2009,Uncommon,['Colorless'],['Stage 1'],70,16,"Recognizing their own weakness, they always live in a group. When alone, a Staravia cries noisily."
pl3-87,Wailmer,Supreme Victors,False,https://images.pokemontcg.io/pl3/87_hires.png,Platinum,8/19/2009,Uncommon,['Water'],['Basic'],80,10,"On sunny days, it lands on beaches to bounce like a ball and play. It spouts water from its nose."
pl3-88,Yanma,Supreme Victors,False,https://images.pokemontcg.io/pl3/88_hires.png,Platinum,8/19/2009,Uncommon,['Grass'],['Basic'],70,17,It can hover is one spot by flapping its wings at high speed. It flits about to guard its territory.
pl3-89,Baltoy,Supreme Victors,False,https://images.pokemontcg.io/pl3/89_hires.png,Platinum,8/19/2009,Common,['Psychic'],['Basic'],50,19,It moves by spinning on its foot. It is a rare Pokémon that was discovered in ancient ruins.
pl3-90,Beldum,Supreme Victors,False,https://images.pokemontcg.io/pl3/90_hires.png,Platinum,8/19/2009,Common,['Metal'],['Basic'],50,10,"It converses with others by using magnetic pulses. In a swarm, they move in perfect unison."
pl3-91,Bidoof,Supreme Victors,False,https://images.pokemontcg.io/pl3/91_hires.png,Platinum,8/19/2009,Common,['Colorless'],['Basic'],60,12,A comparison revealed that Bidoof's front teeth grow at the same rate as Rattata's.
pl3-92,Buizel,Supreme Victors,False,https://images.pokemontcg.io/pl3/92_hires.png,Platinum,8/19/2009,Common,['Water'],['Basic'],50,7,It spins its two tails like a screw to propel itself through water. The tails also slice clinging seaweed.
pl3-93,Bulbasaur,Supreme Victors,False,https://images.pokemontcg.io/pl3/93_hires.png,Platinum,8/19/2009,Common,['Grass'],['Basic'],60,13,"For some time after its birth, it grows by gaining nourishment from the seed on its back."
pl3-94,Buneary,Supreme Victors,False,https://images.pokemontcg.io/pl3/94_hires.png,Platinum,8/19/2009,Common,['Colorless'],['Basic'],50,9,Its ears are always rolled up. They can be forcefully extended to shatter even a large boulder.
pl3-95,Chatot,Supreme Victors,False,https://images.pokemontcg.io/pl3/95_hires.png,Platinum,8/19/2009,Common,['Colorless'],['Basic'],60,28,"Its tongue is just like a human's. As a result, it can cleverly mimic human speech."
pl3-96,Cherubi,Supreme Victors,False,https://images.pokemontcg.io/pl3/96_hires.png,Platinum,8/19/2009,Common,['Grass'],['Basic'],50,10,"The small ball is not only filled with nutrients, it is also tasty. Starly try to peck it off."
pl3-97,Chimchar,Supreme Victors,False,https://images.pokemontcg.io/pl3/97_hires.png,Platinum,8/19/2009,Common,['Fire'],['Basic'],50,11,"It is very agile. Before going to sleep, it extinguishes the flame on its tail to prevent fires."
pl3-98,Chingling,Supreme Victors,False,https://images.pokemontcg.io/pl3/98_hires.png,Platinum,8/19/2009,Common,['Psychic'],['Basic'],50,7,"There is an orb inside its mouth. When it hops, the orb bounces all over and makes a ringing sound."
pl3-99,Combee,Supreme Victors,False,https://images.pokemontcg.io/pl3/99_hires.png,Platinum,8/19/2009,Common,['Grass'],['Basic'],40,4,The trio is together from birth. It constantly gathers honey from flowers to please Vespiquen.
pl3-100,Corphish,Supreme Victors,False,https://images.pokemontcg.io/pl3/100_hires.png,Platinum,8/19/2009,Common,['Water'],['Basic'],50,11,Its hardy vitality enables it to adapt to any environment. Its pincers will never release prey.
pl3-101,Croagunk,Supreme Victors,False,https://images.pokemontcg.io/pl3/101_hires.png,Platinum,8/19/2009,Common,['Psychic'],['Basic'],60,10,"It rarely fights fairly, but that is strictly to ensure survival. It is popular as a mascot."
pl3-102,Doduo,Supreme Victors,False,https://images.pokemontcg.io/pl3/102_hires.png,Platinum,8/19/2009,Common,['Colorless'],['Basic'],50,12,The brains in its two heads appear to communicate emotions to each other with a telepathic power.
pl3-103,Drifloon,Supreme Victors,False,https://images.pokemontcg.io/pl3/103_hires.png,Platinum,8/19/2009,Common,['Psychic'],['Basic'],40,10,"Because of the way it floats aimlessly, an old folktale calls it a ""Signpost for Wandering Spirits."""
pl3-104,Feebas,Supreme Victors,False,https://images.pokemontcg.io/pl3/104_hires.png,Platinum,8/19/2009,Common,['Water'],['Basic'],30,5,"It is a shabby and ugly Pokémon. However, it is very hardy and can survive on little water."
pl3-105,Geodude,Supreme Victors,False,https://images.pokemontcg.io/pl3/105_hires.png,Platinum,8/19/2009,Common,['Fighting'],['Basic'],60,9,"At rest, it looks just like a rock. Carelessly stepping on it will make it swing its fists angrily."
pl3-106,Gible,Supreme Victors,False,https://images.pokemontcg.io/pl3/106_hires.png,Platinum,8/19/2009,Common,['Colorless'],['Basic'],60,12,"It attacks using its huge mouth. While its attacks are powerful, it hurts itself out of clumsiness, too."
pl3-107,Goldeen,Supreme Victors,False,https://images.pokemontcg.io/pl3/107_hires.png,Platinum,8/19/2009,Common,['Water'],['Basic'],50,7,"Though it appears very elegant when swimming with fins unfurled, it can jab powerfully with its horn."
pl3-108,Growlithe,Supreme Victors,False,https://images.pokemontcg.io/pl3/108_hires.png,Platinum,8/19/2009,Common,['Fire'],['Basic'],60,15,A Pokémon with a loyal nature. It will remain motionless until it is given an order by its Trainer.
pl3-109,Kricketot,Supreme Victors,False,https://images.pokemontcg.io/pl3/109_hires.png,Platinum,8/19/2009,Common,['Grass'],['Basic'],50,4,"Its legs are short. Whenever it stumbles, its stiff antennae clack with a xylophone-like sound."
pl3-110,Magikarp,Supreme Victors,False,https://images.pokemontcg.io/pl3/110_hires.png,Platinum,8/19/2009,Common,['Water'],['Basic'],30,9,"A Magikarp living for many years can leap a mountain using Splash. The move remains useless, though."
pl3-111,Magnemite,Supreme Victors,False,https://images.pokemontcg.io/pl3/111_hires.png,Platinum,8/19/2009,Common,['Lightning'],['Basic'],40,7,"The faster the units at its sides rotate, the greater the magnetic force they generate."
pl3-112,Mankey,Supreme Victors,False,https://images.pokemontcg.io/pl3/112_hires.png,Platinum,8/19/2009,Common,['Fighting'],['Basic'],50,19,"It lives in treetop colonies. If one becomes enraged, the whole colony rampages for no reason."
pl3-113,Meditite,Supreme Victors,False,https://images.pokemontcg.io/pl3/113_hires.png,Platinum,8/19/2009,Common,['Psychic'],['Basic'],60,22,It always trains deep in mountains. It levitates when it heightens its spiritual power through meditation.
pl3-114,Meowth,Supreme Victors,False,https://images.pokemontcg.io/pl3/114_hires.png,Platinum,8/19/2009,Common,['Colorless'],['Basic'],60,18,"It is nocturnal in nature. If it spots something shiny, its eyes glitter brightly."
pl3-115,Mime Jr.,Supreme Victors,False,https://images.pokemontcg.io/pl3/115_hires.png,Platinum,8/19/2009,Common,['Psychic'],['Basic'],50,8,It mimics the expressions and motions of those it sees to understand the feelings of others.
pl3-116,Mudkip,Supreme Victors,False,https://images.pokemontcg.io/pl3/116_hires.png,Platinum,8/19/2009,Common,['Water'],['Basic'],60,6,"To alert it, the fin on its head senses the flow of water. It has the strength to heft boulders."
pl3-117,Nincada,Supreme Victors,False,https://images.pokemontcg.io/pl3/117_hires.png,Platinum,8/19/2009,Common,['Grass'],['Basic'],40,8,"It grows underground, sensing its surroundings using antennae instead of its virtually blind eyes."
pl3-118,Pachirisu,Supreme Victors,False,https://images.pokemontcg.io/pl3/118_hires.png,Platinum,8/19/2009,Common,['Lightning'],['Basic'],60,14,A pair may be seen rubbing their cheek pouches together in an effort to share stored electricity.
pl3-119,Paras,Supreme Victors,False,https://images.pokemontcg.io/pl3/119_hires.png,Platinum,8/19/2009,Common,['Grass'],['Basic'],50,10,Mushrooms named tochukaso grow on its back. They grow along with the host Paras.
pl3-120,Pikachu,Supreme Victors,False,https://images.pokemontcg.io/pl3/120_hires.png,Platinum,8/19/2009,Common,['Lightning'],['Basic'],50,11,It occasionally uses an electric shock to recharge a fellow Pikachu that is in a weakened state.
pl3-121,Piplup,Supreme Victors,False,https://images.pokemontcg.io/pl3/121_hires.png,Platinum,8/19/2009,Common,['Water'],['Basic'],60,13,"A poor walker, it often falls down. However, its strong pride makes it puff up its chest without a care."
pl3-122,Rhyhorn,Supreme Victors,False,https://images.pokemontcg.io/pl3/122_hires.png,Platinum,8/19/2009,Common,['Fighting'],['Basic'],70,23,"Its powerful tackles can destroy anything. However, it is too slow witted to help people work."
pl3-123,Roselia,Supreme Victors,False,https://images.pokemontcg.io/pl3/123_hires.png,Platinum,8/19/2009,Common,['Grass'],['Basic'],60,17,"The more healthy the Roselia, the more pleasant its flowers' aroma. Its scent deeply relaxes people."
pl3-124,Sandshrew,Supreme Victors,False,https://images.pokemontcg.io/pl3/124_hires.png,Platinum,8/19/2009,Common,['Fighting'],['Basic'],50,10,"To protect itself from attackers, it curls up into a ball. It lives in arid regions with minimal rainfall."
pl3-125,Seel,Supreme Victors,False,https://images.pokemontcg.io/pl3/125_hires.png,Platinum,8/19/2009,Common,['Water'],['Basic'],60,20,A Pokémon that lives on icebergs. It swims in the sea using the point on its head to break up ice.
pl3-126,Shinx,Supreme Victors,False,https://images.pokemontcg.io/pl3/126_hires.png,Platinum,8/19/2009,Common,['Lightning'],['Basic'],60,8,The extension and contraction of its muscles generates electricity. It glows when in trouble.
pl3-127,Shroomish,Supreme Victors,False,https://images.pokemontcg.io/pl3/127_hires.png,Platinum,8/19/2009,Common,['Grass'],['Basic'],60,11,It spouts poison spores from the top of its head. These spores cause pain all over if inhaled.
pl3-128,Skorupi,Supreme Victors,False,https://images.pokemontcg.io/pl3/128_hires.png,Platinum,8/19/2009,Common,['Psychic'],['Basic'],50,6,"As soon as the tail claws close, its needle tips secrete poison. It can survive a year without food."
pl3-129,Starly,Supreme Victors,False,https://images.pokemontcg.io/pl3/129_hires.png,Platinum,8/19/2009,Common,['Colorless'],['Basic'],50,5,"Because they are weak individually, they form groups. However, they bicker if the group grows too big."
pl3-130,Surskit,Supreme Victors,False,https://images.pokemontcg.io/pl3/130_hires.png,Platinum,8/19/2009,Common,['Grass'],['Basic'],50,9,It appears as if it is skating on water. It draws prey with a sweet scent from the tip of its head.
pl3-131,Turtwig,Supreme Victors,False,https://images.pokemontcg.io/pl3/131_hires.png,Platinum,8/19/2009,Common,['Grass'],['Basic'],60,8,"The shell on its back is made of soil. On a very healthy Turtwig, the shell should feel moist."
pl3-132,Whismur,Supreme Victors,False,https://images.pokemontcg.io/pl3/132_hires.png,Platinum,8/19/2009,Common,['Colorless'],['Basic'],60,11,"Usually, its cries are like quiet murmurs. If frightened, it shrieks at the same volume as a jet plane."
pl3-133,Zubat,Supreme Victors,False,https://images.pokemontcg.io/pl3/133_hires.png,Platinum,8/19/2009,Common,['Psychic'],['Basic'],50,6,It checks its surroundings and location using reflections of the ultrasonic waves from its mouth.
pl3-148,Articuno,Supreme Victors,False,https://images.pokemontcg.io/pl3/148_hires.png,Platinum,8/19/2009,Rare Secret,['Water'],['Basic'],70,34,"This legendary Pokémon is said to freeze the water in the air during winter, causing snow."
pl3-149,Moltres,Supreme Victors,False,https://images.pokemontcg.io/pl3/149_hires.png,Platinum,8/19/2009,Rare Secret,['Fire'],['Basic'],70,33,The flames on this legendary Pokémon's wings burn so brightly that they can make night seem like day.
pl3-150,Zapdos,Supreme Victors,False,https://images.pokemontcg.io/pl3/150_hires.png,Platinum,8/19/2009,Rare Secret,['Lightning'],['Basic'],70,30,This legendary Pokémon is said to be present wherever there is a lightning storm.
pl3-SH7,Milotic,Supreme Victors,False,https://images.pokemontcg.io/pl3/SH7_hires.png,Platinum,8/19/2009,Rare,['Water'],['Stage 1'],80,52,Its lovely scales are described as rainbow colored. They change color depending on the viewing angle.
pl3-SH8,Relicanth,Supreme Victors,False,https://images.pokemontcg.io/pl3/SH8_hires.png,Platinum,8/19/2009,Rare,['Fighting'],['Basic'],80,39,A rare Pokémon discovered during a deep-sea exploration. It has not changed in over 100 million years.
pl3-SH9,Yanma,Supreme Victors,False,https://images.pokemontcg.io/pl3/SH9_hires.png,Platinum,8/19/2009,Rare,['Grass'],['Basic'],70,22,It can hover in one spot by flapping its wings at high speed. It flits about to guard its territory.
pl4-2,Froslass,Arceus,False,https://images.pokemontcg.io/pl4/2_hires.png,Platinum,11/4/2009,Rare Holo,['Water'],['Stage 1'],80,45,It freezes prey by blowing its -58 degrees F breath. It is said to then secretly display its prey.
pl4-3,Heatran,Arceus,False,https://images.pokemontcg.io/pl4/3_hires.png,Platinum,11/4/2009,Rare Holo,['Fire'],['Basic'],100,58,"Its body is made of rugged steel. However, it is partially melted in spots because of its own heat."
pl4-4,Kabutops,Arceus,False,https://images.pokemontcg.io/pl4/4_hires.png,Platinum,11/4/2009,Rare Holo,['Fighting'],['Stage 2'],130,59,It is thought that this Pokémon came onto land because its prey adapted to life on land.
pl4-5,Luxray,Arceus,False,https://images.pokemontcg.io/pl4/5_hires.png,Platinum,11/4/2009,Rare Holo,['Lightning'],['Stage 2'],120,53,It can see clearly through walls to track down its prey and seek its lost young.
pl4-6,Mothim,Arceus,False,https://images.pokemontcg.io/pl4/6_hires.png,Platinum,11/4/2009,Rare Holo,['Grass'],['Stage 1'],90,43,"While it loves floral honey, it won't gather any itself. Instead, it plots to steal some from Combee."
pl4-9,Swalot,Arceus,False,https://images.pokemontcg.io/pl4/9_hires.png,Platinum,11/4/2009,Rare Holo,['Psychic'],['Stage 1'],100,40,It swallows anything whole. It sweats toxic fluids from its follicles to douse foes.
pl4-10,Tangrowth,Arceus,False,https://images.pokemontcg.io/pl4/10_hires.png,Platinum,11/4/2009,Rare Holo,['Grass'],['Stage 1'],110,48,Its arms are made of plants that bind themselves to things. They grow back right away if cut.
pl4-11,Toxicroak,Arceus,False,https://images.pokemontcg.io/pl4/11_hires.png,Platinum,11/4/2009,Rare Holo,['Fighting'],['Stage 1'],90,44,"It has a poison sac at its throat. When it croaks, the stored poison is churned for more potency."
pl4-13,Aerodactyl,Arceus,False,https://images.pokemontcg.io/pl4/13_hires.png,Platinum,11/4/2009,Rare,['Fighting'],['Stage 1'],80,47,A Pokémon that roamed the skies in the dinosaur era. Its teeth are like saw blades.
pl4-14,Bronzong,Arceus,False,https://images.pokemontcg.io/pl4/14_hires.png,Platinum,11/4/2009,Rare,['Metal'],['Stage 1'],90,49,It brought rains by opening portals to another world. It was revered as a bringer of plentiful harvests.
pl4-15,Cherrim,Arceus,False,https://images.pokemontcg.io/pl4/15_hires.png,Platinum,11/4/2009,Rare,['Grass'],['Stage 1'],80,33,"If it senses strong sunlight, it opens its folded petals to absorb the sun's rays with its whole body."
pl4-16,Gengar,Arceus,False,https://images.pokemontcg.io/pl4/16_hires.png,Platinum,11/4/2009,Rare,['Psychic'],['Stage 2'],110,44,The leer that floats in darkness belongs to a Gengar delighting in casting curses on people.
pl4-17,Gengar,Arceus,False,https://images.pokemontcg.io/pl4/17_hires.png,Platinum,11/4/2009,Rare,['Psychic'],['Stage 2'],120,46,The leer that floats in darkness belongs to a Gengar delighting in casting curses on people.
pl4-18,Glalie,Arceus,False,https://images.pokemontcg.io/pl4/18_hires.png,Platinum,11/4/2009,Rare,['Water'],['Stage 1'],90,46,It prevents prey from escaping by instantaneously freezing moisture in the air.
pl4-20,Hariyama,Arceus,False,https://images.pokemontcg.io/pl4/20_hires.png,Platinum,11/4/2009,Rare,['Fighting'],['Stage 1'],110,42,It loves to match power with big-bodied Pokémon. It can knock a truck flying with its arm thrusts.
pl4-21,Lopunny,Arceus,False,https://images.pokemontcg.io/pl4/21_hires.png,Platinum,11/4/2009,Rare,['Colorless'],['Stage 1'],80,40,"The ears appear to be delicate. If they are touched roughly, it kicks with its graceful legs."
pl4-22,Manectric,Arceus,False,https://images.pokemontcg.io/pl4/22_hires.png,Platinum,11/4/2009,Rare,['Lightning'],['Stage 1'],90,46,It discharges electricity from its mane. It creates a thundercloud overhead to drop lightning bolts.
pl4-23,Omastar,Arceus,False,https://images.pokemontcg.io/pl4/23_hires.png,Platinum,11/4/2009,Rare,['Water'],['Stage 2'],120,55,It is thought that this Pokémon became extinct because its spiral shell grew too large.
pl4-24,Pelipper,Arceus,False,https://images.pokemontcg.io/pl4/24_hires.png,Platinum,11/4/2009,Rare,['Water'],['Stage 1'],90,50,"It is a messenger of the skies, carrying small Pokémon and eggs to safety in its bill."
pl4-25,Pichu,Arceus,False,https://images.pokemontcg.io/pl4/25_hires.png,Platinum,11/4/2009,Rare,['Lightning'],['Basic'],50,9,"The electric sacs in its cheeks are small. If even a little electricity leaks, it becomes shocked."
pl4-27,Raichu,Arceus,False,https://images.pokemontcg.io/pl4/27_hires.png,Platinum,11/4/2009,Rare,['Lightning'],['Stage 1'],90,46,"Its tail discharges electricity into the ground, protecting it from getting shocked."
pl4-29,Raticate,Arceus,False,https://images.pokemontcg.io/pl4/29_hires.png,Platinum,11/4/2009,Rare,['Colorless'],['Stage 1'],70,31,It whittles its constantly growing fangs by gnawing on hard things. It can chew apart cinder walls.
pl4-31,Sceptile,Arceus,False,https://images.pokemontcg.io/pl4/31_hires.png,Platinum,11/4/2009,Rare,['Grass'],['Stage 2'],130,59,The leaves that grow on its arms can slice down thick trees. It is without peer in jungle combat.
pl4-33,Bronzong,Arceus,False,https://images.pokemontcg.io/pl4/33_hires.png,Platinum,11/4/2009,Uncommon,['Metal'],['Stage 1'],90,45,It brought rains by opening portals to another world. It was revered as a bringer of plentiful harvests.
pl4-34,Bronzor,Arceus,False,https://images.pokemontcg.io/pl4/34_hires.png,Platinum,11/4/2009,Uncommon,['Metal'],['Basic'],50,9,There are researchers who believe this Pokémon reflected like a mirror in the distant past.
pl4-35,Charmeleon,Arceus,False,https://images.pokemontcg.io/pl4/35_hires.png,Platinum,11/4/2009,Uncommon,['Fire'],['Stage 1'],80,31,"In the rocky mountains where Charmeleon live, their fiery tails shine at night like stars."
pl4-36,Gastly,Arceus,False,https://images.pokemontcg.io/pl4/36_hires.png,Platinum,11/4/2009,Uncommon,['Psychic'],['Basic'],50,16,"Born from gases, anyone would faint if engulfed by its gaseous body, which contains poison."
pl4-37,Graveler,Arceus,False,https://images.pokemontcg.io/pl4/37_hires.png,Platinum,11/4/2009,Uncommon,['Fighting'],['Stage 1'],90,37,"It rolls on mountain paths to move. Once it builds momentum, no Pokémon can stop it without difficulty."
pl4-38,Grovyle,Arceus,False,https://images.pokemontcg.io/pl4/38_hires.png,Platinum,11/4/2009,Uncommon,['Grass'],['Stage 1'],80,28,"It lives in dense jungles. While closing in on its prey, it leaps from branch to branch."
pl4-39,Grovyle,Arceus,False,https://images.pokemontcg.io/pl4/39_hires.png,Platinum,11/4/2009,Uncommon,['Grass'],['Stage 1'],80,24,"It lives in dense jungles. While closing in on its prey, it leaps from branch to branch."
pl4-40,Gulpin,Arceus,False,https://images.pokemontcg.io/pl4/40_hires.png,Platinum,11/4/2009,Uncommon,['Psychic'],['Basic'],60,21,Almost all of its body is its stomach. Its harsh digestive juices quickly dissolve anything it swallows.
pl4-41,Haunter,Arceus,False,https://images.pokemontcg.io/pl4/41_hires.png,Platinum,11/4/2009,Uncommon,['Psychic'],['Stage 1'],70,31,It likes to lurk in the dark and tap shoulders with a gaseous hand. Its touch causes endless shuddering.
pl4-42,Haunter,Arceus,False,https://images.pokemontcg.io/pl4/42_hires.png,Platinum,11/4/2009,Uncommon,['Psychic'],['Stage 1'],80,37,It likes to lurk in the dark and tap shoulders with a gaseous hand. Its touch causes endless shuddering.
pl4-43,Luxio,Arceus,False,https://images.pokemontcg.io/pl4/43_hires.png,Platinum,11/4/2009,Uncommon,['Lightning'],['Stage 1'],80,25,Strong electricity courses through the tips of its sharp claws. A light scratch causes fainting in foes.
pl4-44,Manectric,Arceus,False,https://images.pokemontcg.io/pl4/44_hires.png,Platinum,11/4/2009,Uncommon,['Lightning'],['Stage 1'],90,44,It discharges electricity from its mane. It creates a thundercloud overhead to drop lightning bolts.
pl4-45,Pelipper,Arceus,False,https://images.pokemontcg.io/pl4/45_hires.png,Platinum,11/4/2009,Uncommon,['Water'],['Stage 1'],90,49,"It is a messenger of the skies, carrying small Pokémon and eggs to safety in its bill."
pl4-46,Ponyta,Arceus,False,https://images.pokemontcg.io/pl4/46_hires.png,Platinum,11/4/2009,Uncommon,['Fire'],['Basic'],40,8,"As a newborn, it can barely stand. However, through galloping, its legs are made tougher and faster."
pl4-47,Rapidash,Arceus,False,https://images.pokemontcg.io/pl4/47_hires.png,Platinum,11/4/2009,Uncommon,['Fire'],['Stage 1'],90,45,"When at an all-out gallop, its blazing mane sparkles, enhancing its beautiful appearance."
pl4-48,Shelgon,Arceus,False,https://images.pokemontcg.io/pl4/48_hires.png,Platinum,11/4/2009,Uncommon,['Colorless'],['Stage 1'],80,34,"Within its rugged shell, its cells have begun changing. The shell peels off the instant it evolves."
pl4-49,Wormadam Plant Cloak,Arceus,False,https://images.pokemontcg.io/pl4/49_hires.png,Platinum,11/4/2009,Uncommon,['Grass'],['Stage 1'],80,46,"When evolving, its body takes in surrounding materials. As a result, there are many body variations."
pl4-50,Wormadam Sandy Cloak,Arceus,False,https://images.pokemontcg.io/pl4/50_hires.png,Platinum,11/4/2009,Uncommon,['Fighting'],['Stage 1'],90,45,"When evolving, its body takes in surrounding materials. As a result, there are many body variations."
pl4-51,Wormadam Trash Cloak,Arceus,False,https://images.pokemontcg.io/pl4/51_hires.png,Platinum,11/4/2009,Uncommon,['Metal'],['Stage 1'],90,44,"When evolving, its body takes in surrounding materials. As a result, there are many body variations."
pl4-52,Bagon,Arceus,False,https://images.pokemontcg.io/pl4/52_hires.png,Platinum,11/4/2009,Common,['Colorless'],['Basic'],60,18,"Dreaming of one day flying, it practices by leaping off cliffs every day."
pl4-54,Bronzor,Arceus,False,https://images.pokemontcg.io/pl4/54_hires.png,Platinum,11/4/2009,Common,['Metal'],['Basic'],60,15,There are researchers who believe this Pokémon reflected like a mirror in the distant past.
pl4-55,Buneary,Arceus,False,https://images.pokemontcg.io/pl4/55_hires.png,Platinum,11/4/2009,Common,['Colorless'],['Basic'],50,17,Its ears are always rolled up. They can be forcefully extended to shatter even a large boulder.
pl4-56,Burmy Plant Cloak,Arceus,False,https://images.pokemontcg.io/pl4/56_hires.png,Platinum,11/4/2009,Common,['Grass'],['Basic'],40,11,"Even if it is born where there are no cocooning materials, it somehow always ends up with a cloak."
pl4-57,Burmy Sandy Cloak,Arceus,False,https://images.pokemontcg.io/pl4/57_hires.png,Platinum,11/4/2009,Common,['Grass'],['Basic'],40,11,"Even if it is born where there are no cocooning materials, it somehow always ends up with a cloak."
pl4-58,Burmy Trash Cloak,Arceus,False,https://images.pokemontcg.io/pl4/58_hires.png,Platinum,11/4/2009,Common,['Grass'],['Basic'],40,11,"Even if it is born where there are no cocooning materials, it somehow always ends up with a cloak."
pl4-59,Charmander,Arceus,False,https://images.pokemontcg.io/pl4/59_hires.png,Platinum,11/4/2009,Common,['Fire'],['Basic'],60,13,"The fire on the tip of its tail is a measure of its life. If healthy, its tail burns intensely."
pl4-60,Cherubi,Arceus,False,https://images.pokemontcg.io/pl4/60_hires.png,Platinum,11/4/2009,Common,['Grass'],['Basic'],50,12,"The small ball is not only filled with nutrients, it is also tasty. Starly try to peck it off."
pl4-61,Croagunk,Arceus,False,https://images.pokemontcg.io/pl4/61_hires.png,Platinum,11/4/2009,Common,['Fighting'],['Basic'],60,15,"It rarely fights fairly, but that is strictly to ensure survival. It is popular as a mascot."
pl4-62,Electrike,Arceus,False,https://images.pokemontcg.io/pl4/62_hires.png,Platinum,11/4/2009,Common,['Lightning'],['Basic'],60,22,"Using electricity stored in its fur, it stimulates its muscles to heighten its reaction speed."
pl4-63,Electrike,Arceus,False,https://images.pokemontcg.io/pl4/63_hires.png,Platinum,11/4/2009,Common,['Lightning'],['Basic'],60,20,"Using electricity stored in its fur, it stimulates its muscles to heighten its reaction speed."
pl4-64,Gastly,Arceus,False,https://images.pokemontcg.io/pl4/64_hires.png,Platinum,11/4/2009,Common,['Psychic'],['Basic'],50,15,"Born from gases, anyone would faint if engulfed by its gaseous body, which contains poison."
pl4-65,Geodude,Arceus,False,https://images.pokemontcg.io/pl4/65_hires.png,Platinum,11/4/2009,Common,['Fighting'],['Basic'],60,14,"At rest, it looks just like a rock. Carelessly stepping on it will make it swing its fists angrily."
pl4-66,Gulpin,Arceus,False,https://images.pokemontcg.io/pl4/66_hires.png,Platinum,11/4/2009,Common,['Psychic'],['Basic'],60,19,Almost all of its body is its stomach. Its harsh digestive juices quickly dissolve anything it swallows.
pl4-67,Kabuto,Arceus,False,https://images.pokemontcg.io/pl4/67_hires.png,Platinum,11/4/2009,Common,['Fighting'],['Stage 1'],80,33,It is thought to have inhabited beaches 300 million years ago. It is protected by a stiff shell.
pl4-68,Makuhita,Arceus,False,https://images.pokemontcg.io/pl4/68_hires.png,Platinum,11/4/2009,Common,['Fighting'],['Basic'],70,21,It toughens its body by slamming into thick trees. Many snapped trees can be found near its nest.
pl4-69,Nosepass,Arceus,False,https://images.pokemontcg.io/pl4/69_hires.png,Platinum,11/4/2009,Common,['Fighting'],['Basic'],70,13,"When endangered, it may protect itself by raising its magnetism and drawing iron objects to its body."
pl4-70,Omanyte,Arceus,False,https://images.pokemontcg.io/pl4/70_hires.png,Platinum,11/4/2009,Common,['Water'],['Stage 1'],80,38,A Pokémon that was resurrected from a fossil using modern science. It swam in ancient seas.
pl4-71,Pikachu,Arceus,False,https://images.pokemontcg.io/pl4/71_hires.png,Platinum,11/4/2009,Common,['Lightning'],['Basic'],60,17,It occasionally uses an electric shock to recharge a fellow Pikachu that is in a weakened state.
pl4-72,Ponyta,Arceus,False,https://images.pokemontcg.io/pl4/72_hires.png,Platinum,11/4/2009,Common,['Fire'],['Basic'],60,13,"As a newborn, it can barely stand. However, through galloping, its legs are made tougher and faster."
pl4-73,Rattata,Arceus,False,https://images.pokemontcg.io/pl4/73_hires.png,Platinum,11/4/2009,Common,['Colorless'],['Basic'],30,12,"Cautious in the extreme, its hardy vitality lets it live in any kind of environment."
pl4-74,Shinx,Arceus,False,https://images.pokemontcg.io/pl4/74_hires.png,Platinum,11/4/2009,Common,['Lightning'],['Basic'],60,13,The extension and contraction of its muscles generates electricity. It glows when in trouble.
pl4-75,Snorunt,Arceus,False,https://images.pokemontcg.io/pl4/75_hires.png,Platinum,11/4/2009,Common,['Water'],['Basic'],50,16,It is said that several Snorunt gather under giant leaves and live together in harmony.
pl4-76,Tangela,Arceus,False,https://images.pokemontcg.io/pl4/76_hires.png,Platinum,11/4/2009,Common,['Grass'],['Basic'],70,15,The blue vines shrouding its body are covered in a growth of fine hair. It is known to be ticklish.
pl4-77,Tangela,Arceus,False,https://images.pokemontcg.io/pl4/77_hires.png,Platinum,11/4/2009,Common,['Grass'],['Basic'],60,9,The blue vines shrouding its body are covered in a growth of fine hair. It is known to be ticklish.
pl4-78,Treecko,Arceus,False,https://images.pokemontcg.io/pl4/78_hires.png,Platinum,11/4/2009,Common,['Grass'],['Basic'],60,14,"The soles of its feet are covered by countless tiny spikes, enabling it to walk on walls and ceilings."
pl4-79,Treecko,Arceus,False,https://images.pokemontcg.io/pl4/79_hires.png,Platinum,11/4/2009,Common,['Grass'],['Basic'],60,13,"The soles of its feet are covered by countless tiny spikes, enabling it to walk on walls and ceilings."
pl4-80,Wingull,Arceus,False,https://images.pokemontcg.io/pl4/80_hires.png,Platinum,11/4/2009,Common,['Water'],['Basic'],40,5,"It soars high in the sky, riding on updrafts like a glider. It carries food tucked in its bill."
pl4-81,Wingull,Arceus,False,https://images.pokemontcg.io/pl4/81_hires.png,Platinum,11/4/2009,Common,['Water'],['Basic'],50,8,"It soars high in the sky, riding on updrafts like a glider. It carries food tucked in its bill."
pl4-AR1,Arceus,Arceus,False,https://images.pokemontcg.io/pl4/AR1_hires.png,Platinum,11/4/2009,Rare,['Darkness'],['Basic'],70,100,It is told in mythology that this Pokémon was born before the universe even existed.
pl4-AR2,Arceus,Arceus,False,https://images.pokemontcg.io/pl4/AR2_hires.png,Platinum,11/4/2009,Rare,['Grass'],['Basic'],90,100,"It is said to have emerged from an egg in a place where there was nothing, then shaped the world."
pl4-AR3,Arceus,Arceus,False,https://images.pokemontcg.io/pl4/AR3_hires.png,Platinum,11/4/2009,Rare,['Fire'],['Basic'],80,100,"It is described in mythology as the Pokémon that shaped the universe with its 1,000 arms."
pl4-AR4,Arceus,Arceus,False,https://images.pokemontcg.io/pl4/AR4_hires.png,Platinum,11/4/2009,Rare,['Water'],['Basic'],90,100,It is told in mythology that this Pokémon was born before the universe even existed.
pl4-AR5,Arceus,Arceus,False,https://images.pokemontcg.io/pl4/AR5_hires.png,Platinum,11/4/2009,Rare,['Colorless'],['Basic'],80,100,"It is said to have emerged from an egg in a place where there was nothing, then shaped the world."
pl4-AR6,Arceus,Arceus,False,https://images.pokemontcg.io/pl4/AR6_hires.png,Platinum,11/4/2009,Rare,['Lightning'],['Basic'],70,100,"It is described in mythology as the Pokémon that shaped the universe with its 1,000 arms."
pl4-AR7,Arceus,Arceus,False,https://images.pokemontcg.io/pl4/AR7_hires.png,Platinum,11/4/2009,Rare,['Psychic'],['Basic'],80,100,It is told in mythology that this Pokémon was born before the universe even existed.
pl4-AR8,Arceus,Arceus,False,https://images.pokemontcg.io/pl4/AR8_hires.png,Platinum,11/4/2009,Rare,['Fighting'],['Basic'],80,100,"It is said to have emerged from an egg in a place where there was nothing, then shaped the world."
pl4-AR9,Arceus,Arceus,False,https://images.pokemontcg.io/pl4/AR9_hires.png,Platinum,11/4/2009,Rare,['Metal'],['Basic'],90,100,"It is described in mythology as the Pokémon that shaped the universe with its 1,000 arms."
pl4-SH10,Bagon,Arceus,False,https://images.pokemontcg.io/pl4/SH10_hires.png,Platinum,11/4/2009,Rare,['Colorless'],['Basic'],50,15,"Dreaming of one day flying, it practices by leaping off cliffs every day."
pl4-SH11,Ponyta,Arceus,False,https://images.pokemontcg.io/pl4/SH11_hires.png,Platinum,11/4/2009,Rare,['Fire'],['Basic'],60,17,"As a newborn, it can barely stand. However, through galloping, its legs are made tougher and faster."
pl4-SH12,Shinx,Arceus,False,https://images.pokemontcg.io/pl4/SH12_hires.png,Platinum,11/4/2009,Rare,['Lightning'],['Basic'],50,11,The extension and contraction of its muscles generates electricity. It glows when in trouble.
xyp-XY179,Snorlax,XY Black Star Promos,False,https://images.pokemontcg.io/xyp/XY179_hires.png,XY,10/12/2013,Promo,['Colorless'],['Basic'],130,20,"It is not satisfied unless it eats over 880 pounds of food every day. When it is done eating, it goes promptly to sleep."
xyp-XY202,Pikachu,XY Black Star Promos,False,https://images.pokemontcg.io/xyp/XY202_hires.png,XY,10/12/2013,Promo,['Lightning'],['Basic'],50,13,"When several of these Pokémon gather, their electricity can build and cause lightning storms."
xy12-3,Caterpie,Evolutions,False,https://images.pokemontcg.io/xy12/3_hires.png,XY,11/2/2016,Common,['Grass'],['Basic'],40,13,"It is covered with a green skin. When it grows, it sheds the skin, covers itself with silk, and becomes a cocoon."
xy12-4,Metapod,Evolutions,False,https://images.pokemontcg.io/xy12/4_hires.png,XY,11/2/2016,Uncommon,['Grass'],['Stage 1'],70,21,"Even though it is encased in a sturdy shell, the body inside is tender. It can't withstand a harsh attack."
xy12-5,Weedle,Evolutions,False,https://images.pokemontcg.io/xy12/5_hires.png,XY,11/2/2016,Common,['Grass'],['Basic'],40,12,"Often found in forests and grasslands. It has a sharp, toxic barb of around two inches on top of its head."
xy12-6,Kakuna,Evolutions,False,https://images.pokemontcg.io/xy12/6_hires.png,XY,11/2/2016,Uncommon,['Grass'],['Stage 1'],80,23,This Pokémon is in a temporary stage while making its body. It is almost completely unable to move on its own.
xy12-7,Beedrill,Evolutions,False,https://images.pokemontcg.io/xy12/7_hires.png,XY,11/2/2016,Rare,['Grass'],['Stage 2'],120,32,"May appear in a swarm. Flies at violent speeds, all the while stabbing with the toxic stinger on its rear."
xy12-8,Tangela,Evolutions,False,https://images.pokemontcg.io/xy12/8_hires.png,XY,11/2/2016,Common,['Grass'],['Basic'],80,8,Blue plant vines cloak the Pokémon's identity in a tangled mass. It entangles anything that gets close.
xy12-9,Charmander,Evolutions,False,https://images.pokemontcg.io/xy12/9_hires.png,XY,11/2/2016,Common,['Fire'],['Basic'],60,10,"From the time it is born, a flame burns at the tip of its tail. Its life would end if the flame were to go out."
xy12-10,Charmeleon,Evolutions,False,https://images.pokemontcg.io/xy12/10_hires.png,XY,11/2/2016,Uncommon,['Fire'],['Stage 1'],80,32,It lashes about with its tail to knock down its foe. It then tears up the fallen opponent with sharp claws.
xy12-11,Charizard,Evolutions,False,https://images.pokemontcg.io/xy12/11_hires.png,XY,11/2/2016,Rare Holo,['Fire'],['Stage 2'],150,76,"Its wings can carry this Pokémon close to an altitude of 4,600 feet. It blows out fire at very high temperatures."
xy12-14,Vulpix,Evolutions,False,https://images.pokemontcg.io/xy12/14_hires.png,XY,11/2/2016,Common,['Fire'],['Basic'],60,11,"While young, it has six gorgeous tails. When it grows, several new tails are sprouted."
xy12-15,Ninetales,Evolutions,False,https://images.pokemontcg.io/xy12/15_hires.png,XY,11/2/2016,Rare Holo,['Fire'],['Stage 1'],100,32,"It has nine long tails and fur that gleams gold. It is said to live for 1,000 years."
xy12-17,Growlithe,Evolutions,False,https://images.pokemontcg.io/xy12/17_hires.png,XY,11/2/2016,Common,['Fire'],['Basic'],70,18,Very friendly and faithful to people. It will try to repel enemies by barking and biting.
xy12-18,Arcanine,Evolutions,False,https://images.pokemontcg.io/xy12/18_hires.png,XY,11/2/2016,Rare,['Fire'],['Stage 1'],130,45,A Pokémon that is described in Chinese legends. It is said to race at an unbelievable speed.
xy12-19,Ponyta,Evolutions,False,https://images.pokemontcg.io/xy12/19_hires.png,XY,11/2/2016,Common,['Fire'],['Basic'],60,10,"Its body is light, and its legs are incredibly powerful. It can clear Ayers Rock in one leap."
xy12-20,Magmar,Evolutions,False,https://images.pokemontcg.io/xy12/20_hires.png,XY,11/2/2016,Uncommon,['Fire'],['Basic'],80,24,"Found near the mouth of a volcano. This fire-breather's body temperature is nearly 2,200 degrees Fahrenheit."
xy12-23,Poliwag,Evolutions,False,https://images.pokemontcg.io/xy12/23_hires.png,XY,11/2/2016,Common,['Water'],['Basic'],60,13,Its slick black skin is thin and damp. A part of its internal organs can be seen through the skin as a spiral pattern.
xy12-24,Poliwhirl,Evolutions,False,https://images.pokemontcg.io/xy12/24_hires.png,XY,11/2/2016,Uncommon,['Water'],['Stage 1'],80,28,"Its two legs are well developed. Even though it can live on the ground, it prefers living in water."
xy12-25,Poliwrath,Evolutions,False,https://images.pokemontcg.io/xy12/25_hires.png,XY,11/2/2016,Rare Holo,['Water'],['Stage 2'],140,48,"An adept swimmer, it knows the front crawl, butterfly, and more. It is faster than the best human swimmers."
xy12-28,Seel,Evolutions,False,https://images.pokemontcg.io/xy12/28_hires.png,XY,11/2/2016,Common,['Water'],['Basic'],80,12,"Covered with light blue fur, its hide is thick and tough. It is active in bitter cold of -40 degrees Fahrenheit."
xy12-29,Dewgong,Evolutions,False,https://images.pokemontcg.io/xy12/29_hires.png,XY,11/2/2016,Rare,['Water'],['Stage 1'],120,42,"Its body is covered with a pure white fur. The colder the weather, the more active it becomes."
xy12-30,Staryu,Evolutions,False,https://images.pokemontcg.io/xy12/30_hires.png,XY,11/2/2016,Common,['Water'],['Basic'],60,15,"It appears in large numbers by seashores. At night, its central core flashes with a red light."
xy12-31,Starmie,Evolutions,False,https://images.pokemontcg.io/xy12/31_hires.png,XY,11/2/2016,Rare,['Water'],['Stage 1'],90,28,"This Pokémon has a geometric body. Because of its body, the locals suspect that it is an alien creature."
xy12-33,Magikarp,Evolutions,False,https://images.pokemontcg.io/xy12/33_hires.png,XY,11/2/2016,Common,['Water'],['Basic'],30,8,It is virtually worthless in terms of both power and speed. It is the most weak and pathetic Pokémon in the world.
xy12-34,Gyarados,Evolutions,False,https://images.pokemontcg.io/xy12/34_hires.png,XY,11/2/2016,Rare Holo,['Water'],['Stage 1'],130,41,It has an extremely aggressive nature. The Hyper Beam it shoots from its mouth totally incinerates all targets.
xy12-35,Pikachu,Evolutions,False,https://images.pokemontcg.io/xy12/35_hires.png,XY,11/2/2016,Common,['Lightning'],['Basic'],60,12,"It has small electric sacs on both its cheeks. If threatened, it looses electric charges from the sacs."
xy12-36,Raichu,Evolutions,False,https://images.pokemontcg.io/xy12/36_hires.png,XY,11/2/2016,Rare Holo,['Lightning'],['Stage 1'],100,40,"Its electric charges can reach even 100,000 volts. Careless contact can cause even an Indian elephant to faint."
xy12-37,Magnemite,Evolutions,False,https://images.pokemontcg.io/xy12/37_hires.png,XY,11/2/2016,Common,['Lightning'],['Basic'],50,13,It moves while constantly hovering. It discharges Thunder Wave and so on from the units at its sides.
xy12-38,Magneton,Evolutions,False,https://images.pokemontcg.io/xy12/38_hires.png,XY,11/2/2016,Rare Holo,['Lightning'],['Stage 1'],80,30,A linked cluster formed of several Magnemite. It discharges powerful magnetic waves at high voltage.
xy12-39,Voltorb,Evolutions,False,https://images.pokemontcg.io/xy12/39_hires.png,XY,11/2/2016,Common,['Lightning'],['Basic'],60,10,A life-form whose identity is unknown. It is said to Screech or suddenly Self-Destruct.
xy12-40,Electrode,Evolutions,False,https://images.pokemontcg.io/xy12/40_hires.png,XY,11/2/2016,Rare,['Lightning'],['Stage 1'],80,40,"It explodes in response to even minor stimuli. It is feared, with the nickname of ""The Bomb Ball."""
xy12-41,Electabuzz,Evolutions,False,https://images.pokemontcg.io/xy12/41_hires.png,XY,11/2/2016,Common,['Lightning'],['Basic'],70,35,It loves to feed on strong electricity. It occasionally appears around large power plants and so on.
xy12-42,Zapdos,Evolutions,False,https://images.pokemontcg.io/xy12/42_hires.png,XY,11/2/2016,Rare Holo,['Lightning'],['Basic'],110,64,"One of the legendary bird Pokémon. While it is flying, it makes crackling and snapping sounds."
xy12-43,Nidoran ♂,Evolutions,False,https://images.pokemontcg.io/xy12/43_hires.png,XY,11/2/2016,Common,['Psychic'],['Basic'],60,20,Its large ears are flapped like wings when it is listening to distant sounds. It extends toxic barbs when angered.
xy12-44,Nidorino,Evolutions,False,https://images.pokemontcg.io/xy12/44_hires.png,XY,11/2/2016,Uncommon,['Psychic'],['Stage 1'],90,25,"It is easily angered. By swinging its well-developed horn wildly, it can even punch through diamond."
xy12-45,Nidoking,Evolutions,False,https://images.pokemontcg.io/xy12/45_hires.png,XY,11/2/2016,Rare Holo,['Psychic'],['Stage 2'],150,48,It is recognized by its rock-hard hide and its extended horn. Be careful with the horn as it contains venom.
xy12-47,Gastly,Evolutions,False,https://images.pokemontcg.io/xy12/47_hires.png,XY,11/2/2016,Common,['Psychic'],['Basic'],40,8,A being that exists as a thin gas. It can topple an Indian elephant by enveloping the prey in two seconds.
xy12-48,Haunter,Evolutions,False,https://images.pokemontcg.io/xy12/48_hires.png,XY,11/2/2016,Uncommon,['Psychic'],['Stage 1'],70,22,"If you get the feeling of being watched in darkness when nobody is around, Haunter is there."
xy12-49,Drowzee,Evolutions,False,https://images.pokemontcg.io/xy12/49_hires.png,XY,11/2/2016,Common,['Psychic'],['Basic'],60,12,"A descendant of the legendary animal baku, which is said to eat dreams. It is skilled at hypnotism."
xy12-50,Koffing,Evolutions,False,https://images.pokemontcg.io/xy12/50_hires.png,XY,11/2/2016,Uncommon,['Psychic'],['Basic'],60,13,"Its thin, balloon-like body is inflated by horribly toxic gases. It reeks when it is nearby."
xy12-51,Mewtwo,Evolutions,False,https://images.pokemontcg.io/xy12/51_hires.png,XY,11/2/2016,Rare,['Psychic'],['Basic'],130,53,A Pokémon whose genetic code was repeatedly recombined for research. It turned vicious as a result.
xy12-53,Mew,Evolutions,False,https://images.pokemontcg.io/xy12/53_hires.png,XY,11/2/2016,Rare Holo,['Psychic'],['Basic'],40,8,So rare that it is still said to be a mirage by many experts. Only a few people have seen it worldwide.
xy12-54,Sandshrew,Evolutions,False,https://images.pokemontcg.io/xy12/54_hires.png,XY,11/2/2016,Common,['Fighting'],['Basic'],60,12,"It burrows and lives underground. If threatened, it curls itself up into a ball for protection."
xy12-55,Diglett,Evolutions,False,https://images.pokemontcg.io/xy12/55_hires.png,XY,11/2/2016,Common,['Fighting'],['Basic'],40,8,"It burrows through the ground at a shallow depth. It leaves raised earth in its wake, making it easy to spot."
xy12-56,Dugtrio,Evolutions,False,https://images.pokemontcg.io/xy12/56_hires.png,XY,11/2/2016,Rare,['Fighting'],['Stage 1'],90,36,"In battle, it digs through the ground and strikes the unsuspecting foe from an unexpected direction."
xy12-57,Machop,Evolutions,False,https://images.pokemontcg.io/xy12/57_hires.png,XY,11/2/2016,Common,['Fighting'],['Basic'],70,20,"Its whole body is composed of muscles. Even though it's the size of a human child, it can hurl 100 grown-ups."
xy12-58,Machoke,Evolutions,False,https://images.pokemontcg.io/xy12/58_hires.png,XY,11/2/2016,Uncommon,['Fighting'],['Stage 1'],90,40,Its formidable body never gets tired. It helps people by doing work such as the moving of heavy goods.
xy12-59,Machamp,Evolutions,False,https://images.pokemontcg.io/xy12/59_hires.png,XY,11/2/2016,Rare Holo,['Fighting'],['Stage 2'],160,67,"Its four ruggedly developed arms can launch a flurry of 1,000 punches in just two seconds."
xy12-61,Onix,Evolutions,False,https://images.pokemontcg.io/xy12/61_hires.png,XY,11/2/2016,Common,['Fighting'],['Basic'],100,12,It usually lives underground. It searches for food while boring its way through the ground at 50 miles per hour.
xy12-62,Hitmonchan,Evolutions,False,https://images.pokemontcg.io/xy12/62_hires.png,XY,11/2/2016,Rare Holo,['Fighting'],['Basic'],90,33,The spirit of a pro boxer has infused this Pokémon. It throws punches that are faster than a bullet train.
xy12-63,Clefairy,Evolutions,False,https://images.pokemontcg.io/xy12/63_hires.png,XY,11/2/2016,Rare Holo,['Fairy'],['Basic'],40,14,"Its adorable appearance makes it popular as a pet. However, it is rare and difficult to find."
xy12-66,Rattata,Evolutions,False,https://images.pokemontcg.io/xy12/66_hires.png,XY,11/2/2016,Common,['Colorless'],['Basic'],40,9,"Its fangs are long and very sharp. They grow continuously, so it gnaws on hard things to whittle them down."
xy12-67,Raticate,Evolutions,False,https://images.pokemontcg.io/xy12/67_hires.png,XY,11/2/2016,Rare,['Colorless'],['Stage 1'],60,41,"Its rear feet have three toes each. They are webbed, enabling it to swim across rivers."
xy12-68,Farfetch'd,Evolutions,False,https://images.pokemontcg.io/xy12/68_hires.png,XY,11/2/2016,Rare,['Colorless'],['Basic'],70,20,It always walks about with a plant stalk clamped in its beak. The stalk is used for building its nest.
xy12-69,Doduo,Evolutions,False,https://images.pokemontcg.io/xy12/69_hires.png,XY,11/2/2016,Common,['Colorless'],['Basic'],60,10,A two-headed Pokémon that was discovered as a sudden mutation. It runs at a pace of over 60 miles per hour.
xy12-70,Chansey,Evolutions,False,https://images.pokemontcg.io/xy12/70_hires.png,XY,11/2/2016,Rare Holo,['Colorless'],['Basic'],120,55,It lays several eggs a day. The eggs are apparently rich in nutrients and extremely delicious.
xy12-71,Porygon,Evolutions,False,https://images.pokemontcg.io/xy12/71_hires.png,XY,11/2/2016,Uncommon,['Colorless'],['Basic'],60,12,"Using the most advanced technologies, scientists finally succeeded in making the first artificial Pokémon."
xy12-110,Flying Pikachu,Evolutions,False,https://images.pokemontcg.io/xy12/110_hires.png,XY,11/2/2016,Rare Secret,['Lightning'],['Basic'],40,12,"By learning how to fly, Pikachu overcame its weakness to Fighting Pokémon."
xy12-111,Surfing Pikachu,Evolutions,False,https://images.pokemontcg.io/xy12/111_hires.png,XY,11/2/2016,Rare Secret,['Lightning'],['Basic'],50,13,"One summer, a group of Pikachu was found riding the waves at the local beach."
swshp-SWSH137,Light Toxtricity,SWSH Black Star Promos,False,https://images.pokemontcg.io/swshp/SWSH137_hires.png,Sword & Shield,11/15/2019,Promo,['Lightning'],['Stage 1'],120,65,"When this Pokémon sounds as if it's strumming a guitar, it's actually clawing at the protrusions on its chest to generate electricity."
cel25c-2_A,Blastoise,Celebrations: Classic Collection,False,https://images.pokemontcg.io/cel25c/2_A_hires.png,Sword & Shield,10/8/2021,Classic Collection,['Water'],['Stage 2'],100,52,A brutal Pokémon with pressurized water jets on its shell. They are used for high-speed tackles.
cel25c-4_A,Charizard,Celebrations: Classic Collection,False,https://images.pokemontcg.io/cel25c/4_A_hires.png,Sword & Shield,10/8/2021,Classic Collection,['Fire'],['Stage 2'],120,76,Spits fire that is hot enough to melt boulders. Known to unintentionally cause forest fires.
cel25c-8_A,Dark Gyarados,Celebrations: Classic Collection,False,https://images.pokemontcg.io/cel25c/8_A_hires.png,Sword & Shield,10/8/2021,Classic Collection,['Water'],['Stage 1'],70,31,"Normally found only in the deep ocean, it has recently been seen in shallow waters as well."
cel25c-15_A1,Venusaur,Celebrations: Classic Collection,False,https://images.pokemontcg.io/cel25c/15_A_hires.png,Sword & Shield,10/8/2021,Classic Collection,['Grass'],['Stage 2'],100,67,This plant blooms when it is absorbing solar energy. It stays on the move to seek sunlight.
cel25c-20_A,Cleffa,Celebrations: Classic Collection,False,https://images.pokemontcg.io/cel25c/20_A_hires.png,Sword & Shield,10/8/2021,Classic Collection,['Colorless'],['Baby'],30,6,"Because of its unusual, star-like silhouette, people believe that it came here on a meteor."
cel25c-24_A,_____'s Pikachu,Celebrations: Classic Collection,False,https://images.pokemontcg.io/cel25c/24_A_hires.png,Sword & Shield,10/8/2021,Classic Collection,['Lightning'],['Basic'],50,17,Your Birthdate: ______________________________
cel25c-66_A,Shining Magikarp,Celebrations: Classic Collection,False,https://images.pokemontcg.io/cel25c/66_A_hires.png,Sword & Shield,10/8/2021,Classic Collection,['Water'],['Basic'],30,45,"An underpowered, pathetic Pokémon. It may jump high on rare occasions, but never more than seven feet."
